area_code,area_name,total_persons_health,n_very_good,n_good,n_fair,n_bad,n_very_bad,pct_very_good,pct_good,pct_fair,pct_bad,pct_very_bad,n_bad_or_very_bad,pct_bad_or_very_bad,total_persons_econ,n_active_total,n_employee_part_time,n_employee_full_time,n_self_emp_with_employees_part_time,n_self_emp_with_employees_full_time,n_self_emp_without_employees_part_time,n_self_emp_without_employees_full_time,n_unemployed,n_full_time_student_active,n_inactive_total,n_retired,n_student_inactive,n_looking_after_home_family,n_long_term_sick_disabled,n_other_inactive,pct_active_total,pct_employee_part_time,pct_employee_full_time,pct_self_emp_with_employees_part_time,pct_self_emp_with_employees_full_time,pct_self_emp_without_employees_part_time,pct_self_emp_without_employees_full_time,pct_unemployed,pct_full_time_student_active,pct_inactive_total,pct_retired,pct_student_inactive,pct_looking_after_home_family,pct_long_term_sick_disabled,pct_other_inactive,pct_unemployed_of_total,total_persons_qual,n_no_qualifications,n_level_1,n_level_2,n_apprenticeship,n_level_3,n_level_4_and_above,n_other_qualifications,pct_no_qualifications,pct_level_1,pct_level_2,pct_apprenticeship,pct_level_3,pct_level_4_and_above,pct_other_qualifications,total_households_housing,n_owned_total,n_owned_outright,n_owned_mortgage_loan,n_shared_ownership,n_social_rented_total,n_social_rented_council,n_social_rented_other,n_private_rented_total,n_private_rented_landlord_agency,n_private_rented_employer,n_private_rented_relative_friend,n_private_rented_other,n_living_rent_free,pct_owned_total,pct_owned_outright,pct_owned_mortgage_loan,pct_shared_ownership,pct_social_rented_total,pct_social_rented_council,pct_social_rented_other,pct_private_rented_total,pct_private_rented_landlord_agency,pct_private_rented_employer,pct_private_rented_relative_friend,pct_private_rented_other,pct_living_rent_free
E06000047,County Durham UA,513242,217373,171564,82404,32568,9333,42.4,33.4,16.1,6.3,1.8,41901,8.1,383796,247101,50595,143922,1052,5717,5799,12741,17013,10262,136695,65444,23837,14190,24887,8337,64.4,13.2,37.5,0.3,1.5,1.5,3.3,4.4,2.7,35.6,17.1,6.2,3.7,6.5,2.2,4.432823687584029,425258,116948,57032,67905,17694,57957,91249,16473,27.5,13.4,16.0,4.2,13.6,21.5,3.9,223803,147347,69435,77912,488,45004,28559,16445,28142,25498,185,2121,338,2822,65.8,31.0,34.8,0.2,20.1,12.8,7.3,12.6,11.4,0.1,0.9,0.2,1.3
E06000005,Darlington UA,105564,47046,37199,15116,4763,1440,44.6,35.2,14.3,4.5,1.4,6203,5.9,76635,53443,11555,30337,234,1254,1289,2818,4002,1954,23192,12214,2742,3081,3737,1418,69.7,15.1,39.6,0.3,1.6,1.7,3.7,5.2,2.5,30.3,15.9,3.6,4.0,4.9,1.9,5.222156977882169,85357,21179,11445,13568,4350,10883,20244,3688,24.8,13.4,15.9,5.1,12.7,23.7,4.3,46670,30289,13810,16479,178,7228,5238,1990,8513,7758,112,546,97,462,64.9,29.6,35.3,0.4,15.5,11.2,4.3,18.2,16.6,0.2,1.2,0.2,1.0
E06000001,Hartlepool UA,92028,39816,30117,14607,5789,1699,43.3,32.7,15.9,6.3,1.8,7488,8.1,66804,43513,10092,22635,212,846,892,1855,5194,1787,23291,10621,3042,3265,4733,1630,65.1,15.1,33.9,0.3,1.3,1.3,2.8,7.8,2.7,34.9,15.9,4.6,4.9,7.1,2.4,7.774983533920124,74228,22758,10057,11992,4076,9276,13063,3006,30.7,13.5,16.2,5.5,12.5,17.6,4.0,40434,24194,11090,13104,200,9515,4016,5499,5971,5525,26,349,71,554,59.8,27.4,32.4,0.5,23.5,9.9,13.6,14.8,13.7,0.1,0.9,0.2,1.4
E06000002,Middlesbrough UA,138412,62855,45295,19719,8001,2542,45.4,32.7,14.2,5.8,1.8,10543,7.6,100551,63582,15063,31301,300,1068,1331,2472,7631,4416,36969,13922,7453,5569,6841,3184,63.2,15.0,31.1,0.3,1.1,1.3,2.5,7.6,4.4,36.8,13.8,7.4,5.5,6.8,3.2,7.589183598372965,110409,33002,15053,16891,4874,14542,20472,5575,29.9,13.6,15.3,4.4,13.2,18.5,5.0,57203,32723,15200,17523,336,13654,6049,7605,9509,8648,98,570,193,981,57.2,26.6,30.6,0.6,23.9,10.6,13.3,16.6,15.1,0.2,1.0,0.3,1.7
E06000048,Northumberland UA,316028,138990,108458,48580,15641,4359,44.0,34.3,15.4,4.9,1.4,20000,6.300000000000001,233224,158268,34368,86380,993,5351,5151,10568,10329,5128,74956,43897,8108,8368,10321,4262,67.9,14.7,37.0,0.4,2.3,2.2,4.5,4.4,2.2,32.1,18.8,3.5,3.6,4.4,1.8,4.428789489932425,262162,62584,35791,43363,11823,31650,67024,9927,23.9,13.7,16.5,4.5,12.1,25.6,3.8,138534,91207,46086,45121,510,25841,14820,11021,18417,16225,434,1388,370,2559,65.8,33.3,32.6,0.4,18.7,10.7,8.0,13.3,11.7,0.3,1.0,0.3,1.8
E06000003,Redcar and Cleveland UA,135177,57285,45844,21449,8184,2415,42.4,33.9,15.9,6.1,1.8,10599,7.899999999999999,99177,63530,15322,33372,285,1235,1436,2908,6533,2439,35647,19206,4142,4361,5869,2069,64.1,15.4,33.6,0.3,1.2,1.4,2.9,6.6,2.5,35.9,19.4,4.2,4.4,5.9,2.1,6.587212761023221,111011,31550,14947,18225,6366,14572,21013,4338,28.4,13.5,16.4,5.7,13.1,18.9,3.9,59605,39705,19806,19899,256,11568,5999,5569,7434,6698,55,578,103,642,66.6,33.2,33.4,0.4,19.4,10.1,9.3,12.5,11.2,0.1,1.0,0.2,1.1
E06000004,Stockton-on-Tees UA,191610,88811,64282,26385,9296,2836,46.3,33.5,13.8,4.9,1.5,12132,6.4,140654,96259,22070,52927,410,2017,2119,4395,8075,4246,44395,20767,7277,5911,6861,3579,68.4,15.7,37.6,0.3,1.4,1.5,3.1,5.7,3.0,31.6,14.8,5.2,4.2,4.9,2.5,5.74103829254767,154503,36728,21465,26049,8085,20952,35250,5974,23.8,13.9,16.9,5.2,13.6,22.8,3.9,79159,54225,23285,30940,255,13625,7285,6340,10387,9417,41,788,141,667,68.5,29.4,39.1,0.3,17.2,9.2,8.0,13.1,11.9,0.1,1.0,0.2,0.8
E08000020,Gateshead,200214,85320,67807,31158,12152,3777,42.6,33.9,15.6,6.1,1.9,15929,8.0,148079,100184,21023,58988,351,1887,2059,4509,7419,3948,47895,23531,6832,5670,8844,3018,67.7,14.2,39.8,0.2,1.3,1.4,3.0,5.0,2.7,32.3,15.9,4.6,3.8,6.0,2.0,5.010163493810736,164716,46192,23592,25601,8563,18611,35409,6748,28.0,14.3,15.5,5.2,11.3,21.5,4.1,89154,51915,23081,28834,363,24941,19985,4956,11125,10130,47,844,104,810,58.2,25.9,32.3,0.4,28.0,22.4,5.6,12.5,11.4,0.1,0.9,0.1,0.9
E08000021,Newcastle upon Tyne,280177,133933,89096,38018,14793,4337,47.8,31.8,13.6,5.3,1.5,19130,6.8,212864,133848,25835,69811,675,3017,3204,6236,10652,14418,79016,24571,29253,8868,11509,4815,62.9,12.1,32.8,0.3,1.4,1.5,2.9,5.0,6.8,37.1,11.5,13.7,4.2,5.4,2.3,5.00413409500902,232203,54885,26240,29055,7928,39659,63073,11363,23.6,11.3,12.5,3.4,17.1,27.2,4.9,117153,57955,26258,31697,489,34850,27340,7510,22318,20462,113,1236,507,1541,49.5,22.4,27.1,0.4,29.7,23.3,6.4,19.1,17.5,0.1,1.1,0.4,1.3
E08000022,North Tyneside,200801,90031,66955,30156,10638,3021,44.8,33.3,15.0,5.3,1.5,13659,6.8,147889,104242,21815,61349,354,2074,2274,4933,7304,4139,43647,23497,5310,5048,7354,2438,70.5,14.8,41.5,0.2,1.4,1.5,3.3,4.9,2.8,29.5,15.9,3.6,3.4,5.0,1.6,4.938839264583573,165088,39157,23183,26536,8685,19623,41734,6170,23.7,14.0,16.1,5.3,11.9,25.3,3.7,91295,59136,25611,33525,374,19677,14610,5067,11300,10146,77,969,108,808,64.8,28.1,36.7,0.4,21.6,16.0,5.6,12.4,11.1,0.1,1.1,0.1,0.9
E08000023,South Tyneside,148127,63345,48861,23700,9394,2827,42.8,33.0,16.0,6.3,1.9,12221,8.2,108981,72645,15480,40838,289,1379,1287,2993,7145,3234,36336,17355,4611,4696,7234,2440,66.7,14.2,37.5,0.3,1.3,1.2,2.7,6.6,3.0,33.3,15.9,4.2,4.3,6.6,2.2,6.556188693441976,122200,34189,17799,19806,7473,14679,23514,4740,28.0,14.6,16.2,6.1,12.0,19.2,3.9,67167,38333,17003,21330,297,21204,16967,4237,6758,6040,41,597,80,575,57.1,25.3,31.8,0.4,31.6,25.3,6.3,10.1,9.0,0.1,0.9,0.1,0.9
E08000024,Sunderland,275506,117365,90557,43951,18155,5478,42.6,32.9,16.0,6.6,2.0,23633,8.6,205552,135467,29186,75899,586,2529,2788,5574,12016,6889,70085,32215,10778,8666,14084,4342,65.9,14.2,36.9,0.3,1.2,1.4,2.7,5.8,3.4,34.1,15.7,5.2,4.2,6.9,2.1,5.845722736825718,227314,66036,35248,36935,11411,27289,41337,9058,29.1,15.5,16.2,5.0,12.0,18.2,4.0,119758,71566,32419,39147,352,32399,16725,15674,14552,13077,91,1053,331,889,59.8,27.1,32.7,0.3,27.1,14.0,13.1,12.2,10.9,0.1,0.9,0.3,0.7
E06000008,Blackburn with Darwen UA,147489,66991,49010,20725,8428,2335,45.4,33.2,14.1,5.7,1.6,10763,7.300000000000001,104417,67033,14535,35597,520,1703,2050,3724,5575,3329,37384,13248,6065,7061,7378,3632,64.2,13.9,34.1,0.5,1.6,2.0,3.6,5.3,3.2,35.8,12.7,5.8,6.8,7.1,3.5,5.339168909277225,113122,32485,16211,17221,4428,12923,22416,7438,28.7,14.3,15.2,3.9,11.4,19.8,6.6,57353,36793,18039,18754,290,10391,3228,7163,8993,8113,72,618,190,886,64.2,31.5,32.7,0.5,18.1,5.6,12.5,15.7,14.1,0.1,1.1,0.3,1.5
E06000009,Blackpool UA,142065,56600,48022,23977,10346,3120,39.8,33.8,16.9,7.3,2.2,13466,9.5,103813,68540,14836,34230,349,1646,2415,5550,6337,3177,35273,16807,3809,3943,8228,2486,66.0,14.3,33.0,0.3,1.6,2.3,5.3,6.1,3.1,34.0,16.2,3.7,3.8,7.9,2.4,6.1042451330758185,116699,36559,18129,19993,4886,13546,18098,5488,31.3,15.5,17.1,4.2,11.6,15.5,4.7,64367,39650,19318,20332,239,6999,4823,2176,16770,15549,62,1062,97,709,61.6,30.0,31.6,0.4,10.9,7.5,3.4,26.1,24.2,0.1,1.6,0.2,1.1
E06000049,Cheshire East UA,370127,181595,123065,47306,14247,3914,49.1,33.2,12.8,3.8,1.1,18161,4.9,270953,191253,38940,106863,1205,6533,7713,13605,8742,7652,79700,46446,11341,9591,8327,3995,70.6,14.4,39.4,0.4,2.4,2.8,5.0,3.2,2.8,29.4,17.1,4.2,3.5,3.1,1.5,3.2263898166840743,304374,59806,36823,48576,12395,37854,97248,11672,19.6,12.1,16.0,4.1,12.4,32.0,3.8,159441,118766,59846,58920,779,18141,4285,13856,19938,18244,223,1200,271,1817,74.5,37.5,37.0,0.5,11.4,2.7,8.7,12.5,11.4,0.1,0.8,0.2,1.1
E06000050,Cheshire West and Chester UA,329608,159777,108967,42604,14259,4001,48.5,33.1,12.9,4.3,1.2,18260,5.5,243155,170778,36206,95642,887,4729,5711,10529,8949,8125,72377,39893,10746,8620,9574,3544,70.2,14.9,39.3,0.4,1.9,2.3,4.3,3.7,3.3,29.8,16.4,4.4,3.5,3.9,1.5,3.680368489235261,271473,56940,36010,42655,10727,35042,79712,10387,21.0,13.3,15.7,4.0,12.9,29.4,3.8,141442,100105,49129,50976,1088,20808,10482,10326,17734,16021,313,1100,300,1707,70.8,34.7,36.0,0.8,14.7,7.4,7.3,12.5,11.3,0.2,0.8,0.2,1.2
E06000006,Halton UA,125746,58684,39693,17504,7732,2133,46.7,31.6,13.9,6.1,1.7,9865,7.8,92708,63411,13102,37219,194,1056,1230,2940,5151,2519,29297,13332,3858,3900,6451,1756,68.4,14.1,40.1,0.2,1.1,1.3,3.2,5.6,2.7,31.6,14.4,4.2,4.2,7.0,1.9,5.556154808646503,100819,27126,16975,18702,3839,12618,17792,3767,26.9,16.8,18.6,3.8,12.5,17.6,3.7,53312,33796,14436,19360,322,13441,2502,10939,5212,4752,14,376,70,541,63.4,27.1,36.3,0.6,25.2,4.7,20.5,9.8,8.9,0.0,0.7,0.1,1.0
E06000007,Warrington UA,202228,100734,66223,24446,8466,2359,49.8,32.7,12.1,4.2,1.2,10825,5.4,149461,107765,21782,63875,472,2389,2886,5870,5961,4530,41696,22189,5441,4917,6063,3086,72.1,14.6,42.7,0.3,1.6,1.9,3.9,4.0,3.0,27.9,14.8,3.6,3.3,4.1,2.1,3.988331404179017,163477,33815,23846,27000,6699,20593,44870,6654,20.7,14.6,16.5,4.1,12.6,27.4,4.1,85140,60915,27206,33709,637,13318,6147,7171,9549,8683,52,718,96,721,71.5,32.0,39.6,0.7,15.6,7.2,8.4,11.2,10.2,0.1,0.8,0.1,0.8
E07000026,Allerdale,96422,42887,33297,14210,4762,1266,44.5,34.5,14.7,4.9,1.3,6028,6.2,70978,48904,11615,25912,353,1771,1543,3639,2553,1518,22074,13422,2128,2274,3215,1035,68.9,16.4,36.5,0.5,2.5,2.2,5.1,3.6,2.1,31.1,18.9,3.0,3.2,4.5,1.5,3.596889176928062,80155,21636,10960,12969,4020,9236,18254,3080,27.0,13.7,16.2,5.0,11.5,22.8,3.8,42345,29217,16686,12531,200,8088,1123,6965,4142,3595,68,397,82,698,69.0,39.4,29.6,0.5,19.1,2.7,16.4,9.8,8.5,0.2,0.9,0.2,1.6
E07000027,Barrow-in-Furness,69087,29538,22865,10898,4542,1244,42.8,33.1,15.8,6.6,1.8,5786,8.4,51103,33897,8470,18723,171,647,841,1496,2365,1184,17206,9168,1613,1813,3720,892,66.3,16.6,36.6,0.3,1.3,1.6,2.9,4.6,2.3,33.7,17.9,3.2,3.5,7.3,1.7,4.627908341976009,56796,14422,7710,8912,5229,7791,10785,1947,25.4,13.6,15.7,9.2,13.7,19.0,3.4,31224,22938,11423,11515,36,3454,2704,750,4442,4005,49,332,56,354,73.5,36.6,36.9,0.1,11.1,8.7,2.4,14.2,12.8,0.2,1.1,0.2,1.1
E07000028,Carlisle,107524,48593,37494,15030,4964,1443,45.2,34.9,14.0,4.6,1.3,6407,5.9,79531,57210,13295,31161,318,1659,1514,3820,2847,2596,22321,12331,2778,2314,3711,1187,71.9,16.7,39.2,0.4,2.1,1.9,4.8,3.6,3.3,28.1,15.5,3.5,2.9,4.7,1.5,3.579736203492977,89042,22164,13199,14560,4103,11177,19766,4073,24.9,14.8,16.4,4.6,12.6,22.2,4.6,48342,32999,16754,16245,332,7394,1283,6111,6914,6221,104,493,96,703,68.3,34.7,33.6,0.7,15.3,2.7,12.6,14.3,12.9,0.2,1.0,0.2,1.5
E07000029,Copeland,70603,31329,23938,10516,3760,1060,44.4,33.9,14.9,5.3,1.5,4820,6.8,52702,35335,7984,20525,160,847,753,1915,2235,916,17367,9657,1596,1922,2872,1320,67.0,15.1,38.9,0.3,1.6,1.4,3.6,4.2,1.7,33.0,18.3,3.0,3.6,5.4,2.5,4.240825775112899,58613,15800,8335,9178,3439,7289,12307,2265,27.0,14.2,15.7,5.9,12.4,21.0,3.9,30536,21671,11315,10356,96,5668,2172,3496,2665,2315,51,243,56,436,71.0,37.1,33.9,0.3,18.6,7.1,11.4,8.7,7.6,0.2,0.8,0.2,1.4
E07000030,Eden,52564,24210,18810,7195,1875,474,46.1,35.8,13.7,3.6,0.9,2349,4.5,38735,28413,6191,13651,254,1517,1434,3480,822,1064,10322,6822,1070,923,1067,440,73.4,16.0,35.2,0.7,3.9,3.7,9.0,2.1,2.7,26.6,17.6,2.8,2.4,2.8,1.1,2.122111785207177,43976,9968,5914,7253,1637,5286,12059,1859,22.7,13.4,16.5,3.7,12.0,27.4,4.2,23043,16258,10048,6210,211,2321,307,2014,3685,3216,103,310,56,568,70.6,43.6,26.9,0.9,10.1,1.3,8.7,16.0,14.0,0.4,1.3,0.2,2.5
E07000031,South Lakeland,103658,48461,36385,14117,3701,994,46.8,35.1,13.6,3.6,1.0,4695,4.6,75831,53396,12015,26863,456,2423,2699,5524,1524,1892,22435,15457,2307,1769,1962,940,70.4,15.8,35.4,0.6,3.2,3.6,7.3,2.0,2.5,29.6,20.4,3.0,2.3,2.6,1.2,2.0097321675831785,87777,16583,10532,13516,4049,10377,29277,3443,18.9,12.0,15.4,4.6,11.8,33.4,3.9,46552,33967,20793,13174,231,4853,3172,1681,6633,5831,176,530,96,868,73.0,44.7,28.3,0.5,10.4,6.8,3.6,14.2,12.5,0.4,1.1,0.2,1.9
E08000001,Bolton,276786,125548,93765,39139,14465,3869,45.4,33.9,14.1,5.2,1.4,18334,6.6,200723,134933,27798,74631,839,3394,4086,8029,9913,6243,65790,29514,10318,9504,11574,4880,67.2,13.8,37.2,0.4,1.7,2.0,4.0,4.9,3.1,32.8,14.7,5.1,4.7,5.8,2.4,4.938646791847472,219710,57888,31152,34731,9396,26408,48688,11447,26.3,14.2,15.8,4.3,12.0,22.2,5.2,116371,74170,35378,38792,605,23825,16575,7250,15930,14555,73,1094,208,1841,63.7,30.4,33.3,0.5,20.5,14.2,6.2,13.7,12.5,0.1,0.9,0.2,1.6
E08000002,Bury,185060,87128,61634,25430,8539,2329,47.1,33.3,13.7,4.6,1.3,10868,5.9,134687,94680,19118,53953,533,2539,3129,6019,5769,3620,40007,19558,6074,5168,6596,2611,70.3,14.2,40.1,0.4,1.9,2.3,4.5,4.3,2.7,29.7,14.5,4.5,3.8,4.9,1.9,4.283264160609413,147935,33377,20823,25408,5235,18217,37989,6886,22.6,14.1,17.2,3.5,12.3,25.7,4.7,78113,54395,24839,29556,247,11703,7314,4389,10774,9859,44,780,91,994,69.6,31.8,37.8,0.3,15.0,9.4,5.6,13.8,12.6,0.1,1.0,0.1,1.3
E08000003,Manchester,503127,245334,159452,62651,27014,8676,48.8,31.7,12.5,5.4,1.7,35690,7.1000000000000005,382932,243224,41535,128930,1099,4060,6794,11675,21880,27251,139708,29179,53999,18697,25161,12672,63.5,10.8,33.7,0.3,1.1,1.8,3.0,5.7,7.1,36.5,7.6,14.1,4.9,6.6,3.3,5.713808195710988,405709,93765,44981,48749,6902,65100,117243,28969,23.1,11.1,12.0,1.7,16.0,28.9,7.1,204969,77395,31145,46250,1481,64682,27585,37097,58170,55043,167,2153,807,3241,37.8,15.2,22.6,0.7,31.6,13.5,18.1,28.4,26.9,0.1,1.1,0.4,1.6
E08000004,Oldham,224897,101526,74987,32778,12179,3427,45.1,33.3,14.6,5.4,1.5,15606,6.9,159765,106398,22171,58410,659,2581,3047,6147,8661,4722,53367,22426,8135,9038,9209,4559,66.6,13.9,36.6,0.4,1.6,1.9,3.8,5.4,3.0,33.4,14.0,5.1,5.7,5.8,2.9,5.421087221857103,174438,51620,25521,27578,7325,20422,32458,9514,29.6,14.6,15.8,4.2,11.7,18.6,5.5,89703,58259,27193,31066,352,18918,8708,10210,10944,9676,57,1018,193,1230,64.9,30.3,34.6,0.4,21.1,9.7,11.4,12.2,10.8,0.1,1.1,0.2,1.4
E08000005,Rochdale,211699,94233,70158,31303,12453,3552,44.5,33.1,14.8,5.9,1.7,16005,7.6,152742,101003,20101,55604,629,2436,2982,6069,9047,4135,51739,20853,8025,7838,10446,4577,66.1,13.2,36.4,0.4,1.6,2.0,4.0,5.9,2.7,33.9,13.7,5.3,5.1,6.8,3.0,5.923059800185934,166916,47906,24521,27351,6122,19597,32371,9048,28.7,14.7,16.4,3.7,11.7,19.4,5.4,87552,54149,24334,29815,340,20247,13671,6576,11556,10511,51,864,130,1260,61.8,27.8,34.1,0.4,23.1,15.6,7.5,13.2,12.0,0.1,1.0,0.1,1.4
E08000006,Salford,233933,107689,75685,32849,13741,3969,46.0,32.4,14.0,5.9,1.7,17710,7.6,173117,118130,21676,67966,414,2114,2616,6228,9041,8075,54987,20950,10093,7021,11915,5008,68.2,12.5,39.3,0.2,1.2,1.5,3.6,5.2,4.7,31.8,12.1,5.8,4.1,6.9,2.9,5.2224795947249545,188780,51175,26189,29161,6337,23870,42103,9945,27.1,13.9,15.4,3.4,12.6,22.3,5.3,103556,52126,22603,29523,508,29819,18461,11358,19420,18224,81,872,243,1683,50.3,21.8,28.5,0.5,28.8,17.8,11.0,18.8,17.6,0.1,0.8,0.2,1.6
E08000007,Stockport,283275,135500,94251,37601,12505,3418,47.8,33.3,13.3,4.4,1.2,15923,5.6000000000000005,205310,146296,29946,83049,752,4049,4888,9975,8002,5635,59014,31395,8674,7139,8527,3279,71.3,14.6,40.5,0.4,2.0,2.4,4.9,3.9,2.7,28.7,15.3,4.2,3.5,4.2,1.6,3.897520822171351,229822,47430,30962,36785,9276,27896,68506,8967,20.6,13.5,16.0,4.0,12.1,29.8,3.9,121979,89316,42761,46555,987,16620,10577,6043,13852,12631,80,1001,140,1204,73.2,35.1,38.2,0.8,13.6,8.7,5.0,11.4,10.4,0.1,0.8,0.1,1.0
E08000008,Tameside,219324,96404,73918,33009,12492,3501,44.0,33.7,15.1,5.7,1.6,15993,7.300000000000001,161459,111016,21377,65546,470,2200,2757,6595,8052,4019,50443,23682,6865,6443,9970,3483,68.8,13.2,40.6,0.3,1.4,1.7,4.1,5.0,2.5,31.2,14.7,4.3,4.0,6.2,2.2,4.987024569705002,176616,49547,28347,30600,7886,21371,30994,7871,28.1,16.1,17.3,4.5,12.1,17.5,4.5,94953,60558,26688,33870,309,20438,4953,15485,12573,11345,63,960,205,1075,63.8,28.1,35.7,0.3,21.5,5.2,16.3,13.2,11.9,0.1,1.0,0.2,1.1
E08000009,Trafford,226578,115496,71694,27549,9273,2566,51.0,31.6,12.2,4.1,1.1,11839,5.199999999999999,162806,118064,22799,68201,657,3416,4132,7649,6136,5074,44742,21729,7200,6426,6499,2888,72.5,14.0,41.9,0.4,2.1,2.5,4.7,3.8,3.1,27.5,13.3,4.4,3.9,4.0,1.8,3.768902865987741,180754,33573,22490,28590,6165,21078,61051,7807,18.6,12.4,15.8,3.4,11.7,33.8,4.3,94484,65440,30322,35118,570,15485,4373,11112,12001,11173,52,656,120,988,69.3,32.1,37.2,0.6,16.4,4.6,11.8,12.7,11.8,0.1,0.7,0.1,1.0
E08000010,Wigan,317849,144283,103934,46797,18112,4723,45.4,32.7,14.7,5.7,1.5,22835,7.2,236495,162781,32880,94703,640,3324,4016,9465,11483,6270,73714,38211,8293,8302,14652,4256,68.8,13.9,40.0,0.3,1.4,1.7,4.0,4.9,2.7,31.2,16.2,3.5,3.5,6.2,1.8,4.85549377365272,257825,70486,39403,44174,12135,31368,50374,9885,27.3,15.3,17.1,4.7,12.2,19.5,3.8,136386,92559,42446,50113,331,25803,22152,3651,15875,14550,61,1139,125,1818,67.9,31.1,36.7,0.2,18.9,16.2,2.7,11.6,10.7,0.0,0.8,0.1,1.3
E07000117,Burnley,87059,37372,29286,13682,5213,1506,42.9,33.6,15.7,6.0,1.7,6719,7.7,63376,41879,9129,23187,209,857,1275,2250,3342,1630,21497,9745,2749,2876,4433,1694,66.1,14.4,36.6,0.3,1.4,2.0,3.6,5.3,2.6,33.9,15.4,4.3,4.5,7.0,2.7,5.273289573340065,69915,20512,10075,11046,3251,8606,13092,3333,29.3,14.4,15.8,4.6,12.3,18.7,4.8,37550,24408,11815,12593,79,5281,1418,3863,7267,6664,34,493,76,515,65.0,31.5,33.5,0.2,14.1,3.8,10.3,19.4,17.7,0.1,1.3,0.2,1.4
E07000118,Chorley,107155,51303,35705,14222,4623,1302,47.9,33.3,13.3,4.3,1.2,5925,5.5,79951,56645,11542,33167,282,1642,1678,3698,2588,2048,23306,12899,2590,2279,3262,2276,70.8,14.4,41.5,0.4,2.1,2.1,4.6,3.2,2.6,29.2,16.1,3.2,2.9,4.1,2.8,3.2369826518742726,87532,18594,11760,14210,4225,11052,24361,3330,21.2,13.4,16.2,4.8,12.6,27.8,3.8,44919,33783,15906,17877,283,5843,1376,4467,4587,4066,32,414,75,423,75.2,35.4,39.8,0.6,13.0,3.1,9.9,10.2,9.1,0.1,0.9,0.2,0.9
E07000119,Fylde,75757,33815,25591,11619,3692,1040,44.6,33.8,15.3,4.9,1.4,4732,6.300000000000001,54544,36447,7374,20222,259,1291,1387,2752,1687,1475,18097,11262,1785,1699,2161,1190,66.8,13.5,37.1,0.5,2.4,2.5,5.0,3.1,2.7,33.2,20.6,3.3,3.1,4.0,2.2,3.092915811088296,63757,13497,7638,10560,2678,7826,18982,2576,21.2,12.0,16.6,4.2,12.3,29.8,4.0,34885,25622,14214,11408,135,2607,499,2108,6066,5411,127,417,111,455,73.4,40.7,32.7,0.4,7.5,1.4,6.0,17.4,15.5,0.4,1.2,0.3,1.3
E07000120,Hyndburn,80734,34759,27610,12225,4800,1340,43.1,34.2,15.1,5.9,1.7,6140,7.6,58356,39118,7902,22029,204,881,1260,2387,2688,1767,19238,8803,2513,2600,3912,1410,67.0,13.5,37.7,0.3,1.5,2.2,4.1,4.6,3.0,33.0,15.1,4.3,4.5,6.7,2.4,4.606210158338475,64092,17942,8868,10400,3547,8043,12132,3160,28.0,13.8,16.2,5.5,12.5,18.9,4.9,34341,23238,11464,11774,84,4389,1367,3022,6235,5711,13,463,48,395,67.7,33.4,34.3,0.2,12.8,4.0,8.8,18.2,16.6,0.0,1.3,0.1,1.2
E07000121,Lancaster,138375,64577,46831,18960,6215,1792,46.7,33.8,13.7,4.5,1.3,8007,5.8,103296,67262,14852,34812,346,1784,2302,4402,3362,5402,36034,15718,11219,2915,4431,1751,65.1,14.4,33.7,0.3,1.7,2.2,4.3,3.3,5.2,34.9,15.2,10.9,2.8,4.3,1.7,3.2547242874845104,115405,23804,13178,17539,4231,20214,31396,5043,20.6,11.4,15.2,3.7,17.5,27.2,4.4,57822,39999,20890,19109,367,5762,3629,2133,10929,9915,87,796,131,765,69.2,36.1,33.0,0.6,10.0,6.3,3.7,18.9,17.1,0.2,1.4,0.2,1.3
E07000122,Pendle,89452,38965,30826,13431,4921,1309,43.6,34.5,15.0,5.5,1.5,6230,7.0,64440,42765,9036,23179,299,1229,1573,2649,3012,1788,21675,9753,2650,3700,3921,1651,66.4,14.0,36.0,0.5,1.9,2.4,4.1,4.7,2.8,33.6,15.1,4.1,5.7,6.1,2.6,4.674115456238361,71128,20031,9477,10758,3404,8914,14392,4152,28.2,13.3,15.1,4.8,12.5,20.2,5.8,37348,25580,13435,12145,73,4333,2104,2229,6760,6192,29,486,53,602,68.5,36.0,32.5,0.2,11.6,5.6,6.0,18.1,16.6,0.1,1.3,0.1,1.6
E07000123,Preston,140202,65276,47840,18585,6644,1857,46.6,34.1,13.3,4.7,1.3,8501,6.0,104085,70509,14188,38229,354,1528,1720,3331,4575,6584,33576,12147,8538,4579,5594,2718,67.7,13.6,36.7,0.3,1.5,1.7,3.2,4.4,6.3,32.3,11.7,8.2,4.4,5.4,2.6,4.395446029687275,113422,26601,14311,16410,4380,17171,27930,6619,23.5,12.6,14.5,3.9,15.1,24.6,5.8,57567,34909,16355,18554,397,11061,2259,8802,10365,9540,84,598,143,835,60.6,28.4,32.2,0.7,19.2,3.9,15.3,18.0,16.6,0.1,1.0,0.2,1.5
E07000124,Ribble Valley,57132,29415,18376,7049,1805,487,51.5,32.2,12.3,3.2,0.9,2292,4.1000000000000005,41285,29672,6023,16105,215,1466,1233,2570,852,1208,11613,7431,1504,979,1128,571,71.9,14.6,39.0,0.5,3.6,3.0,6.2,2.1,2.9,28.1,18.0,3.6,2.4,2.7,1.4,2.063703524282427,46552,8533,5175,7126,2339,5841,15817,1721,18.3,11.1,15.3,5.0,12.5,34.0,3.7,24045,18423,10086,8337,145,1836,365,1471,3278,2830,109,274,65,363,76.6,41.9,34.7,0.6,7.6,1.5,6.1,13.6,11.8,0.5,1.1,0.3,1.5
E07000125,Rossendale,67982,31438,22508,9603,3475,958,46.2,33.1,14.1,5.1,1.4,4433,6.5,50075,35186,6794,20067,191,1025,1238,2549,2090,1232,14889,7372,2148,1809,2715,845,70.3,13.6,40.1,0.4,2.0,2.5,5.1,4.2,2.5,29.7,14.7,4.3,3.6,5.4,1.7,4.17373939091363,54811,13130,7504,9068,2201,7146,13776,1986,24.0,13.7,16.5,4.0,13.0,25.1,3.6,29058,20250,9160,11090,87,4244,1416,2828,4106,3683,20,361,42,371,69.7,31.5,38.2,0.3,14.6,4.9,9.7,14.1,12.7,0.1,1.2,0.1,1.3
E07000126,South Ribble,109057,52009,37211,14240,4473,1124,47.7,34.1,13.1,4.1,1.0,5597,5.1,80458,58577,11969,35168,238,1389,1552,3500,2421,2340,21881,13286,2677,2136,2803,979,72.8,14.9,43.7,0.3,1.7,1.9,4.4,3.0,2.9,27.2,16.5,3.3,2.7,3.5,1.2,3.009023341370653,89163,18136,12038,14825,5165,12242,23537,3220,20.3,13.5,16.6,5.8,13.7,26.4,3.6,46102,36337,17189,19148,215,4845,353,4492,4308,3845,43,369,51,397,78.8,37.3,41.5,0.5,10.5,0.8,9.7,9.3,8.3,0.1,0.8,0.1,0.9
E07000127,West Lancashire,110685,52675,36226,14800,5380,1604,47.6,32.7,13.4,4.9,1.4,6984,6.300000000000001,81601,55680,11504,29658,377,1928,1768,3734,3180,3531,25921,13888,4668,2673,3515,1177,68.2,14.1,36.3,0.5,2.4,2.2,4.6,3.9,4.3,31.8,17.0,5.7,3.3,4.3,1.4,3.897011066040857,90712,21296,12150,14318,3600,12652,23000,3696,23.5,13.4,15.8,4.0,13.9,25.4,4.1,45381,33122,16272,16850,271,6656,5711,945,4744,4263,48,371,62,588,73.0,35.9,37.1,0.6,14.7,12.6,2.1,10.5,9.4,0.1,0.8,0.1,1.3
E07000128,Wyre,107749,46601,36224,17189,5944,1791,43.2,33.6,16.0,5.5,1.7,7735,7.2,77663,51450,11298,26923,342,1945,1974,4094,2464,2410,26213,16467,3010,2247,3443,1046,66.2,14.5,34.7,0.4,2.5,2.5,5.3,3.2,3.1,33.8,21.2,3.9,2.9,4.4,1.3,3.172681972110272,90467,23409,12155,15052,4370,10898,20793,3790,25.9,13.4,16.6,4.8,12.0,23.0,4.2,47281,36676,20423,16253,246,3401,522,2879,6397,5791,71,475,60,561,77.6,43.2,34.4,0.5,7.2,1.1,6.1,13.5,12.2,0.2,1.0,0.1,1.2
E08000011,Knowsley,145893,67153,43505,21420,10631,3184,46.0,29.8,14.7,7.3,2.2,13815,9.5,106155,69617,15173,38065,208,1083,1386,3541,6926,3235,36538,14415,5127,4822,9333,2841,65.6,14.3,35.9,0.2,1.0,1.3,3.3,6.5,3.0,34.4,13.6,4.8,4.5,8.8,2.7,6.524421835994536,117225,40647,17774,18907,4037,13788,18120,3952,34.7,15.2,16.1,3.4,11.8,15.5,3.4,61323,37896,16032,21864,314,16333,7479,8854,5980,5488,17,405,70,800,61.8,26.1,35.7,0.5,26.6,12.2,14.4,9.8,8.9,0.0,0.7,0.1,1.3
E08000012,Liverpool,466415,217977,142132,65422,31162,9722,46.7,30.5,14.0,6.7,2.1,40884,8.8,356876,226270,44816,116778,865,4092,4825,10894,23980,20020,130606,41070,36781,13683,28453,10619,63.4,12.6,32.7,0.2,1.1,1.4,3.1,6.7,5.6,36.6,11.5,10.3,3.8,8.0,3.0,6.719420751185286,388315,111532,48659,55019,9866,59067,87126,17046,28.7,12.5,14.2,2.5,15.2,22.4,4.4,206515,96947,43803,53144,1096,57485,9868,47617,48290,44912,194,1879,1305,2697,46.9,21.2,25.7,0.5,27.8,4.8,23.1,23.4,21.7,0.1,0.9,0.6,1.3
E08000014,Sefton,273790,124069,89115,40620,15549,4437,45.3,32.5,14.8,5.7,1.6,19986,7.300000000000001,198197,133012,29799,71019,638,3430,3995,8204,9708,6219,65185,34329,8676,6705,11612,3863,67.1,15.0,35.8,0.3,1.7,2.0,4.1,4.9,3.1,32.9,17.3,4.4,3.4,5.9,1.9,4.8981568843120735,226435,56921,31674,37522,8810,28214,54490,8804,25.1,14.0,16.6,3.9,12.5,24.1,3.9,117930,83137,42334,40803,664,17063,4911,12152,15804,14552,86,1019,147,1262,70.5,35.9,34.6,0.6,14.5,4.2,10.3,13.4,12.3,0.1,0.9,0.1,1.1
E08000013,St. Helens,175308,78620,55983,26198,11364,3143,44.8,31.9,14.9,6.5,1.8,14507,8.3,129584,86121,18169,49968,330,1679,1766,4246,6640,3323,43463,22144,5294,4971,8638,2416,66.5,14.0,38.6,0.3,1.3,1.4,3.3,5.1,2.6,33.5,17.1,4.1,3.8,6.7,1.9,5.124089393752315,143372,39950,20522,23930,6251,17408,29924,5387,27.9,14.3,16.7,4.4,12.1,20.9,3.8,75736,50952,25215,25737,427,15597,4590,11007,7736,7056,35,535,110,1024,67.3,33.3,34.0,0.6,20.6,6.1,14.5,10.2,9.3,0.0,0.7,0.1,1.4
E08000015,Wirral,319783,148028,102085,45687,18448,5535,46.3,31.9,14.3,5.8,1.7,23983,7.5,230851,153240,34513,83696,725,3839,4424,8346,11939,5758,77611,38761,10491,9046,14724,4589,66.4,15.0,36.3,0.3,1.7,1.9,3.6,5.2,2.5,33.6,16.8,4.5,3.9,6.4,2.0,5.171734148866585,260498,61014,35570,44986,11048,32688,65809,9383,23.4,13.7,17.3,4.2,12.5,25.3,3.6,140583,94843,46806,48037,713,21329,7266,14063,22275,20636,82,1351,206,1423,67.5,33.3,34.2,0.5,15.2,5.2,10.0,15.8,14.7,0.1,1.0,0.1,1.0
E06000011,East Riding of Yorkshire UA,334179,151003,116859,48307,13877,4133,45.2,35.0,14.5,4.2,1.2,18010,5.4,245594,168860,37856,90761,1087,6040,5863,11844,8795,6614,76734,47790,9149,7849,7720,4226,68.8,15.4,37.0,0.4,2.5,2.4,4.8,3.6,2.7,31.2,19.5,3.7,3.2,3.1,1.7,3.5811135451191807,278333,65035,36228,45111,14051,33672,72004,12232,23.4,13.0,16.2,5.0,12.1,25.9,4.4,143032,107706,56140,51566,433,13028,10453,2575,19648,17760,298,1336,254,2217,75.3,39.2,36.1,0.3,9.1,7.3,1.8,13.7,12.4,0.2,0.9,0.2,1.6
E06000010,"Kingston upon Hull, City of UA",256406,110555,89572,38102,14047,4130,43.1,34.9,14.9,5.5,1.6,18177,7.1,190610,128130,28041,68035,418,1808,2352,5236,15296,6944,62480,23025,13243,9482,11524,5206,67.2,14.7,35.7,0.2,0.9,1.2,2.7,8.0,3.6,32.8,12.1,6.9,5.0,6.0,2.7,8.0247626042705,208040,65851,30362,32099,8371,27284,31687,12386,31.7,14.6,15.4,4.0,13.1,15.2,6.0,112596,55785,22355,33430,505,31634,23838,7796,22984,21414,63,1125,382,1688,49.5,19.9,29.7,0.4,28.1,21.2,6.9,20.4,19.0,0.1,1.0,0.3,1.5
E06000012,North East Lincolnshire UA,159616,70242,55935,23779,7507,2153,44.0,35.0,14.9,4.7,1.3,9660,6.0,115823,79227,19086,42039,306,1581,1763,3834,7486,3132,36596,18018,4825,5635,5612,2506,68.4,16.5,36.3,0.3,1.4,1.5,3.3,6.5,2.7,31.6,15.6,4.2,4.9,4.8,2.2,6.46331039603533,129377,38209,20816,23003,6002,13998,20970,6379,29.5,16.1,17.8,4.6,10.8,16.2,4.9,69707,46070,21497,24573,213,10091,3293,6798,12627,11594,106,792,135,706,66.1,30.8,35.3,0.3,14.5,4.7,9.8,18.1,16.6,0.2,1.1,0.2,1.0
E06000013,North Lincolnshire UA,167446,73234,59883,24667,7593,2069,43.7,35.8,14.7,4.5,1.2,9662,5.7,122329,84668,18768,48278,413,2031,2163,4262,5869,2884,37661,20296,4569,5433,5151,2212,69.2,15.3,39.5,0.3,1.7,1.8,3.5,4.8,2.4,30.8,16.6,3.7,4.4,4.2,1.8,4.79771763032478,136105,35633,21498,22796,6636,15917,26583,7042,26.2,15.8,16.7,4.9,11.7,19.5,5.2,70684,49137,23355,25782,179,10895,4852,6043,9477,8493,169,692,123,996,69.5,33.0,36.5,0.3,15.4,6.9,8.5,13.4,12.0,0.2,1.0,0.2,1.4
E06000014,York UA,198051,98402,67709,23752,6369,1819,49.7,34.2,12.0,3.2,0.9,8188,4.1000000000000005,149789,104945,22487,57032,453,2391,3252,6232,4582,8516,44844,20688,14387,4107,3678,1984,70.1,15.0,38.1,0.3,1.6,2.2,4.2,3.1,5.7,29.9,13.8,9.6,2.7,2.5,1.3,3.0589696172616145,166275,29863,17636,23070,7429,27590,53875,6812,18.0,10.6,13.9,4.5,16.6,32.4,4.1,83552,55227,28351,26876,631,11679,7381,4298,14980,13687,245,753,295,1035,66.1,33.9,32.2,0.8,14.0,8.8,5.1,17.9,16.4,0.3,0.9,0.4,1.2
E07000163,Craven,55409,26383,19150,7387,1975,514,47.6,34.6,13.3,3.6,0.9,2489,4.5,40056,28744,6139,14540,219,1345,1358,3103,1003,1037,11312,7525,1300,1030,966,491,71.8,15.3,36.3,0.5,3.4,3.4,7.7,2.5,2.6,28.2,18.8,3.2,2.6,2.4,1.2,2.5039944078290395,46161,9356,5418,7263,2103,5655,14663,1703,20.3,11.7,15.7,4.6,12.3,31.8,3.7,24583,17973,10396,7577,116,2212,558,1654,3782,3360,89,261,72,500,73.1,42.3,30.8,0.5,9.0,2.3,6.7,15.4,13.7,0.4,1.1,0.3,2.0
E07000164,Hambleton,89140,43384,30682,11235,2972,867,48.7,34.4,12.6,3.3,1.0,3839,4.3,65255,47068,9843,25377,394,2173,1846,4326,1670,1439,18187,11809,1960,2043,1483,892,72.1,15.1,38.9,0.6,3.3,2.8,6.6,2.6,2.2,27.9,18.1,3.0,3.1,2.3,1.4,2.5591908666002605,74039,14536,8869,11914,3015,9015,23736,2954,19.6,12.0,16.1,4.1,12.2,32.1,4.0,38117,26508,15135,11373,156,4923,372,4551,5770,4622,546,340,262,760,69.5,39.7,29.8,0.4,12.9,1.0,11.9,15.1,12.1,1.4,0.9,0.7,2.0
E07000165,Harrogate,157869,79934,53313,18633,4698,1291,50.6,33.8,11.8,3.0,0.8,5989,3.8,114038,84662,16998,46509,638,3489,3757,7320,2931,3020,29376,17693,3789,3823,2586,1485,74.2,14.9,40.8,0.6,3.1,3.3,6.4,2.6,2.6,25.8,15.5,3.3,3.4,2.3,1.3,2.57019589961241,129036,22312,15280,21135,4649,15220,44002,6438,17.3,11.8,16.4,3.6,11.8,34.1,5.0,67169,47738,25118,22620,395,6138,3608,2530,11771,10394,438,638,301,1127,71.1,37.4,33.7,0.6,9.1,5.4,3.8,17.5,15.5,0.7,0.9,0.4,1.7
E07000166,Richmondshire,51965,26678,17383,5988,1523,393,51.3,33.5,11.5,2.9,0.8,1916,3.7,38652,29017,5217,17121,186,1208,1043,2391,1116,735,9635,5761,937,1396,839,702,75.1,13.5,44.3,0.5,3.1,2.7,6.2,2.9,1.9,24.9,14.9,2.4,3.6,2.2,1.8,2.887302080099348,42698,7925,6419,7681,1590,5269,11513,2301,18.6,15.0,18.0,3.7,12.3,27.0,5.4,20207,12910,7295,5615,104,2183,1451,732,4519,2877,810,240,592,491,63.9,36.1,27.8,0.5,10.8,7.2,3.6,22.4,14.2,4.0,1.2,2.9,2.4
E07000167,Ryedale,51751,23555,18476,7329,1846,545,45.5,35.7,14.2,3.6,1.1,2391,4.7,37581,26644,5773,12760,266,1381,1437,3168,1029,830,10937,7005,1282,1175,945,530,70.9,15.4,34.0,0.7,3.7,3.8,8.4,2.7,2.2,29.1,18.6,3.4,3.1,2.5,1.4,2.7380857348128043,43200,10369,5427,7033,1768,4900,11793,1910,24.0,12.6,16.3,4.1,11.3,27.3,4.4,22524,15124,9329,5795,83,2896,213,2683,3773,3321,163,216,73,648,67.1,41.4,25.7,0.4,12.9,0.9,11.9,16.8,14.7,0.7,1.0,0.3,2.9
E07000168,Scarborough,108793,45241,38721,17588,5712,1531,41.6,35.6,16.2,5.3,1.4,7243,6.699999999999999,79393,52245,12834,24346,397,2092,2107,4706,3371,2392,27148,16117,3141,2785,3708,1397,65.8,16.2,30.7,0.5,2.6,2.7,5.9,4.2,3.0,34.2,20.3,4.0,3.5,4.7,1.8,4.245966269066543,91402,23755,11781,14853,4862,11027,20742,4382,26.0,12.9,16.3,5.3,12.1,22.7,4.8,49435,32520,19323,13197,302,6134,1163,4971,9640,8812,108,559,161,839,65.8,39.1,26.7,0.6,12.4,2.4,10.1,19.5,17.8,0.2,1.1,0.3,1.7
E07000169,Selby,83449,40351,28624,10654,3008,812,48.4,34.3,12.8,3.6,1.0,3820,4.6,61831,45720,9293,26298,285,1479,1468,3167,2154,1576,16111,9710,1883,2182,1586,750,73.9,15.0,42.5,0.5,2.4,2.4,5.1,3.5,2.5,26.1,15.7,3.0,3.5,2.6,1.2,3.483689411460271,68135,14431,9535,11323,3402,8731,17786,2927,21.2,14.0,16.6,5.0,12.8,26.1,4.3,34559,25911,11929,13982,201,4161,2902,1259,3796,3400,78,269,49,490,75.0,34.5,40.5,0.6,12.0,8.4,3.6,11.0,9.8,0.2,0.8,0.1,1.4
E08000016,Barnsley,231221,96194,77649,37956,15278,4144,41.6,33.6,16.4,6.6,1.8,19422,8.4,170405,113306,24807,62841,515,2639,2863,7086,8738,3817,57099,28008,6225,7435,11925,3506,66.5,14.6,36.9,0.3,1.5,1.7,4.2,5.1,2.2,33.5,16.4,3.7,4.4,7.0,2.1,5.127783809160529,188335,60890,26913,30550,7716,21342,32724,8200,32.3,14.3,16.2,4.1,11.3,17.4,4.4,100734,64807,30778,34029,445,21032,17831,3201,12856,11812,76,837,131,1594,64.3,30.6,33.8,0.4,20.9,17.7,3.2,12.8,11.7,0.1,0.8,0.1,1.6
E08000017,Doncaster,302402,131738,102983,45748,16982,4951,43.6,34.1,15.1,5.6,1.6,21933,7.199999999999999,220877,147770,33112,80998,734,3305,3941,8216,12697,4767,73107,34110,8765,10746,12958,6528,66.9,15.0,36.7,0.3,1.5,1.8,3.7,5.7,2.2,33.1,15.4,4.0,4.9,5.9,3.0,5.74844823136859,244909,74119,37763,41607,10958,26126,41714,12622,30.3,15.4,17.0,4.5,10.7,17.0,5.2,126487,82760,39253,43507,418,22403,19173,3230,18774,17084,159,1371,160,2132,65.4,31.0,34.4,0.3,17.7,15.2,2.6,14.8,13.5,0.1,1.1,0.1,1.7
E08000018,Rotherham,257280,111232,87237,39278,15114,4419,43.2,33.9,15.3,5.9,1.7,19533,7.6,187959,125899,28830,68860,598,2839,3244,7313,9821,4394,62060,31117,7405,8864,10614,4060,67.0,15.3,36.6,0.3,1.5,1.7,3.9,5.2,2.3,33.0,16.6,3.9,4.7,5.6,2.2,5.225075681398603,208018,62076,32284,35048,9065,24001,36165,9379,29.8,15.5,16.8,4.4,11.5,17.4,4.5,108293,70610,33031,37579,309,23289,19436,3853,12262,11153,74,880,155,1823,65.2,30.5,34.7,0.3,21.5,17.9,3.6,11.3,10.3,0.1,0.8,0.1,1.7
E08000019,Sheffield,552698,258250,184343,75733,26703,7669,46.7,33.4,13.7,4.8,1.4,34372,6.199999999999999,411004,270239,56868,140933,1216,5503,7835,15467,19626,22791,140765,52941,44212,16682,18418,8512,65.8,13.8,34.3,0.3,1.3,1.9,3.8,4.8,5.5,34.2,12.9,10.8,4.1,4.5,2.1,4.775136008408677,452014,109841,55566,62097,16192,71594,116007,20717,24.3,12.3,13.7,3.6,15.8,25.7,4.6,229928,134127,62329,71798,881,56917,40725,16192,35760,32605,213,2081,861,2243,58.3,27.1,31.2,0.4,24.8,17.7,7.0,15.6,14.2,0.1,0.9,0.4,1.0
E08000032,Bradford,522452,234133,186031,71580,23768,6940,44.8,35.6,13.7,4.5,1.3,30708,5.8,366217,243727,52795,125745,1725,6199,8721,14828,21224,12490,122490,43961,23311,24487,18176,12555,66.6,14.4,34.3,0.5,1.7,2.4,4.0,5.8,3.4,33.4,12.0,6.4,6.7,5.0,3.4,5.795470991242897,400121,110892,56413,59350,15131,45101,87397,25837,27.7,14.1,14.8,3.8,11.3,21.8,6.5,199296,129550,58487,71063,1165,29513,11729,17784,36070,33135,162,2273,500,2998,65.0,29.3,35.7,0.6,14.8,5.9,8.9,18.1,16.6,0.1,1.1,0.3,1.5
E08000033,Calderdale,203826,94449,70007,28091,8929,2350,46.3,34.3,13.8,4.4,1.2,11279,5.6000000000000005,148766,104893,21923,57617,585,2837,3650,6999,7394,3888,43873,22405,6156,5844,6510,2958,70.5,14.7,38.7,0.4,1.9,2.5,4.7,5.0,2.6,29.5,15.1,4.1,3.9,4.4,2.0,4.97022169044002,163645,38943,22314,26507,7989,20079,40881,6932,23.8,13.6,16.2,4.9,12.3,25.0,4.2,88621,58981,27671,31310,397,13494,4753,8741,14545,13114,98,1141,192,1204,66.6,31.2,35.3,0.4,15.2,5.4,9.9,16.4,14.8,0.1,1.3,0.2,1.4
E08000034,Kirklees,422458,192366,147731,58042,19030,5289,45.5,35.0,13.7,4.5,1.3,24319,5.8,307194,209514,44638,112199,1413,5679,7070,13332,14465,10718,97680,44027,17593,15227,13504,7329,68.2,14.5,36.5,0.5,1.8,2.3,4.3,4.7,3.5,31.8,14.3,5.7,5.0,4.4,2.4,4.708750821956158,336309,85554,44435,50474,16232,42257,80275,17082,25.4,13.2,15.0,4.8,12.6,23.9,5.1,173525,116361,55569,60792,612,26525,20886,5639,26941,24523,156,1971,291,3086,67.1,32.0,35.0,0.4,15.3,12.0,3.2,15.5,14.1,0.1,1.1,0.2,1.8
E08000035,Leeds,751485,361295,254023,95515,31504,9148,48.1,33.8,12.7,4.2,1.2,40652,5.4,560849,389929,73507,217528,1789,8318,10731,21460,26786,29810,170920,69446,46047,20435,22498,12494,69.5,13.1,38.8,0.3,1.5,1.9,3.8,4.8,5.3,30.5,12.4,8.2,3.6,4.0,2.2,4.775973568643253,613992,142481,77294,86614,22893,90497,165429,28784,23.2,12.6,14.1,3.7,14.7,26.9,4.7,320596,186467,83385,103082,1442,70377,54122,16255,57456,53599,265,2901,691,4854,58.2,26.0,32.2,0.4,22.0,16.9,5.1,17.9,16.7,0.1,0.9,0.2,1.5
E08000036,Wakefield,325837,139288,110920,50595,19507,5527,42.7,34.0,15.5,6.0,1.7,25034,7.7,240997,164768,35763,95559,719,3494,3960,8531,11702,5040,76229,38721,8474,9554,14092,5388,68.4,14.8,39.7,0.3,1.4,1.6,3.5,4.9,2.1,31.6,16.1,3.5,4.0,5.8,2.2,4.855662103677639,265797,82621,38778,42790,11636,28205,48772,12995,31.1,14.6,16.1,4.4,10.6,18.3,4.9,140414,89291,40766,48525,650,33129,24136,8993,16017,14383,122,1281,231,1327,63.6,29.0,34.6,0.5,23.6,17.2,6.4,11.4,10.2,0.1,0.9,0.2,0.9
E06000015,Derby UA,248752,111837,87060,35193,11413,3249,45.0,35.0,14.1,4.6,1.3,14662,5.9,179291,123691,26310,68979,486,2027,3127,6017,9297,7448,55600,22925,11237,8595,8574,4269,69.0,14.7,38.5,0.3,1.1,1.7,3.4,5.2,4.2,31.0,12.8,6.3,4.8,4.8,2.4,5.185424812176852,198076,47731,26294,28681,9793,25838,47955,11784,24.1,13.3,14.5,4.9,13.0,24.2,5.9,102271,62765,30239,32526,864,20250,12458,7792,17193,15943,75,982,193,1199,61.4,29.6,31.8,0.8,19.8,12.2,7.6,16.8,15.6,0.1,1.0,0.2,1.2
E06000016,Leicester UA,329839,148108,117551,44278,14972,4930,44.9,35.6,13.4,4.5,1.5,19902,6.0,242232,156425,33341,80780,751,2757,3699,6814,14982,13301,85807,22435,27604,15035,12397,8336,64.6,13.8,33.3,0.3,1.1,1.5,2.8,6.2,5.5,35.4,9.3,11.4,6.2,5.1,3.4,6.184979688893293,260560,74409,33751,32781,5309,33888,55223,25199,28.6,13.0,12.6,2.0,13.0,21.2,9.7,123125,61170,28018,33152,774,31270,21048,10222,27999,26207,198,1173,421,1912,49.7,22.8,26.9,0.6,25.4,17.1,8.3,22.7,21.3,0.2,1.0,0.3,1.6
E06000018,Nottingham UA,305680,141038,103332,41581,15063,4666,46.1,33.8,13.6,4.9,1.5,19729,6.4,232072,142327,27605,72252,573,2147,3575,6709,14775,14691,89745,21144,37733,10854,13161,6853,61.3,11.9,31.1,0.2,0.9,1.5,2.9,6.4,6.3,38.7,9.1,16.3,4.7,5.7,3.0,6.3665586542107615,250104,63991,30619,32333,5715,46411,54875,16160,25.6,12.2,12.9,2.3,18.6,21.9,6.5,126131,56867,25152,31715,786,37486,26176,11310,29098,27300,136,1303,359,1894,45.1,19.9,25.1,0.6,29.7,20.8,9.0,23.1,21.6,0.1,1.0,0.3,1.5
E06000017,Rutland UA,37369,18828,12718,4532,1008,283,50.4,34.0,12.1,2.7,0.8,1291,3.5,27052,18758,3847,10314,155,710,976,1507,643,606,8294,4579,1568,878,463,806,69.3,14.2,38.1,0.6,2.6,3.6,5.6,2.4,2.2,30.7,16.9,5.8,3.2,1.7,3.0,2.3769037409433684,30683,5453,3729,5373,1114,3834,10096,1084,17.8,12.2,17.5,3.6,12.5,32.9,3.5,15002,10556,5889,4667,160,1685,369,1316,2333,1741,301,122,169,268,70.4,39.3,31.1,1.1,11.2,2.5,8.8,15.6,11.6,2.0,0.8,1.1,1.8
E07000032,Amber Valley,122309,53826,42795,18336,5810,1542,44.0,35.0,15.0,4.8,1.3,7352,6.1,90558,63280,13374,36229,261,1597,2085,4240,3503,1991,27278,15715,3109,3417,3680,1357,69.9,14.8,40.0,0.3,1.8,2.3,4.7,3.9,2.2,30.1,17.4,3.4,3.8,4.1,1.5,3.868239139556969,100841,27220,13986,15627,4683,12086,23346,3893,27.0,13.9,15.5,4.6,12.0,23.2,3.9,52596,38974,20106,18868,216,6484,2708,3776,6200,5618,51,441,90,722,74.1,38.2,35.9,0.4,12.3,5.1,7.2,11.8,10.7,0.1,0.8,0.2,1.4
E07000033,Bolsover,75866,30934,25423,12965,5152,1392,40.8,33.5,17.1,6.8,1.8,6544,8.6,55945,37442,7986,21542,144,820,938,2148,2612,1252,18503,9463,1962,2435,3626,1017,66.9,14.3,38.5,0.3,1.5,1.7,3.8,4.7,2.2,33.1,16.9,3.5,4.4,6.5,1.8,4.668871212798284,62192,20455,9520,10195,2308,7064,9853,2797,32.9,15.3,16.4,3.7,11.4,15.8,4.5,32801,21963,10691,11272,92,5965,4922,1043,4276,3871,27,344,34,505,67.0,32.6,34.4,0.3,18.2,15.0,3.2,13.0,11.8,0.1,1.0,0.1,1.5
E07000034,Chesterfield,103788,43274,35622,16984,6204,1704,41.7,34.3,16.4,6.0,1.6,7908,7.6,76409,51909,12272,28593,235,993,1481,2969,3557,1809,24500,12894,2782,2916,4554,1354,67.9,16.1,37.4,0.3,1.3,1.9,3.9,4.7,2.4,32.1,16.9,3.6,3.8,6.0,1.8,4.655210773599968,85595,23618,12252,14567,3441,10342,17994,3381,27.6,14.3,17.0,4.0,12.1,21.0,3.9,46796,29547,15065,14482,156,10832,9385,1447,5813,5291,38,411,73,448,63.1,32.2,30.9,0.3,23.1,20.1,3.1,12.4,11.3,0.1,0.9,0.2,1.0
E07000035,Derbyshire Dales,71116,33487,24683,9718,2475,753,47.1,34.7,13.7,3.5,1.1,3228,4.6,51978,36541,8270,18153,336,1593,1922,3727,1394,1146,15437,9903,1699,1581,1322,932,70.3,15.9,34.9,0.6,3.1,3.7,7.2,2.7,2.2,29.7,19.1,3.3,3.0,2.5,1.8,2.6819038824117896,59299,12773,7088,8870,1992,6572,19816,2188,21.5,12.0,15.0,3.4,11.1,33.4,3.7,30744,22269,13513,8756,229,3736,1330,2406,3860,3423,86,276,75,650,72.4,44.0,28.5,0.7,12.2,4.3,7.8,12.6,11.1,0.3,0.9,0.2,2.1
E07000036,Erewash,112081,49349,39666,16762,4874,1430,44.0,35.4,15.0,4.3,1.3,6304,5.6,82609,59044,12446,34268,233,1269,1631,3462,3742,1993,23565,12894,2970,3107,3304,1290,71.5,15.1,41.5,0.3,1.5,2.0,4.2,4.5,2.4,28.5,15.6,3.6,3.8,4.0,1.6,4.5297727850476335,91948,23808,14091,15197,4851,11350,19015,3636,25.9,15.3,16.5,5.3,12.3,20.7,4.0,48692,35290,16506,18784,242,6335,1978,4357,6265,5762,31,398,74,560,72.5,33.9,38.6,0.5,13.0,4.1,8.9,12.9,11.8,0.1,0.8,0.2,1.2
E07000037,High Peak,90892,43185,30980,12011,3696,1020,47.5,34.1,13.2,4.1,1.1,4716,5.199999999999999,67389,48560,10316,26377,252,1418,1899,3911,2576,1811,18829,10561,2893,1998,2473,904,72.1,15.3,39.1,0.4,2.1,2.8,5.8,3.8,2.7,27.9,15.7,4.3,3.0,3.7,1.3,3.822582320556768,74416,15520,9771,11931,2943,9779,21884,2588,20.9,13.1,16.0,4.0,13.1,29.4,3.5,38946,28059,13693,14366,229,4945,3836,1109,5231,4706,37,414,74,482,72.0,35.2,36.9,0.6,12.7,9.8,2.8,13.4,12.1,0.1,1.1,0.2,1.2
E07000038,North East Derbyshire,99023,42535,33926,15734,5319,1509,43.0,34.3,15.9,5.4,1.5,6828,6.9,73460,49919,11679,27073,259,1416,1616,3525,2697,1654,23541,14159,2486,2575,3285,1036,68.0,15.9,36.9,0.4,1.9,2.2,4.8,3.7,2.3,32.0,19.3,3.4,3.5,4.5,1.4,3.671385788184046,82699,22277,11752,13731,3632,9838,18340,3129,26.9,14.2,16.6,4.4,11.9,22.2,3.8,43070,30531,16471,14060,168,8781,7817,964,3183,2800,33,292,58,407,70.9,38.2,32.6,0.4,20.4,18.1,2.2,7.4,6.5,0.1,0.7,0.1,0.9
E07000039,South Derbyshire,94611,45075,32550,12348,3647,991,47.6,34.4,13.1,3.9,1.0,4638,4.9,69450,50358,10279,29738,267,1307,1601,3217,2125,1824,19092,10286,2521,2749,2443,1093,72.5,14.8,42.8,0.4,1.9,2.3,4.6,3.1,2.6,27.5,14.8,3.6,4.0,3.5,1.6,3.059755219582433,75910,16707,10674,12617,3663,9738,19701,2810,22.0,14.1,16.6,4.8,12.8,26.0,3.7,38992,29416,13237,16179,131,3877,2984,893,5087,4603,91,344,49,481,75.4,33.9,41.5,0.3,9.9,7.7,2.3,13.0,11.8,0.2,0.9,0.1,1.2
E07000129,Blaby,93915,44615,33631,11764,3081,824,47.5,35.8,12.5,3.3,0.9,3905,4.2,68558,50661,10733,29207,239,1318,1667,3537,1963,1997,17897,10721,2495,1914,1565,1202,73.9,15.7,42.6,0.3,1.9,2.4,5.2,2.9,2.9,26.1,15.6,3.6,2.8,2.3,1.8,2.863269056856968,76334,16964,11097,12257,4360,9378,18988,3290,22.2,14.5,16.1,5.7,12.3,24.9,4.3,38686,31309,14745,16564,247,2948,721,2227,3876,3471,38,325,42,306,80.9,38.1,42.8,0.6,7.6,1.9,5.8,10.0,9.0,0.1,0.8,0.1,0.8
E07000130,Charnwood,166100,79906,58637,20620,5465,1472,48.1,35.3,12.4,3.3,0.9,6937,4.2,124967,84609,17209,47592,401,2133,2657,5244,3864,5509,40358,17092,14278,3930,3437,1621,67.7,13.8,38.1,0.3,1.7,2.1,4.2,3.1,4.4,32.3,13.7,11.4,3.1,2.8,1.3,3.092016292301168,137878,28265,16740,19685,6586,23470,36916,6216,20.5,12.1,14.3,4.8,17.0,26.8,4.5,66516,47961,23729,24232,539,7851,5306,2545,9396,8590,102,590,114,769,72.1,35.7,36.4,0.8,11.8,8.0,3.8,14.1,12.9,0.2,0.9,0.2,1.2
E07000131,Harborough,85382,43421,29261,9707,2345,648,50.9,34.3,11.4,2.7,0.8,2993,3.5,61913,45791,9419,25343,330,1839,2048,3763,1517,1532,16122,9569,2415,1871,1232,1035,74.0,15.2,40.9,0.5,3.0,3.3,6.1,2.5,2.5,26.0,15.5,3.9,3.0,2.0,1.7,2.450212394812075,69034,12461,9158,11275,3165,8340,21982,2653,18.1,13.3,16.3,4.6,12.1,31.8,3.8,34898,27238,13389,13849,414,2923,481,2442,3922,3540,57,274,51,401,78.1,38.4,39.7,1.2,8.4,1.4,7.0,11.2,10.1,0.2,0.8,0.1,1.1
E07000132,Hinckley and Bosworth,105078,48612,37653,13974,3812,1027,46.3,35.8,13.3,3.6,1.0,4839,4.6,77716,56538,11408,33087,317,1543,1943,3961,2448,1831,21178,12924,2615,2510,2205,924,72.7,14.7,42.6,0.4,2.0,2.5,5.1,3.1,2.4,27.3,16.6,3.4,3.2,2.8,1.2,3.149930516238612,86475,21089,12342,13895,4144,10733,20803,3469,24.4,14.3,16.1,4.8,12.4,24.1,4.0,45377,34826,16859,17967,267,4685,3238,1447,5156,4657,65,364,70,443,76.7,37.2,39.6,0.6,10.3,7.1,3.2,11.4,10.3,0.1,0.8,0.2,1.0
E07000133,Melton,50376,24349,17892,6295,1449,391,48.3,35.5,12.5,2.9,0.8,1840,3.7,36955,27422,5636,15481,155,924,1068,2094,1067,997,9533,5831,1231,1247,779,445,74.2,15.3,41.9,0.4,2.5,2.9,5.7,2.9,2.7,25.8,15.8,3.3,3.4,2.1,1.2,2.887295359220674,41237,8808,5793,6794,1994,5225,10785,1838,21.4,14.0,16.5,4.8,12.7,26.2,4.5,21490,15498,7728,7770,198,2402,1814,588,3054,2738,76,183,57,338,72.1,36.0,36.2,0.9,11.2,8.4,2.7,14.2,12.7,0.4,0.9,0.3,1.6
E07000134,North West Leicestershire,93468,42477,33202,12978,3733,1078,45.4,35.5,13.9,4.0,1.2,4811,5.2,68556,48999,9845,28778,236,1253,1573,3309,2361,1644,19557,11025,2611,2595,2350,976,71.5,14.4,42.0,0.3,1.8,2.3,4.8,3.4,2.4,28.5,16.1,3.8,3.8,3.4,1.4,3.443899877472431,75791,19691,9988,11639,3426,9411,18402,3234,26.0,13.2,15.4,4.5,12.4,24.3,4.3,39128,28360,13581,14779,302,5598,4181,1417,4411,3997,35,336,43,457,72.5,34.7,37.8,0.8,14.3,10.7,3.6,11.3,10.2,0.1,0.9,0.1,1.2
E07000135,Oadby and Wigston,56170,25383,20568,7524,2082,613,45.2,36.6,13.4,3.7,1.1,2695,4.800000000000001,40797,28119,6146,15570,166,811,864,1669,1314,1579,12678,6102,3555,1296,1098,627,68.9,15.1,38.2,0.4,2.0,2.1,4.1,3.2,3.9,31.1,15.0,8.7,3.2,2.7,1.5,3.220825060666225,46359,10461,6144,7008,1976,6796,11476,2498,22.6,13.3,15.1,4.3,14.7,24.8,5.4,21339,17239,9069,8170,161,1610,1147,463,2117,1922,17,153,25,212,80.8,42.5,38.3,0.8,7.5,5.4,2.2,9.9,9.0,0.1,0.7,0.1,1.0
E07000136,Boston,64637,26298,24225,10252,3058,804,40.7,37.5,15.9,4.7,1.2,3862,5.9,47306,33031,7480,18683,181,892,907,1927,1969,992,14275,7842,1447,1838,2083,1065,69.8,15.8,39.5,0.4,1.9,1.9,4.1,4.2,2.1,30.2,16.6,3.1,3.9,4.4,2.3,4.162262715088995,53275,17421,7705,8126,1745,4954,8060,5264,32.7,14.5,15.3,3.3,9.3,15.1,9.9,27291,17430,9243,8187,230,4965,1671,3294,4291,3908,85,220,78,375,63.9,33.9,30.0,0.8,18.2,6.1,12.1,15.7,14.3,0.3,0.8,0.3,1.4
E07000137,East Lindsey,136401,52138,48140,24915,8671,2537,38.2,35.3,18.3,6.4,1.9,11208,8.3,99928,60716,14264,29753,477,2460,2698,5223,3966,1875,39212,24038,3234,4356,5795,1789,60.8,14.3,29.8,0.5,2.5,2.7,5.2,4.0,1.9,39.2,24.1,3.2,4.4,5.8,1.8,3.968857577455768,115418,37648,16355,18058,4922,12071,20849,5515,32.6,14.2,15.6,4.3,10.5,18.1,4.8,60890,42137,25826,16311,482,6705,1605,5100,10554,9334,377,657,186,1012,69.2,42.4,26.8,0.8,11.0,2.6,8.4,17.3,15.3,0.6,1.1,0.3,1.7
E07000138,Lincoln,93541,41329,34216,13005,3907,1084,44.2,36.6,13.9,4.2,1.2,4991,5.4,71577,49523,9926,26504,158,796,1111,2486,3533,5009,22054,8015,6287,2880,3278,1594,69.2,13.9,37.0,0.2,1.1,1.6,3.5,4.9,7.0,30.8,11.2,8.8,4.0,4.6,2.2,4.935943110216969,78190,17134,10349,12587,2899,14395,16644,4182,21.9,13.2,16.1,3.7,18.4,21.3,5.3,39825,21932,9717,12215,220,8729,7381,1348,8345,7709,48,524,64,599,55.1,24.4,30.7,0.6,21.9,18.5,3.4,21.0,19.4,0.1,1.3,0.2,1.5
E07000139,North Kesteven,107766,49563,37834,14941,4198,1230,46.0,35.1,13.9,3.9,1.1,5428,5.0,78616,55065,11437,32060,302,1485,1878,3759,2290,1854,23551,14890,2536,2942,2280,903,70.0,14.5,40.8,0.4,1.9,2.4,4.8,2.9,2.4,30.0,18.9,3.2,3.7,2.9,1.1,2.912893049760863,88700,19289,12232,15306,3885,11685,22559,3744,21.7,13.8,17.3,4.4,13.2,25.4,4.2,45972,34187,17115,17072,221,4694,3693,1001,6184,4906,602,400,276,686,74.4,37.2,37.1,0.5,10.2,8.0,2.2,13.5,10.7,1.3,0.9,0.6,1.5
E07000140,South Holland,88270,35771,33149,13968,4167,1215,40.5,37.6,15.8,4.7,1.4,5382,6.1,63920,44276,8432,25724,262,1323,1493,3298,2532,1212,19644,11891,1846,2549,2308,1050,69.3,13.2,40.2,0.4,2.1,2.3,5.2,4.0,1.9,30.7,18.6,2.9,4.0,3.6,1.6,3.9612015018773463,73354,22628,11195,12070,2710,7354,11586,5811,30.8,15.3,16.5,3.7,10.0,15.8,7.9,37264,27035,14623,12412,260,4728,3828,900,4714,4173,159,308,74,527,72.5,39.2,33.3,0.7,12.7,10.3,2.4,12.7,11.2,0.4,0.8,0.2,1.4
E07000141,South Kesteven,133788,62625,46999,17767,5005,1392,46.8,35.1,13.3,3.7,1.0,6397,4.7,97319,70273,14579,40051,363,1901,2651,4954,3248,2526,27046,16064,3113,3586,2840,1443,72.2,15.0,41.2,0.4,2.0,2.7,5.1,3.3,2.6,27.8,16.5,3.2,3.7,2.9,1.5,3.3374777792620143,109085,23608,15098,18733,5007,13474,27974,5191,21.6,13.8,17.2,4.6,12.4,25.6,4.8,57344,39809,19258,20551,502,7701,5949,1752,8389,7653,133,496,107,943,69.4,33.6,35.8,0.9,13.4,10.4,3.1,14.6,13.3,0.2,0.9,0.2,1.6
E07000142,West Lindsey,89250,39293,32075,13100,3790,992,44.0,35.9,14.7,4.2,1.1,4782,5.300000000000001,65531,44768,9855,24183,256,1497,1747,3196,2497,1537,20763,12366,2367,2598,2492,940,68.3,15.0,36.9,0.4,2.3,2.7,4.9,3.8,2.3,31.7,18.9,3.6,4.0,3.8,1.4,3.81041034014436,73753,16963,10217,12217,3796,8796,18642,3122,23.0,13.9,16.6,5.1,11.9,25.3,4.2,38385,27859,14672,13187,365,4246,911,3335,5253,4594,216,336,107,662,72.6,38.2,34.4,1.0,11.1,2.4,8.7,13.7,12.0,0.6,0.9,0.3,1.7
E07000150,Corby,61255,28138,21539,8045,2697,836,45.9,35.2,13.1,4.4,1.4,3533,5.800000000000001,45049,33166,6145,20899,95,476,565,1506,2222,1258,11883,5566,1504,1759,2237,817,73.6,13.6,46.4,0.2,1.1,1.3,3.3,4.9,2.8,26.4,12.4,3.3,3.9,5.0,1.8,4.932406934671136,48637,13439,8405,8330,2005,5393,7254,3811,27.6,17.3,17.1,4.1,11.1,14.9,7.8,25215,15669,5917,9752,94,5278,4463,815,3839,3582,17,210,30,335,62.1,23.5,38.7,0.4,20.9,17.7,3.2,15.2,14.2,0.1,0.8,0.1,1.3
E07000151,Daventry,77843,37709,27454,9398,2577,705,48.4,35.3,12.1,3.3,0.9,3282,4.2,57379,41546,7904,23617,242,1452,1705,3376,1731,1519,15833,8777,1978,2079,1456,1543,72.4,13.8,41.2,0.4,2.5,3.0,5.9,3.0,2.6,27.6,15.3,3.4,3.6,2.5,2.7,3.01678314365883,63031,11918,9337,10742,2762,7416,18158,2698,18.9,14.8,17.0,4.4,11.8,28.8,4.3,31647,22688,10533,12155,271,4412,1282,3130,3832,3471,63,243,55,444,71.7,33.3,38.4,0.9,13.9,4.1,9.9,12.1,11.0,0.2,0.8,0.2,1.4
E07000152,East Northamptonshire,86765,40656,31175,11145,2945,844,46.9,35.9,12.8,3.4,1.0,3789,4.4,63006,45821,8602,26972,250,1251,1567,3577,2136,1466,17185,9549,2504,2517,1808,807,72.7,13.7,42.8,0.4,2.0,2.5,5.7,3.4,2.3,27.3,15.2,4.0,4.0,2.9,1.3,3.3901533187315493,69576,15506,10629,12222,3085,8220,16866,3048,22.3,15.3,17.6,4.4,11.8,24.2,4.4,35662,25837,11419,14418,175,4737,805,3932,4471,4032,96,304,39,442,72.4,32.0,40.4,0.5,13.3,2.3,11.0,12.5,11.3,0.3,0.9,0.1,1.2
E07000153,Kettering,93475,43038,33973,12039,3477,948,46.0,36.3,12.9,3.7,1.0,4425,4.7,67920,50012,9967,29305,222,1223,1539,3268,2728,1760,17908,9729,2101,2616,2408,1054,73.6,14.7,43.1,0.3,1.8,2.3,4.8,4.0,2.6,26.4,14.3,3.1,3.9,3.5,1.6,4.016489988221437,74809,17079,11565,12720,3244,8814,17406,3981,22.8,15.5,17.0,4.3,11.8,23.3,5.3,39701,27562,12070,15492,342,5187,3506,1681,6048,5533,53,418,44,562,69.4,30.4,39.0,0.9,13.1,8.8,4.2,15.2,13.9,0.1,1.1,0.1,1.4
E07000154,Northampton,212069,98367,77331,26530,7654,2187,46.4,36.5,12.5,3.6,1.0,9841,4.6,155682,115479,21026,68363,417,2254,2872,6955,7223,6369,40203,17458,7871,6026,5837,3011,74.2,13.5,43.9,0.3,1.4,1.8,4.5,4.6,4.1,25.8,11.2,5.1,3.9,3.7,1.9,4.639585822381521,169056,38113,25243,26773,6037,20905,40021,11964,22.5,14.9,15.8,3.6,12.4,23.7,7.1,88731,55622,22307,33315,1134,15113,11319,3794,15817,14657,72,951,137,1045,62.7,25.1,37.5,1.3,17.0,12.8,4.3,17.8,16.5,0.1,1.1,0.2,1.2
E07000155,South Northamptonshire,85189,43204,29703,9378,2247,657,50.7,34.9,11.0,2.6,0.8,2904,3.4000000000000004,62321,47449,9004,27039,294,1629,2068,4283,1476,1656,14872,9161,1847,2109,1045,710,76.1,14.4,43.4,0.5,2.6,3.3,6.9,2.4,2.7,23.9,14.7,3.0,3.4,1.7,1.1,2.368383049052486,68624,11955,9609,11442,3058,8559,21308,2693,17.4,14.0,16.7,4.5,12.5,31.1,3.9,34717,26485,12029,14456,357,3505,901,2604,3840,3439,84,246,71,530,76.3,34.6,41.6,1.0,10.1,2.6,7.5,11.1,9.9,0.2,0.7,0.2,1.5
E07000156,Wellingborough,75356,32913,27907,10687,2973,876,43.7,37.0,14.2,3.9,1.2,3849,5.1,54817,39247,7449,23367,153,891,1033,2363,2562,1429,15570,8059,1844,2360,2109,1198,71.6,13.6,42.6,0.3,1.6,1.9,4.3,4.7,2.6,28.4,14.7,3.4,4.3,3.8,2.2,4.673732601200357,60348,15534,9661,9932,2489,6544,12307,3881,25.7,16.0,16.5,4.1,10.8,20.4,6.4,32057,21286,9584,11702,315,5676,1720,3956,4360,3965,37,300,58,420,66.4,29.9,36.5,1.0,17.7,5.4,12.3,13.6,12.4,0.1,0.9,0.2,1.3
E07000170,Ashfield,119497,50253,41200,19484,6764,1796,42.1,34.5,16.3,5.7,1.5,8560,7.2,88037,59970,12976,34795,236,1087,1458,3379,4140,1899,28067,14545,2921,3986,4912,1703,68.1,14.7,39.5,0.3,1.2,1.7,3.8,4.7,2.2,31.9,16.5,3.3,4.5,5.6,1.9,4.702568238354328,96698,30345,15846,15901,4174,11626,14595,4211,31.4,16.4,16.4,4.3,12.0,15.1,4.4,50931,35261,16952,18309,235,8258,6460,1798,6504,5908,31,501,64,673,69.2,33.3,35.9,0.5,16.2,12.7,3.5,12.8,11.6,0.1,1.0,0.1,1.3
E07000171,Bassetlaw,112863,48326,39138,17794,5912,1693,42.8,34.7,15.8,5.2,1.5,7605,6.7,83305,56556,12752,31585,327,1515,1644,3461,3294,1978,26749,14204,2914,3162,4219,2250,67.9,15.3,37.9,0.4,1.8,2.0,4.2,4.0,2.4,32.1,17.1,3.5,3.8,5.1,2.7,3.954144409099094,92702,26393,13513,15245,3847,10453,18761,4490,28.5,14.6,16.4,4.1,11.3,20.2,4.8,47667,33115,16295,16820,172,7579,6152,1427,5975,5362,111,411,91,826,69.5,34.2,35.3,0.4,15.9,12.9,3.0,12.5,11.2,0.2,0.9,0.2,1.7
E07000172,Broxtowe,109487,49831,38276,15614,4521,1245,45.5,35.0,14.3,4.1,1.1,5766,5.199999999999999,81573,56838,11855,33191,236,1279,1615,3153,3156,2353,24735,13440,4574,2724,2833,1164,69.7,14.5,40.7,0.3,1.6,2.0,3.9,3.9,2.9,30.3,16.5,5.6,3.3,3.5,1.4,3.868927218564967,90938,21031,11721,13547,4079,11046,25678,3836,23.1,12.9,14.9,4.5,12.1,28.2,4.2,46820,34270,17351,16919,168,5218,4192,1026,6594,5902,143,435,114,570,73.2,37.1,36.1,0.4,11.1,9.0,2.2,14.1,12.6,0.3,0.9,0.2,1.2
E07000173,Gedling,113543,51154,39934,16473,4657,1325,45.1,35.2,14.5,4.1,1.2,5982,5.3,83284,59493,12940,33171,297,1565,1908,3986,3391,2235,23791,13774,3006,2717,3032,1262,71.4,15.5,39.8,0.4,1.9,2.3,4.8,4.1,2.7,28.6,16.5,3.6,3.3,3.6,1.5,4.071610393352865,93186,21980,12775,14737,4240,11999,23601,3854,23.6,13.7,15.8,4.6,12.9,25.3,4.1,49349,37138,18603,18535,271,4926,1961,2965,6488,5850,46,517,75,526,75.3,37.7,37.6,0.5,10.0,4.0,6.0,13.1,11.9,0.1,1.0,0.2,1.1
E07000174,Mansfield,104466,43295,35895,16922,6476,1878,41.4,34.4,16.2,6.2,1.8,8354,8.0,77155,52392,11627,29832,226,1062,1287,2927,3547,1884,24763,12120,2661,3436,4996,1550,67.9,15.1,38.7,0.3,1.4,1.7,3.8,4.6,2.4,32.1,15.7,3.4,4.5,6.5,2.0,4.597239323439829,85448,25944,13414,14087,3143,10376,13978,4506,30.4,15.7,16.5,3.7,12.1,16.4,5.3,44928,29908,14658,15250,169,8199,6208,1991,6115,5616,23,425,51,537,66.6,32.6,33.9,0.4,18.2,13.8,4.4,13.6,12.5,0.1,0.9,0.1,1.2
E07000175,Newark and Sherwood,114817,51505,39671,16874,5246,1521,44.9,34.6,14.7,4.6,1.3,6767,5.9,84145,57971,12686,31947,344,1804,2061,4030,2995,2104,26174,14352,3157,3423,3590,1652,68.9,15.1,38.0,0.4,2.1,2.4,4.8,3.6,2.5,31.1,17.1,3.8,4.1,4.3,2.0,3.559332105294432,93957,23550,13423,15088,3795,11169,22698,4234,25.1,14.3,16.1,4.0,11.9,24.2,4.5,48773,34455,17399,17056,253,7050,5087,1963,6278,5648,87,462,81,737,70.6,35.7,35.0,0.5,14.5,10.4,4.0,12.9,11.6,0.2,0.9,0.2,1.5
E07000176,Rushcliffe,111129,57689,36222,12779,3468,971,51.9,32.6,11.5,3.1,0.9,4439,4.0,80755,58045,11753,32677,374,1950,2380,3999,2222,2690,22710,12820,4465,2435,1758,1232,71.9,14.6,40.5,0.5,2.4,2.9,5.0,2.8,3.3,28.1,15.9,5.5,3.0,2.2,1.5,2.751532412853693,90551,14835,9411,13032,3061,11861,35307,3044,16.4,10.4,14.4,3.4,13.1,39.0,3.4,45835,35142,17973,17169,333,3854,1056,2798,6082,5595,45,357,85,424,76.7,39.2,37.5,0.7,8.4,2.3,6.1,13.3,12.2,0.1,0.8,0.2,0.9
E06000019,"Herefordshire, County of UA",183477,83874,64494,25517,7441,2151,45.7,35.2,13.9,4.1,1.2,9592,5.3,133442,95114,20345,48094,682,3656,4683,10130,4353,3171,38328,22149,4845,4636,4600,2098,71.3,15.2,36.0,0.5,2.7,3.5,7.6,3.3,2.4,28.7,16.6,3.6,3.5,3.4,1.6,3.262091395512657,151962,34845,19396,24322,5410,18235,41779,7975,22.9,12.8,16.0,3.6,12.0,27.5,5.2,78319,53014,30867,22147,770,10903,2692,8211,12147,10680,468,738,261,1485,67.7,39.4,28.3,1.0,13.9,3.4,10.5,15.5,13.6,0.6,0.9,0.3,1.9
E06000051,Shropshire UA,306129,142309,106909,41475,11979,3457,46.5,34.9,13.5,3.9,1.1,15436,5.0,223892,158983,34760,83106,1126,6130,6852,14427,7350,5232,64909,37833,8764,7529,7237,3546,71.0,15.5,37.1,0.5,2.7,3.1,6.4,3.3,2.3,29.0,16.9,3.9,3.4,3.2,1.6,3.282832794383006,252979,56943,33158,42594,9289,30749,69558,10688,22.5,13.1,16.8,3.7,12.2,27.5,4.2,129674,89688,49998,39690,830,17448,6458,10990,19421,17013,777,1203,428,2287,69.2,38.6,30.6,0.6,13.5,5.0,8.5,15.0,13.1,0.6,0.9,0.3,1.8
E06000021,Stoke-on-Trent UA,249008,104510,86311,38179,15356,4652,42.0,34.7,15.3,6.2,1.9,20008,8.1,182808,119743,24732,67097,528,2127,2823,5962,9715,6759,63065,26108,10260,8553,13223,4921,65.5,13.5,36.7,0.3,1.2,1.5,3.3,5.3,3.7,34.5,14.3,5.6,4.7,7.2,2.7,5.314318848190451,200642,67773,28825,31875,7066,23961,31041,10101,33.8,14.4,15.9,3.5,11.9,15.5,5.0,107575,63928,30628,33300,419,25999,19712,6287,15440,14176,84,938,242,1789,59.4,28.5,31.0,0.4,24.2,18.3,5.8,14.4,13.2,0.1,0.9,0.2,1.7
E06000020,Telford and Wrekin UA,166641,76439,57198,22609,8023,2372,45.9,34.3,13.6,4.8,1.4,10395,6.199999999999999,122279,84947,16530,50567,293,1724,2134,4437,5806,3456,37332,16798,6213,5923,6001,2397,69.5,13.5,41.4,0.2,1.4,1.7,3.6,4.7,2.8,30.5,13.7,5.1,4.8,4.9,2.0,4.7481579011931725,132440,32612,20055,23731,4413,17199,27713,6717,24.6,15.1,17.9,3.3,13.0,20.9,5.1,66608,42417,18106,24311,292,13106,5409,7697,9979,9055,164,602,158,814,63.7,27.2,36.5,0.4,19.7,8.1,11.6,15.0,13.6,0.2,0.9,0.2,1.2
E07000192,Cannock Chase,97462,42634,34133,14091,5121,1483,43.7,35.0,14.5,5.3,1.5,6604,6.8,72274,51306,11009,28840,211,1063,1255,3737,3311,1880,20968,10735,2604,3007,3415,1207,71.0,15.2,39.9,0.3,1.5,1.7,5.2,4.6,2.6,29.0,14.9,3.6,4.2,4.7,1.7,4.581177186816836,79027,22278,12884,14034,2861,10021,13606,3343,28.2,16.3,17.8,3.6,12.7,17.2,4.2,40664,28106,12388,15718,248,6880,5291,1589,4938,4509,37,351,41,492,69.1,30.5,38.7,0.6,16.9,13.0,3.9,12.1,11.1,0.1,0.9,0.1,1.2
E07000193,East Staffordshire,113583,52094,40576,15302,4377,1234,45.9,35.7,13.5,3.9,1.1,5611,5.0,83059,58578,12135,33829,302,1448,1806,3624,3171,2263,24481,12497,3077,3691,3103,2113,70.5,14.6,40.7,0.4,1.7,2.2,4.4,3.8,2.7,29.5,15.0,3.7,4.4,3.7,2.5,3.81776809256071,91821,22671,13019,14802,3849,10752,21466,5262,24.7,14.2,16.1,4.2,11.7,23.4,5.7,47251,32879,16574,16305,260,6367,1984,4383,7152,6519,94,452,87,593,69.6,35.1,34.5,0.6,13.5,4.2,9.3,15.1,13.8,0.2,1.0,0.2,1.3
E07000194,Lichfield,100654,47225,35014,13259,3959,1197,46.9,34.8,13.2,3.9,1.2,5156,5.1,74757,51862,10890,28837,326,1782,1925,3776,2531,1795,22895,13883,2793,2603,2276,1340,69.4,14.6,38.6,0.4,2.4,2.6,5.1,3.4,2.4,30.6,18.6,3.7,3.5,3.0,1.8,3.3856361277204807,83057,18622,11388,13304,2939,9779,23604,3421,22.4,13.7,16.0,3.5,11.8,28.4,4.1,41224,31155,15948,15207,242,5446,648,4798,3932,3475,101,275,81,449,75.6,38.7,36.9,0.6,13.2,1.6,11.6,9.5,8.4,0.2,0.7,0.2,1.1
E07000195,Newcastle-under-Lyme,123871,55311,42716,17802,6312,1730,44.7,34.5,14.4,5.1,1.4,8042,6.5,92335,61568,12736,34876,244,1525,1705,3513,3378,3591,30767,14830,7063,2983,4341,1550,66.7,13.8,37.8,0.3,1.7,1.8,3.8,3.7,3.9,33.3,16.1,7.6,3.2,4.7,1.7,3.658417718091731,102813,27529,13094,16098,3976,14874,23121,4121,26.8,12.7,15.7,3.9,14.5,22.5,4.0,52574,36332,18495,17837,226,9840,3399,6441,5511,4932,49,410,120,665,69.1,35.2,33.9,0.4,18.7,6.5,12.3,10.5,9.4,0.1,0.8,0.2,1.3
E07000196,South Staffordshire,108131,49032,38390,14901,4435,1373,45.3,35.5,13.8,4.1,1.3,5808,5.4,80718,56418,12224,30995,382,1964,1889,4217,2670,2077,24300,14754,3158,2560,2228,1600,69.9,15.1,38.4,0.5,2.4,2.3,5.2,3.3,2.6,30.1,18.3,3.9,3.2,2.8,2.0,3.3078123838549023,90506,21699,12597,14973,3631,11356,22707,3543,24.0,13.9,16.5,4.0,12.5,25.1,3.9,44458,33669,17809,15860,249,6193,646,5547,3772,3371,76,265,60,575,75.7,40.1,35.7,0.6,13.9,1.5,12.5,8.5,7.6,0.2,0.6,0.1,1.3
E07000197,Stafford,130869,60366,46574,17316,5118,1495,46.1,35.6,13.2,3.9,1.1,6613,5.0,97297,68274,14101,38948,353,2052,2149,4320,3028,3323,29023,16246,4921,2888,3024,1944,70.2,14.5,40.0,0.4,2.1,2.2,4.4,3.1,3.4,29.8,16.7,5.1,3.0,3.1,2.0,3.1121206203685623,108626,22150,13804,17192,3751,14057,32887,4785,20.4,12.7,15.8,3.5,12.9,30.3,4.4,55703,39880,20259,19621,279,7618,2420,5198,7206,6239,193,466,308,720,71.6,36.4,35.2,0.5,13.7,4.3,9.3,12.9,11.2,0.3,0.8,0.6,1.3
E07000198,Staffordshire Moorlands,97106,42874,34050,14432,4420,1330,44.2,35.1,14.9,4.6,1.4,5750,6.0,72085,49988,10527,27432,349,1690,1784,4348,2031,1827,22097,13745,2379,2093,2926,954,69.3,14.6,38.1,0.5,2.3,2.5,6.0,2.8,2.5,30.7,19.1,3.3,2.9,4.1,1.3,2.817507109662204,81106,21560,10406,13005,3369,9943,19255,3568,26.6,12.8,16.0,4.2,12.3,23.7,4.4,41772,33288,18413,14875,127,3699,1343,2356,4103,3595,46,399,63,555,79.7,44.1,35.6,0.3,8.9,3.2,5.6,9.8,8.6,0.1,1.0,0.2,1.3
E07000199,Tamworth,76813,35029,27064,10314,3399,1007,45.6,35.2,13.4,4.4,1.3,4406,5.7,56833,41188,8566,24514,123,653,922,2342,2541,1527,15645,8104,2012,2366,2344,819,72.5,15.1,43.1,0.2,1.1,1.6,4.1,4.5,2.7,27.5,14.3,3.5,4.2,4.1,1.4,4.470993964773987,61467,16467,10713,10954,2283,7682,10706,2662,26.8,17.4,17.8,3.7,12.5,17.4,4.3,31617,21575,8790,12785,158,6108,4482,1626,3476,3157,14,272,33,300,68.2,27.8,40.4,0.5,19.3,14.2,5.1,11.0,10.0,0.0,0.9,0.1,0.9
E07000218,North Warwickshire,62014,27979,21604,8725,2850,856,45.1,34.8,14.1,4.6,1.4,3706,6.0,46170,33151,6732,18982,176,989,1040,2491,1662,1079,13019,7636,1534,1543,1632,674,71.8,14.6,41.1,0.4,2.1,2.3,5.4,3.6,2.3,28.2,16.5,3.3,3.3,3.5,1.5,3.599740090968161,51049,14253,7800,8551,2091,6079,10096,2179,27.9,15.3,16.8,4.1,11.9,19.8,4.3,25812,18686,9007,9679,176,3719,2687,1032,2913,2635,34,198,46,318,72.4,34.9,37.5,0.7,14.4,10.4,4.0,11.3,10.2,0.1,0.8,0.2,1.2
E07000219,Nuneaton and Bedworth,125252,55086,44255,18133,6019,1759,44.0,35.3,14.5,4.8,1.4,7778,6.199999999999999,92090,65173,13588,38428,218,1156,1490,3412,4363,2518,26917,14372,3280,3616,4058,1591,70.8,14.8,41.7,0.2,1.3,1.6,3.7,4.7,2.7,29.2,15.6,3.6,3.9,4.4,1.7,4.737756542512759,101244,28384,15829,16561,4825,11760,18801,5084,28.0,15.6,16.4,4.8,11.6,18.6,5.0,52711,37617,17545,20072,270,7633,5785,1848,6683,6041,52,522,68,508,71.4,33.3,38.1,0.5,14.5,11.0,3.5,12.7,11.5,0.1,1.0,0.1,1.0
E07000220,Rugby,100075,47711,35306,12580,3508,970,47.7,35.3,12.6,3.5,1.0,4478,4.5,72759,53457,10096,32415,229,1198,1635,3445,2613,1826,19302,10723,2836,2557,2068,1118,73.5,13.9,44.6,0.3,1.6,2.2,4.7,3.6,2.5,26.5,14.7,3.9,3.5,2.8,1.5,3.591308291757721,80689,15778,10707,12896,4238,9455,22735,4880,19.6,13.3,16.0,5.3,11.7,28.2,6.0,41875,29086,13772,15314,403,5993,3860,2133,5903,5281,174,311,137,490,69.5,32.9,36.6,1.0,14.3,9.2,5.1,14.1,12.6,0.4,0.7,0.3,1.2
E07000221,Stratford-on-Avon,120485,58094,41966,15315,4049,1061,48.2,34.8,12.7,3.4,0.9,5110,4.3,87728,63253,12651,33817,465,2403,3468,6040,2154,2255,24475,15155,2987,3056,2029,1248,72.1,14.4,38.5,0.5,2.7,4.0,6.9,2.5,2.6,27.9,17.3,3.4,3.5,2.3,1.4,2.455316432609885,100042,19345,11971,15619,3619,11712,33396,4380,19.3,12.0,15.6,3.6,11.7,33.4,4.4,51928,37304,20315,16989,561,6713,594,6119,6596,5885,191,375,145,754,71.8,39.1,32.7,1.1,12.9,1.1,11.8,12.7,11.3,0.4,0.7,0.3,1.5
E07000222,Warwick,137648,69660,46720,15719,4275,1274,50.6,33.9,11.4,3.1,0.9,5549,4.0,102883,73309,13456,43062,397,1918,2873,4858,3118,3627,29574,13319,9243,3011,2626,1375,71.3,13.1,41.9,0.4,1.9,2.8,4.7,3.0,3.5,28.7,12.9,9.0,2.9,2.6,1.3,3.030627022928958,114051,18691,11539,14527,3770,16392,43836,5296,16.4,10.1,12.7,3.3,14.4,38.4,4.6,58679,39111,19157,19954,510,7866,5337,2529,10513,9786,134,475,118,679,66.7,32.6,34.0,0.9,13.4,9.1,4.3,17.9,16.7,0.2,0.8,0.2,1.2
E08000025,Birmingham,1073045,488568,363904,148782,54105,17686,45.5,33.9,13.9,5.0,1.6,71791,6.6,760252,488221,96186,251668,2970,9718,15221,24916,54114,33428,272031,81213,74102,48771,39917,28028,64.2,12.7,33.1,0.4,1.3,2.0,3.3,7.1,4.4,35.8,10.7,9.7,6.4,5.3,3.7,7.117903011106844,828363,233835,110158,113967,17654,107913,190335,54501,28.2,13.3,13.8,2.1,13.0,23.0,6.6,410736,226616,106416,120200,3940,99592,63458,36134,73405,68647,366,3398,994,7183,55.2,25.9,29.3,1.0,24.2,15.4,8.8,17.9,16.7,0.1,0.8,0.2,1.7
E08000026,Coventry,316960,145948,109815,42006,14765,4426,46.0,34.6,13.3,4.7,1.4,19191,6.1,231871,153745,29800,84624,549,2574,3659,7558,12532,12449,78126,27790,24219,10049,10487,5581,66.3,12.9,36.5,0.2,1.1,1.6,3.3,5.4,5.4,33.7,12.0,10.4,4.3,4.5,2.4,5.404729353821737,254106,60799,33782,35777,10256,36184,58566,18742,23.9,13.3,14.1,4.0,14.2,23.0,7.4,128592,77880,37644,40236,750,21914,6988,14926,26503,24461,118,1371,553,1545,60.6,29.3,31.3,0.6,17.0,5.4,11.6,20.6,19.0,0.1,1.1,0.4,1.2
E08000027,Dudley,312925,132825,111905,47828,15918,4449,42.4,35.8,15.3,5.1,1.4,20367,6.5,226726,155530,33987,86654,618,3051,4219,9191,12064,5746,71196,36619,9636,10355,10060,4526,68.6,15.0,38.2,0.3,1.3,1.9,4.1,5.3,2.5,31.4,16.2,4.3,4.6,4.4,2.0,5.320960101620458,253421,75980,36286,42371,8888,30056,48584,11256,30.0,14.3,16.7,3.5,11.9,19.2,4.4,129867,89304,45383,43921,707,25719,21874,3845,12004,10938,105,818,143,2133,68.8,34.9,33.8,0.5,19.8,16.8,3.0,9.2,8.4,0.1,0.6,0.1,1.6
E08000028,Sandwell,308063,129182,107081,48087,18171,5542,41.9,34.8,15.6,5.9,1.8,23713,7.7,219508,146653,29779,81339,653,2508,3272,6787,16049,6266,72855,28582,11728,12859,12679,7007,66.8,13.6,37.1,0.3,1.1,1.5,3.1,7.3,2.9,33.2,13.0,5.3,5.9,5.8,3.2,7.31135083914937,241829,85040,34723,35543,6451,25245,37151,17676,35.2,14.4,14.7,2.7,10.4,15.4,7.3,121498,69135,32253,36882,701,33439,27587,5852,15674,14583,88,822,181,2549,56.9,26.5,30.4,0.6,27.5,22.7,4.8,12.9,12.0,0.1,0.7,0.1,2.1
E08000029,Solihull,206674,98197,70683,27056,8241,2497,47.5,34.2,13.1,4.0,1.2,10738,5.2,148360,105108,21701,59212,599,2944,3363,6767,6304,4218,43252,24019,6496,5506,4949,2282,70.8,14.6,39.9,0.4,2.0,2.3,4.6,4.2,2.8,29.2,16.2,4.4,3.7,3.3,1.5,4.249123753033163,167493,38035,22790,26933,5715,19597,47783,6640,22.7,13.6,16.1,3.4,11.7,28.5,4.0,86056,63559,32227,31332,527,12834,10199,2635,8502,7795,63,559,85,634,73.9,37.4,36.4,0.6,14.9,11.9,3.1,9.9,9.1,0.1,0.6,0.1,0.7
E08000030,Walsall,269323,113525,94650,41653,14968,4527,42.2,35.1,15.5,5.6,1.7,19495,7.3,191974,126805,26934,67743,672,2891,3168,7260,13006,5131,65169,28865,9544,11220,9974,5566,66.1,14.0,35.3,0.4,1.5,1.7,3.8,6.8,2.7,33.9,15.0,5.0,5.8,5.2,2.9,6.774875764426433,213123,71839,31117,32616,6365,23022,35989,12175,33.7,14.6,15.3,3.0,10.8,16.9,5.7,107822,67265,33516,33749,601,25967,10774,15193,12569,11533,65,770,201,1420,62.4,31.1,31.3,0.6,24.1,10.0,14.1,11.7,10.7,0.1,0.7,0.2,1.3
E08000031,Wolverhampton,249470,104263,88168,39096,13796,4147,41.8,35.3,15.7,5.5,1.7,17943,7.2,179983,120402,24364,63981,525,2269,2680,5910,14127,6546,59581,23763,11036,9479,9765,5538,66.9,13.5,35.5,0.3,1.3,1.5,3.3,7.8,3.6,33.1,13.2,6.1,5.3,5.4,3.1,7.849074634826622,200047,62467,28187,29790,5497,21199,39021,13886,31.2,14.1,14.9,2.7,10.6,19.5,6.9,102177,57812,29416,28396,419,28648,22796,5852,13455,12517,79,666,193,1843,56.6,28.8,27.8,0.4,28.0,22.3,5.7,13.2,12.3,0.1,0.7,0.2,1.8
E07000234,Bromsgrove,93637,45932,31306,11885,3484,1030,49.1,33.4,12.7,3.7,1.1,4514,4.800000000000001,67807,48664,10393,26705,331,1765,1953,3720,2070,1727,19143,11031,2836,1909,1714,1653,71.8,15.3,39.4,0.5,2.6,2.9,5.5,3.1,2.5,28.2,16.3,4.2,2.8,2.5,2.4,3.0527821611338064,77107,16413,9875,12191,3139,9056,23551,2882,21.3,12.8,15.8,4.1,11.7,30.5,3.7,38290,30436,15554,14882,248,3819,1139,2680,3370,3035,58,237,40,417,79.5,40.6,38.9,0.6,10.0,3.0,7.0,8.8,7.9,0.2,0.6,0.1,1.1
E07000235,Malvern Hills,74631,34011,26171,10494,2939,1016,45.6,35.1,14.1,3.9,1.4,3955,5.3,53512,36261,7704,18038,292,1511,2128,3676,1690,1222,17251,10292,2583,1877,1692,807,67.8,14.4,33.7,0.5,2.8,4.0,6.9,3.2,2.3,32.2,19.2,4.8,3.5,3.2,1.5,3.158170130064285,62219,12637,6957,9636,2385,7068,21113,2423,20.3,11.2,15.5,3.8,11.4,33.9,3.9,32212,23146,13680,9466,263,4547,558,3989,3720,3339,67,263,51,536,71.9,42.5,29.4,0.8,14.1,1.7,12.4,11.5,10.4,0.2,0.8,0.2,1.7
E07000236,Redditch,84214,39391,29354,10913,3522,1034,46.8,34.9,13.0,4.2,1.2,4556,5.4,62523,46220,8991,27383,156,870,1317,2747,2877,1879,16303,8106,2394,2440,2374,989,73.9,14.4,43.8,0.2,1.4,2.1,4.4,4.6,3.0,26.1,13.0,3.8,3.9,3.8,1.6,4.601506645554436,67656,16996,10683,11508,2537,8111,14007,3814,25.1,15.8,17.0,3.7,12.0,20.7,5.6,34722,22796,9204,13592,134,7351,5703,1648,4059,3700,31,299,29,382,65.7,26.5,39.1,0.4,21.2,16.4,4.7,11.7,10.7,0.1,0.9,0.1,1.1
E07000237,Worcester,98768,46851,34497,12625,3780,1015,47.4,34.9,12.8,3.8,1.0,4795,4.8,73382,53966,11000,30777,170,956,1561,3068,3071,3363,19416,8918,4046,2713,2497,1242,73.5,15.0,41.9,0.2,1.3,2.1,4.2,4.2,4.6,26.5,12.2,5.5,3.7,3.4,1.7,4.184949987735412,80291,17116,10235,11928,3116,11644,22211,4041,21.3,12.7,14.9,3.9,14.5,27.7,5.0,42042,27077,12181,14896,436,6438,2356,4082,7645,7093,40,432,80,446,64.4,29.0,35.4,1.0,15.3,5.6,9.7,18.2,16.9,0.1,1.0,0.2,1.1
E07000238,Wychavon,116944,54212,41641,15608,4339,1144,46.4,35.6,13.3,3.7,1.0,5483,4.7,85481,61260,12816,32863,413,2246,2769,5352,2675,2126,24221,14864,2854,2897,2278,1328,71.7,15.0,38.4,0.5,2.6,3.2,6.3,3.1,2.5,28.3,17.4,3.3,3.4,2.7,1.6,3.1293503819562245,97039,21458,12694,15170,3912,11241,27870,4694,22.1,13.1,15.6,4.0,11.6,28.7,4.8,49466,35973,19158,16815,225,7166,771,6395,5419,4843,138,352,86,683,72.7,38.7,34.0,0.5,14.5,1.6,12.9,11.0,9.8,0.3,0.7,0.2,1.4
E07000239,Wyre Forest,97975,42730,34481,14881,4548,1335,43.6,35.2,15.2,4.6,1.4,5883,6.0,72331,49712,10994,27045,270,1318,1806,3627,3041,1611,22619,13356,2413,2638,2972,1240,68.7,15.2,37.4,0.4,1.8,2.5,5.0,4.2,2.2,31.3,18.5,3.3,3.6,4.1,1.7,4.204283087472867,81190,22579,11553,13076,3058,9258,17916,3750,27.8,14.2,16.1,3.8,11.4,22.1,4.6,42985,30360,16196,14164,259,6205,2885,3320,5660,5155,46,409,50,501,70.6,37.7,33.0,0.6,14.4,6.7,7.7,13.2,12.0,0.1,1.0,0.1,1.2
E06000055,Bedford UA,157479,73860,56663,19812,5596,1548,46.9,36.0,12.6,3.6,1.0,7144,4.6,113764,81782,15841,45943,431,2107,2815,5473,5060,4112,31982,14517,6231,4918,3749,2567,71.9,13.9,40.4,0.4,1.9,2.5,4.8,4.4,3.6,28.1,12.8,5.5,4.3,3.3,2.3,4.447804226293028,125871,25645,17313,19129,4939,14882,35417,8546,20.4,13.8,15.2,3.9,11.8,28.1,6.8,63812,41937,20018,21919,665,10252,1155,9097,10110,9310,114,514,172,848,65.7,31.4,34.3,1.0,16.1,1.8,14.3,15.8,14.6,0.2,0.8,0.3,1.3
E06000056,Central Bedfordshire UA,254381,125019,90360,29202,7672,2128,49.1,35.5,11.5,3.0,0.8,9800,3.8,186658,139525,26069,81304,678,3678,4981,11135,6443,5237,47133,25111,7768,7346,4409,2499,74.7,14.0,43.6,0.4,2.0,2.7,6.0,3.5,2.8,25.3,13.5,4.2,3.9,2.4,1.3,3.4517674034865906,204602,39644,30583,34714,9623,25869,55793,8376,19.4,14.9,17.0,4.7,12.6,27.3,4.1,104399,75743,33039,42704,874,13981,5464,8517,12612,10973,459,756,424,1189,72.6,31.6,40.9,0.8,13.4,5.2,8.2,12.1,10.5,0.4,0.7,0.4,1.1
E06000032,Luton UA,203201,94607,73300,25277,7571,2446,46.6,36.1,12.4,3.7,1.2,10017,4.9,145208,100272,18407,53271,635,2136,2948,6479,8337,8059,44936,14336,10703,9660,5496,4741,69.1,12.7,36.7,0.4,1.5,2.0,4.5,5.7,5.5,30.9,9.9,7.4,6.7,3.8,3.3,5.741419205553413,156445,36953,22813,22720,5151,17332,34814,16662,23.6,14.6,14.5,3.3,11.1,22.3,10.7,74293,44696,18619,26077,288,11715,7973,3742,16816,15802,70,726,218,778,60.2,25.1,35.1,0.4,15.8,10.7,5.0,22.6,21.3,0.1,1.0,0.3,1.0
E06000031,Peterborough UA,183631,81275,68493,24362,7425,2076,44.3,37.3,13.3,4.0,1.1,9501,5.1,132318,95646,18654,56704,438,1946,2627,5001,6691,3585,36672,15323,5104,7270,5484,3491,72.3,14.1,42.9,0.3,1.5,2.0,3.8,5.1,2.7,27.7,11.6,3.9,5.5,4.1,2.6,5.056757206124638,144495,36158,22288,23338,5037,15589,29245,12840,25.0,15.4,16.2,3.5,10.8,20.2,8.9,74023,43877,19134,24743,689,14434,4751,9683,14168,12855,288,699,326,855,59.3,25.8,33.4,0.9,19.5,6.4,13.1,19.1,17.4,0.4,0.9,0.4,1.2
E06000033,Southend-on-Sea UA,173658,78341,60929,24420,7778,2190,45.1,35.1,14.1,4.5,1.3,9968,5.8,125007,88324,17949,47972,451,2168,3348,6834,6209,3393,36683,17655,4769,6298,5311,2650,70.7,14.4,38.4,0.4,1.7,2.7,5.5,5.0,2.7,29.3,14.1,3.8,5.0,4.2,2.1,4.966921852376267,140621,34621,23075,24619,4161,16055,30691,7399,24.6,16.4,17.5,3.0,11.4,21.8,5.3,74678,48666,22960,25706,306,8597,5079,3518,16439,15472,100,754,113,670,65.2,30.7,34.4,0.4,11.5,6.8,4.7,22.0,20.7,0.1,1.0,0.2,0.9
E06000034,Thurrock UA,157705,76012,54788,19389,5888,1628,48.2,34.7,12.3,3.7,1.0,7516,4.7,114124,84464,16370,48620,347,1750,2091,5973,6190,3123,29660,13377,3987,5903,4037,2356,74.0,14.3,42.6,0.3,1.5,1.8,5.2,5.4,2.7,26.0,11.7,3.5,5.2,3.5,2.1,5.42392485366794,123407,32643,22396,21639,4218,13483,21519,7509,26.5,18.1,17.5,3.4,10.9,17.4,6.1,62353,41278,15899,25379,302,11503,10055,1448,8772,8220,51,443,58,498,66.2,25.5,40.7,0.5,18.4,16.1,2.3,14.1,13.2,0.1,0.7,0.1,0.8
E07000008,Cambridge,123867,67743,39600,12021,3533,970,54.7,32.0,9.7,2.9,0.8,4503,3.7,98283,62886,10001,37350,227,1254,2300,3510,2641,5603,35397,7001,21463,2949,2437,1547,64.0,10.2,38.0,0.2,1.3,2.3,3.6,2.7,5.7,36.0,7.1,21.8,3.0,2.5,1.6,2.6871381622457595,106007,12606,7294,9159,2024,17943,50169,6812,11.9,6.9,8.6,1.9,16.9,47.3,6.4,46714,22171,11639,10532,526,11023,7109,3914,12258,11170,281,394,413,736,47.5,24.9,22.5,1.1,23.6,15.2,8.4,26.2,23.9,0.6,0.8,0.9,1.6
E07000009,East Cambridgeshire,83818,40874,29487,10131,2614,712,48.8,35.2,12.1,3.1,0.8,3326,3.9,60714,45920,8811,26726,246,1397,1884,3700,1747,1409,14794,8224,1784,2531,1438,817,75.6,14.5,44.0,0.4,2.3,3.1,6.1,2.9,2.3,24.4,13.5,2.9,4.2,2.4,1.3,2.8774253055308496,67481,14127,8844,10556,2928,7700,19583,3743,20.9,13.1,15.6,4.3,11.4,29.0,5.5,34614,23719,11145,12574,506,4944,457,4487,4576,4144,100,273,59,869,68.5,32.2,36.3,1.5,14.3,1.3,13.0,13.2,12.0,0.3,0.8,0.2,2.5
E07000010,Fenland,95262,37577,36042,15760,4590,1293,39.4,37.8,16.5,4.8,1.4,5883,6.199999999999999,69258,47829,9701,27304,226,1200,1403,3579,2931,1485,21429,11869,2146,2954,3100,1360,69.1,14.0,39.4,0.3,1.7,2.0,5.2,4.2,2.1,30.9,17.1,3.1,4.3,4.5,2.0,4.232002079182188,78482,24523,12253,13323,3173,8151,11677,5382,31.2,15.6,17.0,4.0,10.4,14.9,6.9,40620,28436,14490,13946,205,5054,895,4159,6341,5802,55,414,70,584,70.0,35.7,34.3,0.5,12.4,2.2,10.2,15.6,14.3,0.1,1.0,0.2,1.4
E07000011,Huntingdonshire,169508,82675,60470,19682,5239,1442,48.8,35.7,11.6,3.1,0.9,6681,4.0,125346,93481,17780,56515,440,2272,3044,6156,3957,3317,31865,17677,4002,4746,3112,2328,74.6,14.2,45.1,0.4,1.8,2.4,4.9,3.2,2.6,25.4,14.1,3.2,3.8,2.5,1.9,3.156861806519553,137157,26361,20055,23266,5221,16977,38301,6976,19.2,14.6,17.0,3.8,12.4,27.9,5.1,69333,49398,22171,27227,508,8939,1811,7128,9770,8636,311,593,230,718,71.2,32.0,39.3,0.7,12.9,2.6,10.3,14.1,12.5,0.4,0.9,0.3,1.0
E07000012,South Cambridgeshire,148755,78041,50147,15792,3739,1036,52.5,33.7,10.6,2.5,0.7,4775,3.2,107779,82079,15597,48499,443,2362,3712,5995,2499,2972,25700,14045,4295,3875,2133,1352,76.2,14.5,45.0,0.4,2.2,3.4,5.6,2.3,2.8,23.8,13.0,4.0,3.6,2.0,1.3,2.318633500032474,119342,18248,13275,17129,4643,13472,47852,4723,15.3,11.1,14.4,3.9,11.3,40.1,4.0,59960,42129,20759,21370,1258,8546,5464,3082,7174,6213,362,350,249,853,70.3,34.6,35.6,2.1,14.3,9.1,5.1,12.0,10.4,0.6,0.6,0.4,1.4
E07000066,Basildon,174497,80704,60991,23145,7355,2302,46.2,35.0,13.3,4.2,1.3,9657,5.5,125795,89570,17855,50693,371,2087,2703,6956,5846,3059,36225,17497,4297,7204,4953,2274,71.2,14.2,40.3,0.3,1.7,2.1,5.5,4.6,2.4,28.8,13.9,3.4,5.7,3.9,1.8,4.647243531141938,139198,37084,25629,24568,4986,14961,25939,6031,26.6,18.4,17.6,3.6,10.7,18.6,4.3,72746,47972,21037,26935,720,15976,10309,5667,7448,6825,65,459,99,630,65.9,28.9,37.0,1.0,22.0,14.2,7.8,10.2,9.4,0.1,0.6,0.1,0.9
E07000067,Braintree,147084,69884,52492,18291,5046,1371,47.5,35.7,12.4,3.4,0.9,6417,4.3,106718,78715,15747,43859,411,2159,3109,6731,4014,2685,28003,15027,3153,4890,3347,1586,73.8,14.8,41.1,0.4,2.0,2.9,6.3,3.8,2.5,26.2,14.1,3.0,4.6,3.1,1.5,3.7613148672201504,118098,26958,19524,21412,4604,14154,26212,5234,22.8,16.5,18.1,3.9,12.0,22.2,4.4,61043,41872,18609,23263,362,10055,2378,7677,8083,7332,148,485,118,671,68.6,30.5,38.1,0.6,16.5,3.9,12.6,13.2,12.0,0.2,0.8,0.2,1.1
E07000068,Brentwood,73601,37548,24537,8565,2306,645,51.0,33.3,11.6,3.1,0.9,2951,4.0,52959,38149,7142,21677,242,1280,1705,3237,1667,1199,14810,7884,2330,2564,1215,817,72.0,13.5,40.9,0.5,2.4,3.2,6.1,3.1,2.3,28.0,14.9,4.4,4.8,2.3,1.5,3.147718046035612,60115,11651,8543,10328,1979,6867,18441,2306,19.4,14.2,17.2,3.3,11.4,30.7,3.8,30646,23028,11634,11394,194,3586,2703,883,3452,3148,65,184,55,386,75.1,38.0,37.2,0.6,11.7,8.8,2.9,11.3,10.3,0.2,0.6,0.2,1.3
E07000069,Castle Point,88011,38280,31786,12963,3873,1109,43.5,36.1,14.7,4.4,1.3,4982,5.7,64626,44080,9525,23519,217,1231,1505,4225,2289,1569,20546,12525,1852,3086,2036,1047,68.2,14.7,36.4,0.3,1.9,2.3,6.5,3.5,2.4,31.8,19.4,2.9,4.8,3.2,1.6,3.5419181134527897,73142,21885,13177,12997,3393,7780,10693,3217,29.9,18.0,17.8,4.6,10.6,14.6,4.4,36440,30101,15691,14410,103,1949,1453,496,3968,3584,14,311,59,319,82.6,43.1,39.5,0.3,5.3,4.0,1.4,10.9,9.8,0.0,0.9,0.2,0.9
E07000070,Chelmsford,168310,84476,58430,19261,4778,1365,50.2,34.7,11.4,2.8,0.8,6143,3.6,123693,91339,18138,52442,433,2303,3346,6693,4223,3761,32354,17484,4840,5230,2810,1990,73.8,14.7,42.4,0.4,1.9,2.7,5.4,3.4,3.0,26.2,14.1,3.9,4.2,2.3,1.6,3.414097806666505,137003,25844,20510,23744,4977,17085,39452,5391,18.9,15.0,17.3,3.6,12.5,28.8,3.9,69667,50978,23696,27282,450,9120,1456,7664,8349,7621,111,505,112,770,73.2,34.0,39.2,0.6,13.1,2.1,11.0,12.0,10.9,0.2,0.7,0.2,1.1
E07000071,Colchester,173074,84520,60279,20925,5692,1658,48.8,34.8,12.1,3.3,1.0,7350,4.3,128562,91385,18471,50589,414,2176,3147,6417,4456,5715,37177,16901,8950,5226,4135,1965,71.1,14.4,39.3,0.3,1.7,2.4,5.0,3.5,4.4,28.9,13.1,7.0,4.1,3.2,1.5,3.466031953454365,141427,27440,20294,23629,4772,19572,38412,7308,19.4,14.3,16.7,3.4,13.8,27.2,5.2,71634,47507,22840,24667,325,9669,5894,3775,13390,11689,505,711,485,743,66.3,31.9,34.4,0.5,13.5,8.2,5.3,18.7,16.3,0.7,1.0,0.7,1.0
E07000072,Epping Forest,124659,61413,42077,15435,4441,1293,49.3,33.8,12.4,3.6,1.0,5734,4.6,90622,65304,12023,34722,582,2840,3155,6614,3259,2109,25318,12746,4055,4459,2378,1680,72.1,13.3,38.3,0.6,3.1,3.5,7.3,3.6,2.3,27.9,14.1,4.5,4.9,2.6,1.9,3.5962569795413915,101708,24360,15839,16544,3364,11261,25769,4571,24.0,15.6,16.3,3.3,11.1,25.3,4.5,51991,37565,18070,19495,206,7803,6208,1595,5742,5307,93,282,60,675,72.3,34.8,37.5,0.4,15.0,11.9,3.1,11.0,10.2,0.2,0.5,0.1,1.3
E07000073,Harlow,81944,36969,29380,11203,3398,994,45.1,35.9,13.7,4.1,1.2,4392,5.3,58669,43847,8643,25261,142,733,1181,3050,3043,1794,14822,6625,2102,2778,2188,1129,74.7,14.7,43.1,0.2,1.2,2.0,5.2,5.2,3.1,25.3,11.3,3.6,4.7,3.7,1.9,5.186725527961956,65061,16948,12211,11167,2328,7282,11468,3657,26.0,18.8,17.2,3.6,11.2,17.6,5.6,34620,19429,7351,12078,326,10808,9327,1481,3756,3474,21,227,34,301,56.1,21.2,34.9,0.9,31.2,26.9,4.3,10.8,10.0,0.1,0.7,0.1,0.9
E07000074,Maldon,61629,28471,21961,8269,2260,668,46.2,35.6,13.4,3.7,1.1,2928,4.800000000000001,45406,31856,6640,16765,232,1143,1558,3175,1381,962,13550,8148,1353,2122,1293,634,70.2,14.6,36.9,0.5,2.5,3.4,7.0,3.0,2.1,29.8,17.9,3.0,4.7,2.8,1.4,3.041448266748888,50804,11749,8153,8771,2355,5692,12009,2075,23.1,16.0,17.3,4.6,11.2,23.6,4.1,25817,20251,10314,9937,97,2685,157,2528,2493,2208,45,206,34,291,78.4,40.0,38.5,0.4,10.4,0.6,9.8,9.7,8.6,0.2,0.8,0.1,1.1
E07000075,Rochford,83287,39774,29085,10832,2816,780,47.8,34.9,13.0,3.4,0.9,3596,4.3,60425,42804,9179,23556,228,1176,1625,3739,1836,1465,17621,10715,1846,2756,1395,909,70.8,15.2,39.0,0.4,1.9,2.7,6.2,3.0,2.4,29.2,17.7,3.1,4.6,2.3,1.5,3.0384774513860155,68271,16134,12132,12531,2956,8158,13659,2701,23.6,17.8,18.4,4.3,11.9,20.0,4.0,33564,27822,13927,13895,79,2547,406,2141,2844,2535,31,220,58,272,82.9,41.5,41.4,0.2,7.6,1.2,6.4,8.5,7.6,0.1,0.7,0.2,0.8
E07000076,Tendring,138048,53035,49451,25052,8048,2462,38.4,35.8,18.1,5.8,1.8,10510,7.6,97050,59908,14148,29346,340,1813,2525,5113,4533,2090,37142,22402,3223,4469,5131,1917,61.7,14.6,30.2,0.4,1.9,2.6,5.3,4.7,2.2,38.3,23.1,3.3,4.6,5.3,2.0,4.670788253477589,115495,39616,17499,18751,4740,11002,18340,5547,34.3,15.2,16.2,4.1,9.5,15.9,4.8,62105,45752,27696,18056,238,5243,2988,2255,10064,9210,88,664,102,808,73.7,44.6,29.1,0.4,8.4,4.8,3.6,16.2,14.8,0.1,1.1,0.2,1.3
E07000077,Uttlesford,79443,41746,26483,8620,2067,527,52.5,33.3,10.9,2.6,0.7,2594,3.3,57086,42473,8306,22883,305,1726,2245,4138,1527,1343,14613,7685,2371,2778,1006,773,74.4,14.5,40.1,0.5,3.0,3.9,7.2,2.7,2.4,25.6,13.5,4.2,4.9,1.8,1.4,2.674911536979294,63399,11232,8791,10919,2092,7594,20251,2520,17.7,13.9,17.2,3.3,12.0,31.9,4.0,31316,22425,10668,11757,321,3961,2660,1301,4108,3608,169,220,111,501,71.6,34.1,37.5,1.0,12.6,8.5,4.2,13.1,11.5,0.5,0.7,0.4,1.6
E07000095,Broxbourne,93609,44661,33072,11544,3357,975,47.7,35.3,12.3,3.6,1.0,4332,4.6,67599,49426,9790,27083,296,1328,1720,4537,2825,1847,18173,8930,2927,3221,1861,1234,73.1,14.5,40.1,0.4,2.0,2.5,6.7,4.2,2.7,26.9,13.2,4.3,4.8,2.8,1.8,4.1790559031938335,74850,19122,13262,12871,2741,8401,14394,4059,25.5,17.7,17.2,3.7,11.2,19.2,5.4,37658,27460,12262,15198,418,5297,1106,4191,4199,3934,24,211,30,284,72.9,32.6,40.4,1.1,14.1,2.9,11.1,11.2,10.4,0.1,0.6,0.1,0.8
E07000096,Dacorum,144847,72910,49326,16778,4576,1257,50.3,34.1,11.6,3.2,0.9,5833,4.1000000000000005,104410,77800,14422,44421,371,2037,3356,6441,3829,2923,26610,12906,4003,4730,2788,2183,74.5,13.8,42.5,0.4,2.0,3.2,6.2,3.7,2.8,25.5,12.4,3.8,4.5,2.7,2.1,3.6672732496887273,115983,21768,17067,18714,4023,13410,35872,5129,18.8,14.7,16.1,3.5,11.6,30.9,4.4,59938,38877,17458,21419,373,13045,10407,2638,7107,6516,129,386,76,536,64.9,29.1,35.7,0.6,21.8,17.4,4.4,11.9,10.9,0.2,0.6,0.1,0.9
E07000097,East Hertfordshire,137687,72332,46399,14325,3678,953,52.5,33.7,10.4,2.7,0.7,4631,3.4000000000000004,100093,75434,14070,43787,404,2386,3279,6252,2849,2407,24659,12485,4401,4404,2066,1303,75.4,14.1,43.7,0.4,2.4,3.3,6.2,2.8,2.4,24.6,12.5,4.4,4.4,2.1,1.3,2.846352891810616,110139,18959,14893,18440,3481,13145,36867,4354,17.2,13.5,16.7,3.2,11.9,33.5,4.0,56577,40665,18186,22479,508,7185,1129,6056,7446,6906,131,322,87,773,71.9,32.1,39.7,0.9,12.7,2.0,10.7,13.2,12.2,0.2,0.6,0.2,1.4
E07000098,Hertsmere,100031,51558,32887,11433,3208,945,51.5,32.9,11.4,3.2,0.9,4153,4.1000000000000005,71511,52435,9622,28167,337,1903,2847,4913,2650,1996,19076,8029,4378,3369,1980,1320,73.3,13.5,39.4,0.5,2.7,4.0,6.9,3.7,2.8,26.7,11.2,6.1,4.7,2.8,1.8,3.705723594971403,79841,15502,11257,12601,2290,8950,24588,4653,19.4,14.1,15.8,2.9,11.2,30.8,5.8,39778,26897,12489,14408,471,6932,756,6176,4981,4500,161,208,112,497,67.6,31.4,36.2,1.2,17.4,1.9,15.5,12.5,11.3,0.4,0.5,0.3,1.2
E07000099,North Hertfordshire,127114,63801,43360,14965,3958,1030,50.2,34.1,11.8,3.1,0.8,4988,3.9,91510,68564,12782,40147,384,1805,2861,4990,3145,2450,22946,12149,3429,3959,2179,1230,74.9,14.0,43.9,0.4,2.0,3.1,5.5,3.4,2.7,25.1,13.3,3.7,4.3,2.4,1.3,3.436782865260627,102388,18416,13480,15758,3565,11632,35242,4295,18.0,13.2,15.4,3.5,11.4,34.4,4.2,53426,35072,16201,18871,472,10304,3774,6530,6993,6460,97,324,112,585,65.6,30.3,35.3,0.9,19.3,7.1,12.2,13.1,12.1,0.2,0.6,0.2,1.1
E07000100,St Albans,140664,77531,44813,13802,3521,997,55.1,31.9,9.8,2.5,0.7,4518,3.2,99863,74553,13476,42999,434,2416,3806,5910,2715,2797,25310,12321,4614,4817,2078,1480,74.7,13.5,43.1,0.4,2.4,3.8,5.9,2.7,2.8,25.3,12.3,4.6,4.8,2.1,1.5,2.7187246527743008,110590,14268,11061,14763,3076,11518,51251,4653,12.9,10.0,13.3,2.8,10.4,46.3,4.2,56140,40831,19409,21422,261,6832,4753,2079,7624,7065,131,315,113,592,72.7,34.6,38.2,0.5,12.2,8.5,3.7,13.6,12.6,0.2,0.6,0.2,1.1
E07000101,Stevenage,83957,39514,29953,10652,2984,854,47.1,35.7,12.7,3.6,1.0,3838,4.6,60988,46140,8729,27053,140,760,1222,3130,2925,2181,14848,6749,2269,2795,1998,1037,75.7,14.3,44.4,0.2,1.2,2.0,5.1,4.8,3.6,24.3,11.1,3.7,4.6,3.3,1.7,4.796025447629042,66866,14390,12065,11941,2521,7889,14762,3298,21.5,18.0,17.9,3.8,11.8,22.1,4.9,34898,20339,7736,12603,422,9902,7964,1938,3980,3630,16,309,25,255,58.3,22.2,36.1,1.2,28.4,22.8,5.6,11.4,10.4,0.0,0.9,0.1,0.7
E07000102,Three Rivers,87317,44267,29873,9772,2672,733,50.7,34.2,11.2,3.1,0.8,3405,3.9,62440,46280,8425,25698,331,1713,2419,4076,1984,1634,16160,7971,2830,2910,1417,1032,74.1,13.5,41.2,0.5,2.7,3.9,6.5,3.2,2.6,25.9,12.8,4.5,4.7,2.3,1.7,3.177450352338244,69819,12261,9218,11045,2337,8037,23675,3246,17.6,13.2,15.8,3.3,11.5,33.9,4.6,35108,25532,11988,13544,194,5318,1680,3638,3708,3253,167,210,78,356,72.7,34.1,38.6,0.6,15.1,4.8,10.4,10.6,9.3,0.5,0.6,0.2,1.0
E07000103,Watford,90301,45200,31453,9911,2931,806,50.1,34.8,11.0,3.2,0.9,3737,4.1000000000000005,66285,50770,8438,30477,208,1047,1865,3774,2692,2269,15515,6260,3058,3030,1779,1388,76.6,12.7,46.0,0.3,1.6,2.8,5.7,4.1,3.4,23.4,9.4,4.6,4.6,2.7,2.1,4.061250660028664,71693,12513,9501,10752,2104,8361,23082,5380,17.5,13.3,15.0,2.9,11.7,32.2,7.5,36681,22608,8954,13654,426,5987,1469,4518,7371,6930,68,305,68,289,61.6,24.4,37.2,1.2,16.3,4.0,12.3,20.1,18.9,0.2,0.8,0.2,0.8
E07000104,Welwyn Hatfield,110535,56252,37488,12427,3431,937,50.9,33.9,11.2,3.1,0.8,4368,3.9,81514,57036,9939,31315,259,1402,1994,3941,2687,5499,24478,8920,8941,3283,2090,1244,70.0,12.2,38.4,0.3,1.7,2.4,4.8,3.3,6.7,30.0,10.9,11.0,4.0,2.6,1.5,3.2963662683710773,90369,15550,11791,13544,2866,14211,27123,5284,17.2,13.0,15.0,3.2,15.7,30.0,5.8,43613,24995,11561,13434,395,11741,8693,3048,5911,5532,80,214,85,571,57.3,26.5,30.8,0.9,26.9,19.9,7.0,13.6,12.7,0.2,0.5,0.2,1.3
E07000143,Breckland,130491,55097,48663,19565,5623,1543,42.2,37.3,15.0,4.3,1.2,7166,5.5,94176,65029,13772,36350,320,1709,2455,5015,3302,2106,29147,16939,2835,3987,3288,2098,69.1,14.6,38.6,0.3,1.8,2.6,5.3,3.5,2.2,30.9,18.0,3.0,4.2,3.5,2.2,3.506201155283724,107507,30057,16104,18149,4276,11917,20046,6958,28.0,15.0,16.9,4.0,11.1,18.6,6.5,54519,37427,20167,17260,310,7511,1287,6224,8294,7306,297,546,145,977,68.6,37.0,31.7,0.6,13.8,2.4,11.4,15.2,13.4,0.5,1.0,0.3,1.8
E07000144,Broadland,124646,55219,46106,17475,4499,1347,44.3,37.0,14.0,3.6,1.1,5846,4.7,90305,64232,15110,34180,378,1880,2737,5312,2314,2321,26073,16776,2552,3116,2512,1117,71.1,16.7,37.8,0.4,2.1,3.0,5.9,2.6,2.6,28.9,18.6,2.8,3.5,2.8,1.2,2.562427329605227,103657,23744,15328,18098,5651,12388,24026,4422,22.9,14.8,17.5,5.5,12.0,23.2,4.3,53336,42343,23080,19263,304,4567,480,4087,5519,4860,117,466,76,603,79.4,43.3,36.1,0.6,8.6,0.9,7.7,10.3,9.1,0.2,0.9,0.1,1.1
E07000145,Great Yarmouth,97277,39204,35032,16130,5330,1581,40.3,36.0,16.6,5.5,1.6,6911,7.1,70234,46018,11433,22778,217,1176,1430,3021,4258,1705,24216,12881,2526,3443,3741,1625,65.5,16.3,32.4,0.3,1.7,2.0,4.3,6.1,2.4,34.5,18.3,3.6,4.9,5.3,2.3,6.0625907680041005,79748,26164,12531,12846,3735,8418,11336,4718,32.8,15.7,16.1,4.7,10.6,14.2,5.9,42079,27073,15024,12049,146,7255,5824,1431,6926,6280,117,427,102,679,64.3,35.7,28.6,0.3,17.2,13.8,3.4,16.5,14.9,0.3,1.0,0.2,1.6
E07000146,Kings Lynn and West Norfolk,147451,60322,54681,23441,7077,1930,40.9,37.1,15.9,4.8,1.3,9007,6.1,106591,71704,15537,38946,427,2254,2720,5575,3901,2344,34887,20888,3295,4609,4334,1761,67.3,14.6,36.5,0.4,2.1,2.6,5.2,3.7,2.2,32.7,19.6,3.1,4.3,4.1,1.7,3.6597836590331263,122639,35909,17770,19850,4680,13464,23455,7511,29.3,14.5,16.2,3.8,11.0,19.1,6.1,62977,43707,24908,18799,275,8393,1946,6447,9278,7832,535,581,330,1324,69.4,39.6,29.9,0.4,13.3,3.1,10.2,14.7,12.4,0.8,0.9,0.5,2.1
E07000147,North Norfolk,101499,39504,38336,17412,4839,1408,38.9,37.8,17.2,4.8,1.4,6247,6.199999999999999,72453,45819,10606,21871,364,1810,2671,4825,2404,1268,26634,17240,2002,2918,2847,1627,63.2,14.6,30.2,0.5,2.5,3.7,6.7,3.3,1.8,36.8,23.8,2.8,4.0,3.9,2.2,3.3180130567402317,86830,23838,12236,14106,4087,9137,19326,4100,27.5,14.1,16.2,4.7,10.5,22.3,4.7,46046,32293,21083,11210,199,5904,1123,4781,6664,5997,151,433,83,986,70.1,45.8,24.3,0.4,12.8,2.4,10.4,14.5,13.0,0.3,0.9,0.2,2.1
E07000148,Norwich,132512,59454,46939,18620,5862,1637,44.9,35.4,14.1,4.4,1.2,7499,5.6000000000000005,100702,68772,13516,37502,219,1109,1986,3915,5060,5465,31930,10766,9613,4379,4959,2213,68.3,13.4,37.2,0.2,1.1,2.0,3.9,5.0,5.4,31.7,10.7,9.5,4.3,4.9,2.2,5.024726420527894,110805,25073,14129,15342,2858,16885,30722,5796,22.6,12.8,13.8,2.6,15.2,27.7,5.2,60319,26442,12463,13979,433,19702,15222,4480,13089,12122,69,784,114,653,43.8,20.7,23.2,0.7,32.7,25.2,7.4,21.7,20.1,0.1,1.3,0.2,1.1
E07000149,South Norfolk,124012,57480,44400,16575,4297,1260,46.4,35.8,13.4,3.5,1.0,5557,4.5,89337,63158,14032,33553,379,2052,3019,5477,2439,2207,26179,16249,2844,3450,2506,1130,70.7,15.7,37.6,0.4,2.3,3.4,6.1,2.7,2.5,29.3,18.2,3.2,3.9,2.8,1.3,2.730111823768428,101717,22953,13799,17362,4305,11687,27501,4110,22.6,13.6,17.1,4.2,11.5,27.0,4.0,52809,39555,21563,17992,537,5965,1440,4525,5916,5278,106,468,64,836,74.9,40.8,34.1,1.0,11.3,2.7,8.6,11.2,10.0,0.2,0.9,0.1,1.6
E07000200,Babergh,87740,40875,31433,11624,3023,785,46.6,35.8,13.2,3.4,0.9,3808,4.3,63075,44347,9578,23434,300,1403,2255,4065,1879,1433,18728,11468,2129,2671,1593,867,70.3,15.2,37.2,0.5,2.2,3.6,6.4,3.0,2.3,29.7,18.2,3.4,4.2,2.5,1.4,2.978993261989695,71821,16367,10385,12560,2818,8337,18539,2815,22.8,14.5,17.5,3.9,11.6,25.8,3.9,37522,26981,14861,12120,178,4912,3343,1569,4714,4022,249,320,123,737,71.9,39.6,32.3,0.5,13.1,8.9,4.2,12.6,10.7,0.7,0.9,0.3,2.0
E07000201,Forest Heath,59748,28739,21194,7235,2035,545,48.1,35.5,12.1,3.4,0.9,2580,4.3,44053,33115,5705,20939,136,766,973,2198,1412,986,10938,5403,1210,2074,1134,1117,75.2,13.0,47.5,0.3,1.7,2.2,5.0,3.2,2.2,24.8,12.3,2.7,4.7,2.6,2.5,3.2052300637868023,48684,12505,6597,6893,1961,5003,9325,6400,25.7,13.6,14.2,4.0,10.3,19.2,13.1,25376,14174,6907,7267,354,3739,1357,2382,6195,5532,268,246,149,914,55.9,27.2,28.6,1.4,14.7,5.3,9.4,24.4,21.8,1.1,1.0,0.6,3.6
E07000202,Ipswich,133384,60771,47800,18053,5233,1527,45.6,35.8,13.5,3.9,1.1,6760,5.0,97167,71423,16071,40014,239,1144,1768,3956,5212,3019,25744,11279,3736,4662,4048,2019,73.5,16.5,41.2,0.2,1.2,1.8,4.1,5.4,3.1,26.5,11.6,3.8,4.8,4.2,2.1,5.36396101557113,107396,27723,17054,17469,4098,12269,22152,6631,25.8,15.9,16.3,3.8,11.4,20.6,6.2,57298,32467,14723,17744,368,12371,8138,4233,11421,10742,78,493,108,671,56.7,25.7,31.0,0.6,21.6,14.2,7.4,19.9,18.7,0.1,0.9,0.2,1.2
E07000203,Mid Suffolk,96731,46319,34155,12432,3020,805,47.9,35.3,12.9,3.1,0.8,3825,3.9,70073,50607,10977,27013,322,1638,2542,4604,1789,1722,19466,12193,2035,2781,1568,889,72.2,15.7,38.5,0.5,2.3,3.6,6.6,2.6,2.5,27.8,17.4,2.9,4.0,2.2,1.3,2.553051817390436,78907,17621,10963,13279,3247,9820,20864,3113,22.3,13.9,16.8,4.1,12.4,26.4,3.9,40306,30262,15876,14386,343,4544,3280,1264,4515,3804,274,304,133,642,75.1,39.4,35.7,0.9,11.3,8.1,3.1,11.2,9.4,0.7,0.8,0.3,1.6
E07000204,St Edmundsbury,111008,52543,39656,14081,3695,1033,47.3,35.7,12.7,3.3,0.9,4728,4.2,80968,59324,12418,34373,307,1576,2139,3947,2463,2101,21644,12451,2522,2761,2066,1844,73.3,15.3,42.5,0.4,1.9,2.6,4.9,3.0,2.6,26.7,15.4,3.1,3.4,2.6,2.3,3.04194249580081,90683,20277,13260,15616,3565,10868,22278,4819,22.4,14.6,17.2,3.9,12.0,24.6,5.3,45802,30626,15437,15189,376,7321,2808,4513,6798,5892,315,375,216,681,66.9,33.7,33.2,0.8,16.0,6.1,9.9,14.8,12.9,0.7,0.8,0.5,1.5
E07000205,Suffolk Coastal,124298,57526,44087,17122,4427,1136,46.3,35.5,13.8,3.6,0.9,5563,4.5,88250,61006,14036,31974,481,2007,3170,4799,2394,2145,27244,17161,2817,3423,2328,1515,69.1,15.9,36.2,0.5,2.3,3.6,5.4,2.7,2.4,30.9,19.4,3.2,3.9,2.6,1.7,2.712747875354108,102401,21592,13784,17078,4221,11582,29678,4466,21.1,13.5,16.7,4.1,11.3,29.0,4.4,53558,39193,22774,16419,234,6066,521,5545,7267,6487,261,384,135,798,73.2,42.5,30.7,0.4,11.3,1.0,10.4,13.6,12.1,0.5,0.7,0.3,1.5
E07000206,Waveney,115254,47348,41820,18541,5829,1716,41.1,36.3,16.1,5.1,1.5,7545,6.6,81877,53460,13463,26780,311,1401,2007,3752,3724,2022,28417,16590,2557,3748,3747,1775,65.3,16.4,32.7,0.4,1.7,2.5,4.6,4.5,2.5,34.7,20.3,3.1,4.6,4.6,2.2,4.5482858433992455,95369,28447,13550,15490,5196,11128,17052,4506,29.8,14.2,16.2,5.4,11.7,17.9,4.7,50883,35290,20503,14787,215,7148,4234,2914,7578,6920,89,511,58,652,69.4,40.3,29.1,0.4,14.0,8.3,5.7,14.9,13.6,0.2,1.0,0.1,1.3
E09000007,Camden,220338,117692,67334,22963,9174,3175,53.4,30.6,10.4,4.2,1.4,12349,5.6,173833,118397,13727,66955,800,4333,6542,11629,7755,6656,55436,11908,22734,7874,7663,5257,68.1,7.9,38.5,0.5,2.5,3.8,6.7,4.5,3.8,31.9,6.9,13.1,4.5,4.4,3.0,4.46117825729292,184873,23451,12556,14454,1558,22340,93453,17061,12.7,6.8,7.8,0.8,12.1,50.5,9.2,97534,31368,16644,14724,674,32295,22473,9822,31434,29706,282,981,465,1763,32.2,17.1,15.1,0.7,33.1,23.0,10.1,32.2,30.5,0.3,1.0,0.5,1.8
E09000001,City of London,7375,4112,2374,643,190,56,55.8,32.2,8.7,2.6,0.8,246,3.4000000000000004,6307,4972,360,3245,32,281,213,510,187,144,1335,580,363,153,116,123,78.8,5.7,51.5,0.5,4.5,3.4,8.1,3.0,2.3,21.2,9.2,5.8,2.4,1.8,2.0,2.964959568733154,6755,454,291,445,47,484,4618,416,6.7,4.3,6.6,0.7,7.2,68.4,6.2,4385,1855,1093,762,13,725,458,267,1573,1451,16,61,45,219,42.3,24.9,17.4,0.3,16.5,10.4,6.1,35.9,33.1,0.4,1.4,1.0,5.0
E09000012,Hackney,246270,128442,75699,26837,11183,4109,52.2,30.7,10.9,4.5,1.7,15292,6.2,187423,133883,21394,68680,935,3056,6434,12868,13207,7309,53540,10441,16455,9262,9788,7594,71.4,11.4,36.6,0.5,1.6,3.4,6.9,7.0,3.9,28.6,5.6,8.8,4.9,5.2,4.1,7.046627148215534,195145,38172,17500,19612,1862,18106,81591,18302,19.6,9.0,10.0,1.0,9.3,41.8,9.4,101690,24179,8597,15582,2374,44430,24163,20267,29449,28112,79,947,311,1258,23.8,8.5,15.3,2.3,43.7,23.8,19.9,29.0,27.6,0.1,0.9,0.3,1.2
E09000013,Hammersmith and Fulham,182493,103036,53374,17188,6531,2364,56.5,29.2,9.4,3.6,1.3,8895,4.9,145552,107754,11073,66703,607,3078,4927,9252,7060,5054,37798,9135,11919,6645,5670,4429,74.0,7.6,45.8,0.4,2.1,3.4,6.4,4.9,3.5,26.0,6.3,8.2,4.6,3.9,3.0,4.8505001648895245,152863,19515,10725,12738,1768,16306,75765,16046,12.8,7.0,8.3,1.2,10.7,49.6,10.5,80590,27397,12777,14620,1257,25133,12683,12450,25555,24215,132,949,259,1248,34.0,15.9,18.1,1.6,31.2,15.7,15.4,31.7,30.0,0.2,1.2,0.3,1.5
E09000014,Haringey,254926,126485,85567,28444,10650,3780,49.6,33.6,11.2,4.2,1.5,14430,5.7,193062,138189,21601,70472,983,3849,8266,13715,11730,7573,54873,13391,15945,9604,8448,7485,71.6,11.2,36.5,0.5,2.0,4.3,7.1,6.1,3.9,28.4,6.9,8.3,5.0,4.4,3.9,6.075768406004289,202856,36163,17685,20563,1981,19456,82727,24281,17.8,8.7,10.1,1.0,9.6,40.8,12.0,101955,39603,16326,23277,1533,27242,17288,9954,32095,30924,109,737,325,1482,38.8,16.0,22.8,1.5,26.7,17.0,9.8,31.5,30.3,0.1,0.7,0.3,1.5
E09000019,Islington,206125,106386,63382,23113,9771,3473,51.6,30.7,11.2,4.7,1.7,13244,6.4,165149,117488,13596,69852,552,3196,4834,10295,8960,6203,47661,10204,16458,6611,8707,5681,71.1,8.2,42.3,0.3,1.9,2.9,6.2,5.4,3.8,28.9,6.2,10.0,4.0,5.3,3.4,5.425403726331979,173300,29448,13943,14552,1743,16904,83276,13434,17.0,8.0,8.4,1.0,9.8,48.1,7.8,93556,26564,10587,15977,1207,39342,25014,14328,25217,23954,99,852,312,1226,28.4,11.3,17.1,1.3,42.1,26.7,15.3,27.0,25.6,0.1,0.9,0.3,1.3
E09000020,Kensington and Chelsea,158649,91764,45189,14464,5357,1875,57.8,28.5,9.1,3.4,1.2,7232,4.6,126080,87517,8583,51211,808,4604,5215,8777,5433,2886,38563,10119,11031,7740,4503,5170,69.4,6.8,40.6,0.6,3.7,4.1,7.0,4.3,2.3,30.6,8.0,8.7,6.1,3.6,4.1,4.309168781725888,134267,13549,7730,10583,952,13460,70731,17262,10.1,5.8,7.9,0.7,10.0,52.7,12.9,78536,28007,17933,10074,700,19271,7201,12070,28108,26676,318,724,390,2450,35.7,22.8,12.8,0.9,24.5,9.2,15.4,35.8,34.0,0.4,0.9,0.5,3.1
E09000022,Lambeth,303086,160326,97286,31188,10729,3557,52.9,32.1,10.3,3.5,1.2,14286,4.7,237730,183190,22530,110465,861,3860,7225,14882,14255,9112,54540,13265,16062,8411,9068,7734,77.1,9.5,46.5,0.4,1.6,3.0,6.3,6.0,3.8,22.9,5.6,6.8,3.5,3.8,3.3,5.996298321625374,248300,35352,21169,24408,2640,23988,115758,24985,14.2,8.5,9.8,1.1,9.7,46.6,10.1,130017,42885,14778,28107,1987,45619,25496,20123,38133,36023,248,1389,473,1393,33.0,11.4,21.6,1.5,35.1,19.6,15.5,29.3,27.7,0.2,1.1,0.4,1.1
E09000023,Lewisham,275885,135428,93850,32289,10755,3563,49.1,34.0,11.7,3.9,1.3,14318,5.2,206255,151793,24079,82776,813,3293,6286,11658,12776,10112,54462,15088,15018,9179,8779,6398,73.6,11.7,40.1,0.4,1.6,3.0,5.7,6.2,4.9,26.4,7.3,7.3,4.5,4.3,3.1,6.194274078204165,218749,38763,24225,27248,3160,23694,83127,18532,17.7,11.1,12.5,1.4,10.8,38.0,8.5,116091,49228,17273,31955,1436,36052,18084,17968,28216,26665,89,1139,323,1159,42.4,14.9,27.5,1.2,31.1,15.6,15.5,24.3,23.0,0.1,1.0,0.3,1.0
E09000025,Newham,307984,149269,106549,34839,12763,4564,48.5,34.6,11.3,4.1,1.5,17327,5.6,228958,153761,26408,70712,1256,3537,6035,10914,15734,19165,75197,13211,24959,16510,9728,10789,67.2,11.5,30.9,0.5,1.5,2.6,4.8,6.9,8.4,32.8,5.8,10.9,7.2,4.2,4.7,6.872002725390683,238090,49087,27152,26742,2425,23456,71771,37457,20.6,11.4,11.2,1.0,9.9,30.1,15.7,101519,33822,12993,20829,1806,30092,18592,11500,34570,33118,98,871,483,1229,33.3,12.8,20.5,1.8,29.6,18.3,11.3,34.1,32.6,0.1,0.9,0.5,1.2
E09000028,Southwark,288283,154204,90004,29935,10544,3596,53.5,31.2,10.4,3.7,1.2,14140,4.9,224551,163859,22225,94675,762,3513,6036,12075,13484,11089,60692,12940,22256,8438,9653,7405,73.0,9.9,42.2,0.3,1.6,2.7,5.4,6.0,4.9,27.0,5.8,9.9,3.8,4.3,3.3,6.004871944458052,234901,38384,22077,24045,2623,24779,101172,21821,16.3,9.4,10.2,1.1,10.5,43.1,9.3,120422,35330,11805,23525,2453,52644,37628,15016,28493,26752,212,1132,397,1502,29.3,9.8,19.5,2.0,43.7,31.2,12.5,23.7,22.2,0.2,0.9,0.3,1.2
E09000030,Tower Hamlets,254096,128468,83209,27062,11228,4129,50.6,32.7,10.7,4.4,1.6,15357,6.0,196552,137233,18852,78031,906,2450,4116,8864,13259,10755,59319,9262,19407,13809,8893,7948,69.8,9.6,39.7,0.5,1.2,2.1,4.5,6.7,5.5,30.2,4.7,9.9,7.0,4.5,4.0,6.745797549757825,203953,40719,18928,17734,1821,20643,83675,20433,20.0,9.3,8.7,0.9,10.1,41.0,10.0,101257,24552,8648,15904,2383,40106,17548,22558,32964,31227,151,965,621,1252,24.2,8.5,15.7,2.4,39.6,17.3,22.3,32.6,30.8,0.1,1.0,0.6,1.2
E09000032,Wandsworth,306995,176198,91935,27299,8749,2814,57.4,29.9,8.9,2.8,0.9,11563,3.7,243533,189789,18968,123965,881,5239,7883,15532,9311,8010,53744,15140,14599,10424,7027,6554,77.9,7.8,50.9,0.4,2.2,3.2,6.4,3.8,3.3,22.1,6.2,6.0,4.3,2.9,2.7,3.8233011542583553,255989,29622,16903,21454,2509,25485,137142,22874,11.6,6.6,8.4,1.0,10.0,53.6,8.9,130493,59393,24067,35326,1911,26516,16752,9764,41317,39171,284,1536,326,1356,45.5,18.4,27.1,1.5,20.3,12.8,7.5,31.7,30.0,0.2,1.2,0.2,1.0
E09000033,Westminster,219396,118808,65807,22027,9263,3491,54.2,30.0,10.0,4.2,1.6,12754,5.800000000000001,175505,120418,12606,72899,996,4942,5520,10568,7941,4946,55087,12010,17835,9521,8492,7229,68.6,7.2,41.5,0.6,2.8,3.1,6.0,4.5,2.8,31.4,6.8,10.2,5.4,4.8,4.1,4.524657417167602,186812,23943,12308,14497,1420,17113,93946,23585,12.8,6.6,7.8,0.8,9.2,50.3,12.6,105772,32287,18692,13595,885,27348,12543,14805,41949,39732,474,1071,672,3303,30.5,17.7,12.9,0.8,25.9,11.9,14.0,39.7,37.6,0.4,1.0,0.6,3.1
E09000002,Barking and Dagenham,185911,87819,62720,24042,8686,2644,47.2,33.7,12.9,4.7,1.4,11330,6.1,127568,86404,15608,44490,506,1883,3009,6023,9367,5518,41164,10995,9485,9476,6459,4749,67.7,12.2,34.9,0.4,1.5,2.4,4.7,7.3,4.3,32.3,8.6,7.4,7.4,5.1,3.7,7.34275053304904,137613,38396,20904,20617,2888,12759,28715,13334,27.9,15.2,15.0,2.1,9.3,20.9,9.7,69681,32324,11908,20416,906,23459,19782,3677,12328,11559,39,555,175,664,46.4,17.1,29.3,1.3,33.7,28.4,5.3,17.7,16.6,0.1,0.8,0.3,1.0
E09000003,Barnet,356386,183453,117508,39172,12197,4056,51.5,33.0,11.0,3.4,1.1,16253,4.5,258443,184483,30478,93174,1681,7842,11843,18924,11476,9065,73960,22967,21112,14277,7885,7719,71.4,11.8,36.1,0.7,3.0,4.6,7.3,4.4,3.5,28.6,8.9,8.2,5.5,3.1,3.0,4.440437543288075,282152,43833,27240,34028,3778,28742,113815,30716,15.5,9.7,12.1,1.3,10.2,40.3,10.9,135916,78350,38105,40245,1191,19334,11664,7670,34854,33175,240,1073,366,2187,57.6,28.0,29.6,0.9,14.2,8.6,5.6,25.6,24.4,0.2,0.8,0.3,1.6
E09000004,Bexley,231997,111323,80446,29015,8688,2525,48.0,34.7,12.5,3.7,1.1,11213,4.800000000000001,165914,118864,23072,66838,532,2688,3648,9508,7245,5333,47050,21839,9177,7696,4943,3395,71.6,13.9,40.3,0.3,1.6,2.2,5.7,4.4,3.2,28.4,13.2,5.5,4.6,3.0,2.0,4.366720108007763,184431,42366,31049,32694,6951,21334,40146,9891,23.0,16.8,17.7,3.8,11.6,21.8,5.4,92604,67154,30127,37027,754,13377,1693,11684,10556,9721,42,688,105,763,72.5,32.5,40.0,0.8,14.4,1.8,12.6,11.4,10.5,0.0,0.7,0.1,0.8
E09000005,Brent,311215,149695,108169,36731,12339,4281,48.1,34.8,11.8,4.0,1.4,16620,5.4,233726,163991,25702,83772,1429,5185,8070,15320,13535,10978,69735,18619,19919,13035,9119,9043,70.2,11.0,35.8,0.6,2.2,3.5,6.6,5.8,4.7,29.8,8.0,8.5,5.6,3.9,3.9,5.7909689123161305,248458,47721,25718,26967,3059,24163,82619,38211,19.2,10.4,10.9,1.2,9.7,33.3,15.4,110286,47324,22416,24908,1636,26591,10686,15905,33181,31784,126,855,416,1554,42.9,20.3,22.6,1.5,24.1,9.7,14.4,30.1,28.8,0.1,0.8,0.4,1.4
E09000006,Bromley,309392,154998,105574,36098,9904,2818,50.1,34.1,11.7,3.2,0.9,12722,4.1000000000000005,222539,161282,29012,91506,967,4844,7039,13740,8668,5506,61257,29656,10635,10614,6057,4295,72.5,13.0,41.1,0.4,2.2,3.2,6.2,3.9,2.5,27.5,13.3,4.8,4.8,2.7,1.9,3.895047609632469,248806,44572,33858,40025,6773,28644,82304,12630,17.9,13.6,16.1,2.7,11.5,33.1,5.1,130862,92785,43649,49136,1036,18425,1987,16438,17393,16229,163,826,175,1223,70.9,33.4,37.5,0.8,14.1,1.5,12.6,13.3,12.4,0.1,0.6,0.1,0.9
E09000008,Croydon,363378,174584,128634,43473,12734,3953,48.0,35.4,12.0,3.5,1.1,16687,4.6,263048,190308,33112,105621,1082,4685,7169,14084,14512,10043,72740,26079,16641,13265,9272,7483,72.3,12.6,40.2,0.4,1.8,2.7,5.4,5.5,3.8,27.7,9.9,6.3,5.0,3.5,2.8,5.516863842340562,284268,50081,39285,43299,6018,32498,90321,22766,17.6,13.8,15.2,2.1,11.4,31.8,8.0,145010,85230,34882,50348,1855,25887,14362,11525,30472,28762,181,1212,317,1566,58.8,24.1,34.7,1.3,17.9,9.9,7.9,21.0,19.8,0.1,0.8,0.2,1.1
E09000009,Ealing,338449,166385,116712,38421,12817,4114,49.2,34.5,11.4,3.8,1.2,16931,5.0,252764,180615,25882,100465,1191,4847,8810,16305,13158,9957,72149,20905,18771,14552,9134,8787,71.5,10.2,39.7,0.5,1.9,3.5,6.5,5.2,3.9,28.5,8.3,7.4,5.8,3.6,3.5,5.205646373692456,269572,44366,26592,28237,3905,25887,99836,40749,16.5,9.9,10.5,1.4,9.6,37.0,15.1,124082,63420,28414,35006,2174,22472,13007,9465,34182,32696,143,989,354,1834,51.1,22.9,28.2,1.8,18.1,10.5,7.6,27.5,26.4,0.1,0.8,0.3,1.5
E09000010,Enfield,312466,146351,109394,39699,12840,4182,46.8,35.0,12.7,4.1,1.3,17022,5.4,224024,153334,29134,77326,1368,4702,6993,12078,13192,8541,70690,22062,17187,13464,9242,8735,68.4,13.0,34.5,0.6,2.1,3.1,5.4,5.9,3.8,31.6,9.8,7.7,6.0,4.1,3.9,5.888654786987108,242465,55736,31158,33389,4715,25557,69627,22283,23.0,12.9,13.8,1.9,10.5,28.7,9.2,119916,69462,31452,38010,1087,21073,13666,7407,26591,25395,128,785,283,1703,57.9,26.2,31.7,0.9,17.6,11.4,6.2,22.2,21.2,0.1,0.7,0.2,1.4
E09000011,Greenwich,254557,127641,83875,29386,10420,3235,50.1,32.9,11.5,4.1,1.3,13655,5.4,186722,132073,20697,71844,702,3175,4687,9741,11518,9709,54649,15695,13957,9577,8621,6799,70.7,11.1,38.5,0.4,1.7,2.5,5.2,6.2,5.2,29.3,8.4,7.5,5.1,4.6,3.6,6.168528614732061,199163,41082,23896,26189,3766,21250,66120,16860,20.6,12.0,13.1,1.9,10.7,33.2,8.5,101045,43719,16585,27134,1580,34662,22878,11784,20004,18678,217,772,337,1080,43.3,16.4,26.9,1.6,34.3,22.6,11.7,19.8,18.5,0.2,0.8,0.3,1.1
E09000015,Harrow,239056,113731,86069,28329,8289,2638,47.6,36.0,11.9,3.5,1.1,10927,4.6,174751,123307,21423,65492,985,4474,5717,10943,7854,6419,51444,18189,13417,9580,5105,5153,70.6,12.3,37.5,0.6,2.6,3.3,6.3,4.5,3.7,29.4,10.4,7.7,5.5,2.9,2.9,4.494394881860476,190998,31997,20852,24447,3271,19870,70218,20343,16.8,10.9,12.8,1.7,10.4,36.8,10.7,84268,55001,26246,28755,821,8923,5157,3766,18324,17165,210,681,268,1199,65.3,31.1,34.1,1.0,10.6,6.1,4.5,21.7,20.4,0.2,0.8,0.3,1.4
E09000016,Havering,237232,109131,84378,31492,9464,2767,46.0,35.6,13.3,4.0,1.2,12231,5.2,171128,121642,23479,67989,659,3094,4096,10129,7627,4569,49486,24404,7944,8374,5407,3357,71.1,13.7,39.7,0.4,1.8,2.4,5.9,4.5,2.7,28.9,14.3,4.6,4.9,3.2,2.0,4.456897760740499,192844,50951,32241,33519,7238,21797,37498,9600,26.4,16.7,17.4,3.8,11.3,19.4,5.0,97199,71698,34625,37073,586,13799,10464,3335,10337,9601,60,586,90,779,73.8,35.6,38.1,0.6,14.2,10.8,3.4,10.6,9.9,0.1,0.6,0.1,0.8
E09000017,Hillingdon,273936,133627,96647,31492,9404,2766,48.8,35.3,11.5,3.4,1.0,12170,4.4,199926,141542,23706,80835,729,3402,4704,9812,8693,9661,58384,20310,16788,10311,5886,5089,70.8,11.9,40.4,0.4,1.7,2.4,4.9,4.3,4.8,29.2,10.2,8.4,5.2,2.9,2.5,4.348108800256094,217043,41548,30336,30853,6316,27094,60854,20042,19.1,14.0,14.2,2.9,12.5,28.0,9.2,100214,63011,27921,35090,1280,16752,10481,6271,18141,16691,433,642,375,1030,62.9,27.9,35.0,1.3,16.7,10.5,6.3,18.1,16.7,0.4,0.6,0.4,1.0
E09000018,Hounslow,253957,124442,89064,28552,9085,2814,49.0,35.1,11.2,3.6,1.1,11899,4.7,190157,137867,20588,79763,878,3451,5500,10562,8815,8310,52290,15843,12769,11167,6502,6009,72.5,10.8,41.9,0.5,1.8,2.9,5.6,4.6,4.4,27.5,8.3,6.7,5.9,3.4,3.2,4.635643179057306,202424,35084,23767,23364,3401,19798,69955,27055,17.3,11.7,11.5,1.7,9.8,34.6,13.4,94902,47562,20048,27514,2245,21682,14296,7386,22206,21099,127,718,262,1207,50.1,21.1,29.0,2.4,22.8,15.1,7.8,23.4,22.2,0.1,0.8,0.3,1.3
E09000021,Kingston upon Thames,160060,84332,53598,16425,4438,1267,52.7,33.5,10.3,2.8,0.8,5705,3.6,119673,87348,13588,49530,524,2357,3961,7166,3850,6372,32325,11281,10305,5616,2664,2459,73.0,11.4,41.4,0.4,2.0,3.3,6.0,3.2,5.3,27.0,9.4,8.6,4.7,2.2,2.1,3.217099930644339,129790,17400,12665,15792,2568,17482,53782,10101,13.4,9.8,12.2,2.0,13.5,41.4,7.8,63639,40762,17727,23035,434,7502,5252,2250,14312,13391,172,525,224,629,64.1,27.9,36.2,0.7,11.8,8.3,3.5,22.5,21.0,0.3,0.8,0.4,1.0
E09000024,Merton,199693,103891,67098,21025,5930,1749,52.0,33.6,10.5,3.0,0.9,7679,3.9,149598,112038,16484,65877,659,3091,5072,9721,6072,5062,37560,12903,9150,7912,3741,3854,74.9,11.0,44.0,0.4,2.1,3.4,6.5,4.1,3.4,25.1,8.6,6.1,5.3,2.5,2.6,4.058877792483857,160840,24378,15900,18875,2689,15928,66091,16979,15.2,9.9,11.7,1.7,9.9,41.1,10.6,78757,46689,20160,26529,671,11102,2887,8215,19503,18478,97,749,179,792,59.3,25.6,33.7,0.9,14.1,3.7,10.4,24.8,23.5,0.1,1.0,0.2,1.0
E09000026,Redbridge,278970,134230,97595,33470,10479,3196,48.1,35.0,12.0,3.8,1.1,13675,4.9,199544,137776,23948,71627,1188,4843,6144,11262,10590,8174,61768,19026,16199,13137,6548,6858,69.0,12.0,35.9,0.6,2.4,3.1,5.6,5.3,4.1,31.0,9.5,8.1,6.6,3.3,3.4,5.30710018842962,216112,39877,26437,28374,3648,22208,73299,22269,18.5,12.2,13.1,1.7,10.3,33.9,10.3,99105,62983,27911,35072,1003,11289,6269,5020,22657,21441,85,915,216,1173,63.6,28.2,35.4,1.0,11.4,6.3,5.1,22.9,21.6,0.1,0.9,0.2,1.2
E09000027,Richmond upon Thames,186990,107217,57088,16662,4617,1406,57.3,30.5,8.9,2.5,0.8,6023,3.3,137779,104090,14207,61511,648,3632,6240,9947,4153,3752,33689,13794,7383,6979,2802,2731,75.5,10.3,44.6,0.5,2.6,4.5,7.2,3.0,2.7,24.5,10.0,5.4,5.1,2.0,2.0,3.014247454256454,150052,15915,11075,15916,2304,15920,79584,9338,10.6,7.4,10.6,1.5,10.6,53.0,6.2,79835,50750,23756,26994,601,10051,2451,7600,17440,16410,176,643,211,993,63.6,29.8,33.8,0.8,12.6,3.1,9.5,21.8,20.6,0.2,0.8,0.3,1.2
E09000029,Sutton,190146,92668,67563,22127,6072,1716,48.7,35.5,11.6,3.2,0.9,7788,4.1000000000000005,138710,103995,18502,60111,600,2635,3981,8603,5429,4134,34715,15461,6454,6238,3904,2658,75.0,13.3,43.3,0.4,1.9,2.9,6.2,3.9,3.0,25.0,11.1,4.7,4.5,2.8,1.9,3.913921130415976,152158,28330,21588,24423,4374,18023,45775,9645,18.6,14.2,16.1,2.9,11.8,30.1,6.3,78174,53152,22357,30795,611,11422,6421,5001,12429,11671,76,589,93,560,68.0,28.6,39.4,0.8,14.6,8.2,6.4,15.9,14.9,0.1,0.8,0.1,0.7
E09000031,Waltham Forest,258249,121652,91954,31133,10053,3457,47.1,35.6,12.1,3.9,1.3,13510,5.2,190978,135015,21889,69385,1033,3371,6509,12777,11654,8397,55963,15335,15209,11429,7166,6824,70.7,11.5,36.3,0.5,1.8,3.4,6.7,6.1,4.4,29.3,8.0,8.0,6.0,3.8,3.6,6.102273560305376,203131,42262,24934,25845,3494,20340,60914,25342,20.8,12.3,12.7,1.7,10.0,30.0,12.5,96861,48361,19396,28965,1018,21376,10401,10975,25102,23919,104,780,299,1004,49.9,20.0,29.9,1.1,22.1,10.7,11.3,25.9,24.7,0.1,0.8,0.3,1.0
E06000036,Bracknell Forest UA,113205,59320,38814,11394,2859,818,52.4,34.3,10.1,2.5,0.7,3677,3.2,83116,65137,11066,40762,225,1249,2112,4581,2808,2334,17979,8496,3007,3450,1770,1256,78.4,13.3,49.0,0.3,1.5,2.5,5.5,3.4,2.8,21.6,10.2,3.6,4.2,2.1,1.5,3.378410895615766,89743,14639,13755,15191,3032,11389,27197,4540,16.3,15.3,16.9,3.4,12.7,30.3,5.1,45878,31419,11420,19999,527,7678,2600,5078,5734,4874,298,384,178,520,68.5,24.9,43.6,1.1,16.7,5.7,11.1,12.5,10.6,0.6,0.8,0.4,1.1
E06000043,Brighton and Hove UA,273369,134673,91970,32298,11151,3277,49.3,33.6,11.8,4.1,1.2,14428,5.3,210792,150853,27492,75999,884,4191,7985,14181,7818,12303,59939,19625,20567,7249,8813,3685,71.6,13.0,36.1,0.4,2.0,3.8,6.7,3.7,5.8,28.4,9.3,9.8,3.4,4.2,1.7,3.708869406808608,229024,36775,25190,28769,4854,36599,84423,12414,16.1,11.0,12.6,2.1,16.0,36.9,5.4,121540,64790,28397,36393,1045,18187,11928,6259,35959,34081,131,1521,226,1559,53.3,23.4,29.9,0.9,15.0,9.8,5.1,29.6,28.0,0.1,1.3,0.2,1.3
E06000046,Isle of Wight UA,138265,56420,50514,22378,6921,2032,40.8,36.5,16.2,5.0,1.5,8953,6.5,99747,64218,15728,30353,476,2111,3293,5673,4386,2198,35529,20478,3661,3933,4504,2953,64.4,15.8,30.4,0.5,2.1,3.3,5.7,4.4,2.2,35.6,20.5,3.7,3.9,4.5,3.0,4.397124725555656,115589,28078,16865,19395,5799,14128,26163,5161,24.3,14.6,16.8,5.0,12.2,22.6,4.5,61085,42817,25091,17726,362,6523,598,5925,10639,9663,94,782,100,744,70.1,41.1,29.0,0.6,10.7,1.0,9.7,17.4,15.8,0.2,1.3,0.2,1.2
E06000035,Medway UA,263925,120662,95679,34307,10388,2889,45.7,36.3,13.0,3.9,1.1,13277,5.0,194158,137954,27137,77912,543,2731,3692,9910,9469,6560,56204,24738,9912,10105,7334,4115,71.1,14.0,40.1,0.3,1.4,1.9,5.1,4.9,3.4,28.9,12.7,5.1,5.2,3.8,2.1,4.876955881292556,210511,48226,35473,38653,9857,26818,40275,11209,22.9,16.9,18.4,4.7,12.7,19.1,5.3,106209,71853,30697,41156,1114,13996,4155,9841,18153,16627,287,913,326,1093,67.7,28.9,38.8,1.0,13.2,3.9,9.3,17.1,15.7,0.3,0.9,0.3,1.0
E06000042,Milton Keynes UA,248821,124826,86778,26929,7955,2333,50.2,34.9,10.8,3.2,0.9,10288,4.1000000000000005,181385,137717,23644,84004,537,2598,3938,8658,8640,5698,43668,18654,7143,8338,5810,3723,75.9,13.0,46.3,0.3,1.4,2.2,4.8,4.8,3.1,24.1,10.3,3.9,4.6,3.2,2.1,4.763348678225873,193429,34850,30794,32222,6579,22205,54591,12188,18.0,15.9,16.7,3.4,11.5,28.2,6.3,98584,56913,21157,35756,5985,17763,10801,6962,17066,15930,101,875,160,857,57.7,21.5,36.3,6.1,18.0,11.0,7.1,17.3,16.2,0.1,0.9,0.2,0.9
E06000044,Portsmouth UA,205056,97795,71443,25464,7995,2359,47.7,34.8,12.4,3.9,1.2,10354,5.1,153705,105834,20626,57743,376,2016,2483,6676,6536,9378,47871,16385,16380,6297,5813,2996,68.9,13.4,37.6,0.2,1.3,1.6,4.3,4.3,6.1,31.1,10.7,10.7,4.1,3.8,1.9,4.252301486613969,167256,35405,21980,25073,6545,30068,39630,8555,21.2,13.1,15.0,3.9,18.0,23.7,5.1,85473,46897,20616,26281,825,15611,10001,5610,21098,19044,509,1135,410,1042,54.9,24.1,30.7,1.0,18.3,11.7,6.6,24.7,22.3,0.6,1.3,0.5,1.2
E06000038,Reading UA,155698,78169,54913,16770,4590,1256,50.2,35.3,10.8,2.9,0.8,5846,3.7,116808,86329,13883,52054,238,1388,2283,5329,5329,5825,30479,10001,9297,5334,3227,2620,73.9,11.9,44.6,0.2,1.2,2.0,4.6,4.6,5.0,26.1,8.6,8.0,4.6,2.8,2.2,4.562187521402644,125582,21834,15328,15407,3170,16875,43690,9278,17.4,12.2,12.3,2.5,13.4,34.8,7.4,62869,34479,14222,20257,1130,10242,6322,3920,16394,15517,91,605,181,624,54.8,22.6,32.2,1.8,16.3,10.1,6.2,26.1,24.7,0.1,1.0,0.3,1.0
E06000039,Slough UA,140205,67156,50464,16288,4906,1391,47.9,36.0,11.6,3.5,1.0,6297,4.5,100458,73819,11886,43610,388,1398,2494,4646,5440,3957,26639,7517,5813,6555,3388,3366,73.5,11.8,43.4,0.4,1.4,2.5,4.6,5.4,3.9,26.5,7.5,5.8,6.5,3.4,3.4,5.415198391367537,106645,21434,15673,14256,2371,10790,27560,14561,20.1,14.7,13.4,2.2,10.1,25.8,13.7,50766,26755,9502,17253,686,10476,6656,3820,12348,11713,73,445,117,501,52.7,18.7,34.0,1.4,20.6,13.1,7.5,24.3,23.1,0.1,0.9,0.2,1.0
E06000045,Southampton UA,236882,112653,82880,29278,9223,2848,47.6,35.0,12.4,3.9,1.2,12071,5.1,180201,123193,22856,68082,450,2027,2965,7522,7631,11660,57008,17775,20857,7449,7330,3597,68.4,12.7,37.8,0.2,1.1,1.6,4.2,4.2,6.5,31.6,9.9,11.6,4.1,4.1,2.0,4.2347156786033375,195534,40991,25287,27209,7156,33882,48145,12864,21.0,12.9,13.9,3.7,17.3,24.6,6.6,98254,48873,21286,27587,1013,22867,16633,6234,24449,23007,87,1050,305,1052,49.7,21.7,28.1,1.0,23.3,16.9,6.3,24.9,23.4,0.1,1.1,0.3,1.1
E06000037,West Berkshire UA,153822,79432,53069,16456,3818,1047,51.6,34.5,10.7,2.5,0.7,4865,3.2,112054,85401,15567,51084,369,2286,3416,6620,3279,2780,26653,14094,3799,4769,2420,1571,76.2,13.9,45.6,0.3,2.0,3.0,5.9,2.9,2.5,23.8,12.6,3.4,4.3,2.2,1.4,2.926267692362611,122731,21065,17378,19880,4778,14916,39406,5308,17.2,14.2,16.2,3.9,12.2,32.1,4.3,62340,43435,19455,23980,695,8628,575,8053,8555,7457,457,428,213,1027,69.7,31.2,38.5,1.1,13.8,0.9,12.9,13.7,12.0,0.7,0.7,0.3,1.6
E06000040,Windsor and Maidenhead UA,144560,78802,46571,14234,3872,1081,54.5,32.2,9.8,2.7,0.7,4953,3.4000000000000004,104247,77650,12727,46337,464,2280,3685,6474,3292,2391,26597,13366,4598,5016,1834,1783,74.5,12.2,44.4,0.4,2.2,3.5,6.2,3.2,2.3,25.5,12.8,4.4,4.8,1.8,1.7,3.157884639366121,115900,18134,13448,16685,3476,12933,44500,6724,15.6,11.6,14.4,3.0,11.2,38.4,5.8,58349,39676,19013,20663,358,7748,711,7037,9432,8099,580,375,378,1135,68.0,32.6,35.4,0.6,13.3,1.2,12.1,16.2,13.9,1.0,0.6,0.6,1.9
E06000041,Wokingham UA,154380,83759,51808,14566,3310,937,54.3,33.6,9.4,2.1,0.6,4247,2.7,112273,84912,15282,51260,385,2052,3403,6241,2958,3331,27361,14976,4441,4799,1742,1403,75.6,13.6,45.7,0.3,1.8,3.0,5.6,2.6,3.0,24.4,13.3,4.0,4.3,1.6,1.2,2.6346494704871164,123010,16226,14460,18557,4158,15313,49184,5112,13.2,11.8,15.1,3.4,12.4,40.0,4.2,60332,48103,21461,26642,679,4236,2845,1391,6755,6001,248,363,143,559,79.7,35.6,44.2,1.1,7.0,4.7,2.3,11.2,9.9,0.4,0.6,0.2,0.9
E07000004,Aylesbury Vale,174137,89515,59530,19073,4661,1358,51.4,34.2,11.0,2.7,0.8,6019,3.5,126740,95242,17751,54696,532,2712,4222,8065,3869,3395,31498,15684,5151,5375,2821,2467,75.1,14.0,43.2,0.4,2.1,3.3,6.4,3.1,2.7,24.9,12.4,4.1,4.2,2.2,1.9,3.0527063279154176,138567,24059,19099,22857,5014,16894,44291,6353,17.4,13.8,16.5,3.6,12.2,32.0,4.6,69406,49702,21607,28095,600,8982,2333,6649,9234,8096,361,539,238,888,71.6,31.1,40.5,0.9,12.9,3.4,9.6,13.3,11.7,0.5,0.8,0.3,1.3
E07000005,Chiltern,92635,49848,30368,9433,2334,652,53.8,32.8,10.2,2.5,0.7,2986,3.2,65043,46743,8854,24978,325,1846,3039,4376,1728,1597,18300,10038,2715,3303,1227,1017,71.9,13.6,38.4,0.5,2.8,4.7,6.7,2.7,2.5,28.1,15.4,4.2,5.1,1.9,1.6,2.65670402656704,73679,10864,7858,11150,2420,8143,30179,3065,14.7,10.7,15.1,3.3,11.1,41.0,4.2,36946,28418,15191,13227,257,4573,657,3916,3314,3039,88,140,47,384,76.9,41.1,35.8,0.7,12.4,1.8,10.6,9.0,8.2,0.2,0.4,0.1,1.0
E07000006,South Bucks,66867,35055,22267,7025,1959,561,52.4,33.3,10.5,2.9,0.8,2520,3.7,47802,34581,5643,19666,294,1642,1772,3142,1267,1155,13221,6914,2142,2429,878,858,72.3,11.8,41.1,0.6,3.4,3.7,6.6,2.7,2.4,27.7,14.5,4.5,5.1,1.8,1.8,2.6505167147818085,54201,8954,6395,7997,1865,6034,19977,2979,16.5,11.8,14.8,3.4,11.1,36.9,5.5,26514,19453,10099,9354,402,3266,261,3005,3011,2653,140,134,84,382,73.4,38.1,35.3,1.5,12.3,1.0,11.3,11.4,10.0,0.5,0.5,0.3,1.4
E07000007,Wycombe,171644,88483,58721,18456,4653,1331,51.6,34.2,10.8,2.7,0.8,5984,3.5,124188,91315,16001,51724,546,2349,4506,7707,4023,4459,32873,15713,6331,6138,2434,2257,73.5,12.9,41.6,0.4,1.9,3.6,6.2,3.2,3.6,26.5,12.7,5.1,4.9,2.0,1.8,3.239443424485457,136787,23780,17123,20734,4964,16905,45899,7382,17.4,12.5,15.2,3.6,12.4,33.6,5.4,67861,47279,21887,25392,687,8650,5792,2858,10316,8900,567,480,369,929,69.7,32.3,37.4,1.0,12.7,8.5,4.2,15.2,13.1,0.8,0.7,0.5,1.4
E07000061,Eastbourne,99412,42818,35193,15251,4712,1438,43.1,35.4,15.3,4.7,1.4,6150,6.1,70473,47926,10395,24700,249,1157,1893,3948,2874,2710,22547,11829,3632,2645,3192,1249,68.0,14.8,35.0,0.4,1.6,2.7,5.6,4.1,3.8,32.0,16.8,5.2,3.8,4.5,1.8,4.078157592269379,82691,19215,11408,13763,2899,10418,20194,4794,23.2,13.8,16.6,3.5,12.6,24.4,5.8,45012,27788,15071,12717,295,5953,3348,2605,10494,9747,160,465,122,482,61.7,33.5,28.3,0.7,13.2,7.4,5.8,23.3,21.7,0.4,1.0,0.3,1.1
E07000062,Hastings,90254,36556,32707,14276,5159,1556,40.5,36.2,15.8,5.7,1.7,6715,7.4,66036,44759,9770,22094,207,1089,1977,4119,3621,1882,21277,9469,2699,3112,4370,1627,67.8,14.8,33.5,0.3,1.6,3.0,6.2,5.5,2.8,32.2,14.3,4.1,4.7,6.6,2.5,5.483372705796838,73488,18649,11600,12830,2220,8877,15604,3708,25.4,15.8,17.5,3.0,12.1,21.2,5.0,41159,22706,11071,11635,193,5988,763,5225,11863,11191,72,499,101,409,55.2,26.9,28.3,0.5,14.5,1.9,12.7,28.8,27.2,0.2,1.2,0.2,1.0
E07000063,Lewes,97502,43719,34634,13900,4066,1183,44.8,35.5,14.3,4.2,1.2,5249,5.4,69269,48194,10626,23792,310,1535,2892,4874,2319,1846,21075,12184,2545,2676,2448,1222,69.6,15.3,34.3,0.4,2.2,4.2,7.0,3.3,2.7,30.4,17.6,3.7,3.9,3.5,1.8,3.3478179272113064,80534,17276,11126,12662,2723,9511,23690,3546,21.5,13.8,15.7,3.4,11.8,29.4,4.4,42181,30648,16797,13851,285,4609,3196,1413,6108,5557,78,406,67,531,72.7,39.8,32.8,0.7,10.9,7.6,3.3,14.5,13.2,0.2,1.0,0.2,1.3
E07000064,Rother,90588,36737,33152,14960,4463,1276,40.6,36.6,16.5,4.9,1.4,5739,6.300000000000001,62861,39859,8685,18498,364,1587,2633,4737,2019,1336,23002,14163,2386,2728,2551,1174,63.4,13.8,29.4,0.6,2.5,4.2,7.5,3.2,2.1,36.6,22.5,3.8,4.3,4.1,1.9,3.2118483638504003,76359,18858,10542,12596,2886,8551,19438,3488,24.7,13.8,16.5,3.8,11.2,25.5,4.6,40877,30060,18554,11506,219,4242,712,3530,5742,5190,120,360,72,614,73.5,45.4,28.1,0.5,10.4,1.7,8.6,14.0,12.7,0.3,0.9,0.2,1.5
E07000065,Wealden,148915,70867,52009,19408,5198,1433,47.6,34.9,13.0,3.5,1.0,6631,4.5,105879,74214,15676,36449,577,2955,4819,8322,2670,2746,31665,19091,3617,4504,2827,1626,70.1,14.8,34.4,0.5,2.8,4.6,7.9,2.5,2.6,29.9,18.0,3.4,4.3,2.7,1.5,2.521746521973196,122443,24347,16937,21218,4516,14998,35360,5067,19.9,13.8,17.3,3.7,12.2,28.9,4.1,62676,49355,26483,22872,503,4808,2956,1852,6973,6214,122,540,97,1037,78.7,42.3,36.5,0.8,7.7,4.7,3.0,11.1,9.9,0.2,0.9,0.2,1.7
E07000084,Basingstoke and Deane,167799,85034,58917,18047,4559,1242,50.7,35.1,10.8,2.7,0.7,5801,3.4000000000000004,123243,94800,16506,59049,323,1890,3130,6449,3999,3454,28443,15461,3345,4920,2998,1719,76.9,13.4,47.9,0.3,1.5,2.5,5.2,3.2,2.8,23.1,12.5,2.7,4.0,2.4,1.4,3.244809035807308,133947,23226,19647,21918,5152,16902,40793,6309,17.3,14.7,16.4,3.8,12.6,30.5,4.7,69315,46936,19517,27419,958,12346,540,11806,8172,7473,165,460,74,903,67.7,28.2,39.6,1.4,17.8,0.8,17.0,11.8,10.8,0.2,0.7,0.1,1.3
E07000085,East Hampshire,115608,58330,40113,12885,3336,944,50.5,34.7,11.1,2.9,0.8,4280,3.7,83522,60953,11975,33561,368,1899,3203,5604,2133,2210,22569,12787,3261,3551,1911,1059,73.0,14.3,40.2,0.4,2.3,3.8,6.7,2.6,2.6,27.0,15.3,3.9,4.3,2.3,1.3,2.553818155695505,94019,15857,11719,15640,3338,11986,31844,3635,16.9,12.5,16.6,3.6,12.7,33.9,3.9,47258,34919,17520,17399,431,5681,742,4939,5517,4636,337,349,195,710,73.9,37.1,36.8,0.9,12.0,1.6,10.5,11.7,9.8,0.7,0.7,0.4,1.5
E07000086,Eastleigh,125199,61561,44190,14538,3817,1093,49.2,35.3,11.6,3.0,0.9,4910,3.9,91582,69033,14551,40104,292,1524,2284,4784,2768,2726,22549,12922,2877,3260,2358,1132,75.4,15.9,43.8,0.3,1.7,2.5,5.2,3.0,3.0,24.6,14.1,3.1,3.6,2.6,1.2,3.022427988032583,101482,17907,14410,17461,5779,13524,28326,4075,17.6,14.2,17.2,5.7,13.3,27.9,4.0,52177,38362,17228,21134,552,6411,573,5838,6438,5864,42,479,53,414,73.5,33.0,40.5,1.1,12.3,1.1,11.2,12.3,11.2,0.1,0.9,0.1,0.8
E07000087,Fareham,111581,54170,39284,13638,3489,1000,48.5,35.2,12.2,3.1,0.9,4489,4.0,81198,59063,12324,34450,289,1282,2079,3911,2117,2611,22135,14078,2730,2594,1772,961,72.7,15.2,42.4,0.4,1.6,2.6,4.8,2.6,3.2,27.3,17.3,3.4,3.2,2.2,1.2,2.607207074065864,92153,16181,12058,15691,5058,12403,27419,3343,17.6,13.1,17.0,5.5,13.5,29.8,3.6,46579,37460,18279,19181,277,3785,2370,1415,4645,3906,228,368,143,412,80.4,39.2,41.2,0.6,8.1,5.1,3.0,10.0,8.4,0.5,0.8,0.3,0.9
E07000088,Gosport,82622,37447,29915,11224,3215,821,45.3,36.2,13.6,3.9,1.0,4036,4.9,59499,42981,8592,25813,112,654,1155,2535,2520,1600,16518,8650,2157,2582,2141,988,72.2,14.4,43.4,0.2,1.1,1.9,4.3,4.2,2.7,27.8,14.5,3.6,4.3,3.6,1.7,4.235365300257147,66402,14347,10754,12046,3292,8883,14265,2815,21.6,16.2,18.1,5.0,13.4,21.5,4.2,35430,23115,10413,12702,381,5815,3297,2518,5777,4506,568,382,321,342,65.2,29.4,35.9,1.1,16.4,9.3,7.1,16.3,12.7,1.6,1.1,0.9,1.0
E07000089,Hart,91033,50079,30120,8432,1891,511,55.0,33.1,9.3,2.1,0.6,2402,2.7,66087,49875,9156,29935,239,1289,2135,3831,1570,1720,16212,9425,2173,2905,891,818,75.5,13.9,45.3,0.4,2.0,3.2,5.8,2.4,2.6,24.5,14.3,3.3,4.4,1.3,1.2,2.375656331805045,72681,9815,9036,11746,2579,9451,27248,2806,13.5,12.4,16.2,3.5,13.0,37.5,3.9,35510,27747,12610,15137,406,2718,215,2503,4286,3380,446,202,258,353,78.1,35.5,42.6,1.1,7.7,0.6,7.0,12.1,9.5,1.3,0.6,0.7,1.0
E07000090,Havant,120684,53474,43275,17188,5172,1575,44.3,35.9,14.2,4.3,1.3,6747,5.6,86247,59601,13080,32329,257,1434,1996,4576,3444,2485,26646,14894,2947,3824,3586,1395,69.1,15.2,37.5,0.3,1.7,2.3,5.3,4.0,2.9,30.9,17.3,3.4,4.4,4.2,1.6,3.99318237156075,98807,24746,14619,16913,4787,11812,22017,3913,25.0,14.8,17.1,4.8,12.0,22.3,4.0,51311,35387,18169,17218,281,10037,5300,4737,5087,4510,68,436,73,519,69.0,35.4,33.6,0.5,19.6,10.3,9.2,9.9,8.8,0.1,0.8,0.1,1.0
E07000091,New Forest,176462,79671,63302,24871,6715,1903,45.1,35.9,14.1,3.8,1.1,8618,4.9,124798,86776,19709,45549,594,2655,4346,7400,3288,3235,38022,24595,3425,4728,3528,1746,69.5,15.8,36.5,0.5,2.1,3.5,5.9,2.6,2.6,30.5,19.7,2.7,3.8,2.8,1.4,2.634657606692415,147514,31178,19579,24647,8013,17739,40184,6174,21.1,13.3,16.7,5.4,12.0,27.2,4.2,76839,57603,33430,24173,484,8440,5185,3255,9293,8153,330,617,193,1019,75.0,43.5,31.5,0.6,11.0,6.7,4.2,12.1,10.6,0.4,0.8,0.3,1.3
E07000092,Rushmoor,93807,46970,33340,10099,2625,773,50.1,35.5,10.8,2.8,0.8,3398,3.6,69652,54145,9362,34397,158,855,1319,3220,2593,2241,15507,6814,2640,2776,1865,1412,77.7,13.4,49.4,0.2,1.2,1.9,4.6,3.7,3.2,22.3,9.8,3.8,4.0,2.7,2.0,3.7227933153391146,74854,13947,12318,12838,2703,9362,18493,5193,18.6,16.5,17.2,3.6,12.5,24.7,6.9,36344,23089,8434,14655,647,5927,771,5156,6379,4607,777,332,663,302,63.5,23.2,40.3,1.8,16.3,2.1,14.2,17.6,12.7,2.1,0.9,1.8,0.8
E07000093,Test Valley,116398,58222,40262,13530,3457,927,50.0,34.6,11.6,3.0,0.8,4384,3.8,84652,62141,12473,36237,300,1708,2586,4479,2133,2225,22511,13087,2837,3417,2047,1123,73.4,14.7,42.8,0.4,2.0,3.1,5.3,2.5,2.6,26.6,15.5,3.4,4.0,2.4,1.3,2.5197278268676464,94414,17330,12841,15581,4223,11768,28825,3846,18.4,13.6,16.5,4.5,12.5,30.5,4.1,47626,33501,16412,17089,311,6854,2115,4739,6128,4964,550,352,262,832,70.3,34.5,35.9,0.7,14.4,4.4,10.0,12.9,10.4,1.2,0.7,0.6,1.7
E07000094,Winchester,116595,62025,38219,12354,3135,862,53.2,32.8,10.6,2.7,0.7,3997,3.4000000000000004,84495,60029,11434,32339,399,2119,3055,4729,1943,4011,24466,12223,5665,3310,1882,1386,71.0,13.5,38.3,0.5,2.5,3.6,5.6,2.3,4.7,29.0,14.5,6.7,3.9,2.2,1.6,2.299544351736789,95110,13828,9163,13910,2944,13260,38669,3336,14.5,9.6,14.6,3.1,13.9,40.7,3.5,46865,31646,16385,15261,426,7243,4970,2273,6604,5617,402,348,237,946,67.5,35.0,32.6,0.9,15.5,10.6,4.9,14.1,12.0,0.9,0.7,0.5,2.0
E07000105,Ashford,117956,56128,41385,15027,4163,1253,47.6,35.1,12.7,3.5,1.1,5416,4.6,84252,61189,12334,33223,307,1781,2598,5316,3058,2572,23063,12141,2771,4114,2626,1411,72.6,14.6,39.4,0.4,2.1,3.1,6.3,3.6,3.1,27.4,14.4,3.3,4.9,3.1,1.7,3.629587428191616,93411,19777,14578,16639,3602,11229,23007,4579,21.2,15.6,17.8,3.9,12.0,24.6,4.9,47787,32685,15200,17485,638,6915,4702,2213,6849,6173,115,460,101,700,68.4,31.8,36.6,1.3,14.5,9.8,4.6,14.3,12.9,0.2,1.0,0.2,1.5
E07000106,Canterbury,151145,70764,52338,20211,6133,1699,46.8,34.6,13.4,4.1,1.1,7832,5.199999999999999,111867,71322,14268,34938,383,1993,2925,5486,3410,7919,40545,16830,13955,4037,3717,2006,63.8,12.8,31.2,0.3,1.8,2.6,4.9,3.0,7.1,36.2,15.0,12.5,3.6,3.3,1.8,3.0482626690623684,125971,25778,14824,18056,4212,22117,34385,6599,20.5,11.8,14.3,3.3,17.6,27.3,5.2,60771,40107,21578,18529,500,7409,5039,2370,11876,10665,252,697,262,879,66.0,35.5,30.5,0.8,12.2,8.3,3.9,19.5,17.5,0.4,1.1,0.4,1.4
E07000107,Dartford,97365,47273,33941,11837,3314,1000,48.6,34.9,12.2,3.4,1.0,4314,4.4,70488,53184,9765,31440,212,1255,1528,3920,3099,1965,17304,8359,2468,3131,2098,1248,75.5,13.9,44.6,0.3,1.8,2.2,5.6,4.4,2.8,24.5,11.9,3.5,4.4,3.0,1.8,4.396493020088526,77342,16334,13410,14036,3310,8930,17053,4269,21.1,17.3,18.1,4.3,11.5,22.0,5.5,40081,26819,11012,15807,537,5947,4338,1609,6385,6003,41,291,50,393,66.9,27.5,39.4,1.3,14.8,10.8,4.0,15.9,15.0,0.1,0.7,0.1,1.0
E07000108,Dover,111674,48433,39477,16745,5538,1481,43.4,35.4,15.0,5.0,1.3,7019,6.3,80786,54478,11864,29124,325,1560,2159,3887,3607,1952,26308,14215,3208,3578,3596,1711,67.4,14.7,36.1,0.4,1.9,2.7,4.8,4.5,2.4,32.6,17.6,4.0,4.4,4.5,2.1,4.464882529151091,91382,22885,13376,15941,3371,11049,20071,4689,25.0,14.6,17.4,3.7,12.1,22.0,5.1,48310,32142,17034,15108,245,6864,4277,2587,8254,7394,160,526,174,805,66.5,35.3,31.3,0.5,14.2,8.9,5.4,17.1,15.3,0.3,1.1,0.4,1.7
E07000109,Gravesham,101720,47298,35572,13629,4104,1117,46.5,35.0,13.4,4.0,1.1,5221,5.1,73191,51903,10560,28617,258,1363,1608,3723,3714,2060,21288,9904,3057,3866,2792,1669,70.9,14.4,39.1,0.4,1.9,2.2,5.1,5.1,2.8,29.1,13.5,4.2,5.3,3.8,2.3,5.074394392753208,80964,19742,13242,13780,3442,8952,16164,5642,24.4,16.4,17.0,4.3,11.1,20.0,7.0,40431,26099,12408,13691,305,7008,5628,1380,6524,6108,44,302,70,495,64.6,30.7,33.9,0.8,17.3,13.9,3.4,16.1,15.1,0.1,0.7,0.2,1.2
E07000110,Maidstone,155143,74636,54384,19291,5323,1509,48.1,35.1,12.4,3.4,1.0,6832,4.4,113231,82528,16283,46737,441,2294,3322,6700,3848,2903,30703,16310,4079,5095,3098,2121,72.9,14.4,41.3,0.4,2.0,2.9,5.9,3.4,2.6,27.1,14.4,3.6,4.5,2.7,1.9,3.398362639206578,125476,25915,18336,22108,5112,15246,32154,6605,20.7,14.6,17.6,4.1,12.2,25.6,5.3,63447,44700,20885,23815,671,8066,1495,6571,9256,8264,232,556,204,754,70.5,32.9,37.5,1.1,12.7,2.4,10.4,14.6,13.0,0.4,0.9,0.3,1.2
E07000111,Sevenoaks,114893,58796,38344,13180,3569,1004,51.2,33.4,11.5,3.1,0.9,4573,4.0,82098,58707,11527,31826,411,2147,3160,5462,2332,1842,23391,12531,3353,4448,1786,1273,71.5,14.0,38.8,0.5,2.6,3.8,6.7,2.8,2.2,28.5,15.3,4.1,5.4,2.2,1.6,2.84050768593632,92481,17753,12708,15189,3158,10267,29580,3826,19.2,13.7,16.4,3.4,11.1,32.0,4.1,47020,34200,17642,16558,798,6218,800,5418,5057,4547,167,253,90,747,72.7,37.5,35.2,1.7,13.2,1.7,11.5,10.8,9.7,0.4,0.5,0.2,1.6
E07000112,Shepway,107969,45577,38999,16465,5321,1607,42.2,36.1,15.2,4.9,1.5,6928,6.4,77938,52387,11151,27386,308,1441,1979,4269,3576,2277,25551,13794,2869,3486,3785,1617,67.2,14.3,35.1,0.4,1.8,2.5,5.5,4.6,2.9,32.8,17.7,3.7,4.5,4.9,2.1,4.588262465036311,88760,21900,13239,15510,3394,10582,19324,4811,24.7,14.9,17.5,3.8,11.9,21.8,5.4,47379,30715,16744,13971,214,5311,3284,2027,10520,9557,184,549,230,619,64.8,35.3,29.5,0.5,11.2,6.9,4.3,22.2,20.2,0.4,1.2,0.5,1.3
E07000113,Swale,135835,60198,48719,19118,6008,1792,44.3,35.9,14.1,4.4,1.3,7800,5.7,98607,67913,13844,37613,340,1797,2245,5316,4538,2220,30694,14903,3660,5110,4380,2641,68.9,14.0,38.1,0.3,1.8,2.3,5.4,4.6,2.3,31.1,15.1,3.7,5.2,4.4,2.7,4.60210735546158,108539,29703,17640,18442,4777,12202,20535,5240,27.4,16.3,17.0,4.4,11.2,18.9,4.8,55585,37951,17444,20507,569,7942,1216,6726,8446,7735,96,515,100,677,68.3,31.4,36.9,1.0,14.3,2.2,12.1,15.2,13.9,0.2,0.9,0.2,1.2
E07000114,Thanet,134186,54640,47109,22377,7785,2275,40.7,35.1,16.7,5.8,1.7,10060,7.5,94452,61272,13626,29937,341,1702,2466,5047,5358,2795,33180,17231,4016,4632,5273,2028,64.9,14.4,31.7,0.4,1.8,2.6,5.3,5.7,3.0,35.1,18.2,4.3,4.9,5.6,2.1,5.672722652776013,108556,30784,16100,17833,4198,12245,21284,6112,28.4,14.8,16.4,3.9,11.3,19.6,5.6,59513,36907,19903,17004,206,7537,3019,4518,14151,13072,167,777,135,712,62.0,33.4,28.6,0.3,12.7,5.1,7.6,23.8,22.0,0.3,1.3,0.2,1.2
E07000115,Tonbridge and Malling,120805,60306,41475,14263,3728,1033,49.9,34.3,11.8,3.1,0.9,4761,4.0,86435,63039,12690,35663,331,1725,2668,5044,2580,2338,23396,12531,3426,4073,2123,1243,72.9,14.7,41.3,0.4,2.0,3.1,5.8,3.0,2.7,27.1,14.5,4.0,4.7,2.5,1.4,2.984901949441777,95821,19135,14401,16945,3874,11646,25967,3853,20.0,15.0,17.7,4.0,12.2,27.1,4.0,48140,34246,15677,18569,717,7762,930,6832,4869,4320,167,299,83,546,71.1,32.6,38.6,1.5,16.1,1.9,14.2,10.1,9.0,0.3,0.6,0.2,1.1
E07000116,Tunbridge Wells,115049,59156,38656,12788,3550,899,51.4,33.6,11.1,3.1,0.8,4449,3.9,82052,59986,11265,33121,391,2077,3240,5430,2421,2041,22066,10378,3905,4191,2197,1395,73.1,13.7,40.4,0.5,2.5,3.9,6.6,3.0,2.5,26.9,12.6,4.8,5.1,2.7,1.7,2.9505679325305905,91483,15620,11311,15148,2542,11054,31687,4121,17.1,12.4,16.6,2.8,12.1,34.6,4.5,47174,30999,15111,15888,376,7148,566,6582,7995,7412,142,367,74,656,65.7,32.0,33.7,0.8,15.2,1.2,14.0,16.9,15.7,0.3,0.8,0.2,1.4
E07000177,Cherwell,141868,71403,49163,15844,4261,1197,50.3,34.7,11.2,3.0,0.8,5458,3.8,103269,78160,15063,46827,350,1845,2869,5598,2936,2672,25109,12694,3560,3950,2539,2366,75.7,14.6,45.3,0.3,1.8,2.8,5.4,2.8,2.6,24.3,12.3,3.4,3.8,2.5,2.3,2.8430603569318964,113422,22331,17202,17949,4671,13210,31830,6229,19.7,15.2,15.8,4.1,11.6,28.1,5.5,56728,39303,17512,21791,443,6872,1453,5419,9206,8304,233,469,200,904,69.3,30.9,38.4,0.8,12.1,2.6,9.6,16.2,14.6,0.4,0.8,0.4,1.6
E07000178,Oxford,151906,83904,48201,14320,4189,1292,55.2,31.7,9.4,2.8,0.9,5481,3.7,118437,74923,12360,42867,307,1319,2646,3954,3801,7669,43514,8346,25539,4204,3129,2296,63.3,10.4,36.2,0.3,1.1,2.2,3.3,3.2,6.5,36.7,7.0,21.6,3.5,2.6,1.9,3.209301147445477,126725,17287,10519,11341,2338,22581,53977,8682,13.6,8.3,8.9,1.8,17.8,42.6,6.9,55375,25873,13277,12596,959,11828,7513,4315,15634,14458,277,524,375,1081,46.7,24.0,22.7,1.7,21.4,13.6,7.8,28.2,26.1,0.5,0.9,0.7,2.0
E07000179,South Oxfordshire,134257,70571,44779,14409,3517,981,52.6,33.4,10.7,2.6,0.7,4498,3.3,96892,72820,13591,41976,432,2343,3833,6030,2446,2169,24072,13471,3378,3848,1809,1566,75.2,14.0,43.3,0.4,2.4,4.0,6.2,2.5,2.2,24.8,13.9,3.5,4.0,1.9,1.6,2.524460223754283,108232,17827,13133,16120,4116,12936,39727,4373,16.5,12.1,14.9,3.8,12.0,36.7,4.0,54104,39461,20113,19348,459,6163,854,5309,7211,5999,541,354,317,810,72.9,37.2,35.8,0.8,11.4,1.6,9.8,13.3,11.1,1.0,0.7,0.6,1.5
E07000180,Vale of White Horse,120988,62738,41117,13063,3163,907,51.9,34.0,10.8,2.6,0.7,4070,3.3,87477,65710,12547,39197,324,1815,2613,4689,2190,2335,21767,12150,3400,3374,1682,1161,75.1,14.3,44.8,0.4,2.1,3.0,5.4,2.5,2.7,24.9,13.9,3.9,3.9,1.9,1.3,2.5035152097122677,97867,16328,11559,14307,3968,11281,36420,4004,16.7,11.8,14.6,4.1,11.5,37.2,4.1,49407,34750,17704,17046,514,6583,1230,5353,6733,5423,625,304,381,827,70.3,35.8,34.5,1.0,13.3,2.5,10.8,13.6,11.0,1.3,0.6,0.8,1.7
E07000181,West Oxfordshire,104779,53984,35438,11685,2942,730,51.5,33.8,11.2,2.8,0.7,3672,3.5,76163,58506,10889,34599,329,1814,2680,4629,1730,1836,17657,10418,2302,2596,1394,947,76.8,14.3,45.4,0.4,2.4,3.5,6.1,2.3,2.4,23.2,13.7,3.0,3.4,1.8,1.2,2.271444139542823,85312,15054,11324,13461,3352,10513,28076,3532,17.6,13.3,15.8,3.9,12.3,32.9,4.1,43241,30141,14915,15226,548,5387,738,4649,6423,5108,628,336,351,742,69.7,34.5,35.2,1.3,12.5,1.7,10.8,14.9,11.8,1.5,0.8,0.8,1.7
E07000207,Elmbridge,130875,73880,40555,12360,3213,867,56.5,31.0,9.4,2.5,0.7,4080,3.2,92027,67522,10910,38467,486,2641,4132,6306,2457,2123,24505,11239,4136,5852,1636,1642,73.4,11.9,41.8,0.5,2.9,4.5,6.9,2.7,2.3,26.6,12.2,4.5,6.4,1.8,1.8,2.6698686255120783,103005,13628,10451,14320,2280,11400,45170,5756,13.2,10.1,13.9,2.2,11.1,43.9,5.6,52922,38660,18119,20541,393,5218,1124,4094,8006,7478,129,328,71,645,73.1,34.2,38.8,0.7,9.9,2.1,7.7,15.1,14.1,0.2,0.6,0.1,1.2
E07000208,Epsom and Ewell,75102,39208,25355,7988,2016,535,52.2,33.8,10.6,2.7,0.7,2551,3.4000000000000004,54170,39844,7401,22696,231,1129,1736,3256,1480,1915,14326,7280,2785,2269,1127,865,73.6,13.7,41.9,0.4,2.1,3.2,6.0,2.7,3.5,26.4,13.4,5.1,4.2,2.1,1.6,2.7321395606424224,60371,9559,7395,9504,1723,7278,21720,3192,15.8,12.2,15.7,2.9,12.1,36.0,5.3,29784,22931,10969,11962,257,2390,166,2224,3962,3628,91,209,34,244,77.0,36.8,40.2,0.9,8.0,0.6,7.5,13.3,12.2,0.3,0.7,0.1,0.8
E07000209,Guildford,137183,73969,45445,13442,3402,925,53.9,33.1,9.8,2.5,0.7,4327,3.2,102054,73649,12432,41942,394,2112,3434,5586,2750,4999,28405,11556,8681,4517,1931,1720,72.2,12.2,41.1,0.4,2.1,3.4,5.5,2.7,4.9,27.8,11.3,8.5,4.4,1.9,1.7,2.694651850980853,112589,15993,12020,15254,3125,16005,44496,5696,14.2,10.7,13.5,2.8,14.2,39.5,5.1,53973,37148,18204,18944,702,6908,4928,1980,8522,7426,399,351,346,693,68.8,33.7,35.1,1.3,12.8,9.1,3.7,15.8,13.8,0.7,0.7,0.6,1.3
E07000210,Mole Valley,85375,43926,28801,9607,2437,604,51.5,33.7,11.3,2.9,0.7,3041,3.6,60778,44170,8418,23808,287,1579,2747,4330,1529,1472,16608,9519,2324,2657,1277,831,72.7,13.9,39.2,0.5,2.6,4.5,7.1,2.5,2.4,27.3,15.7,3.8,4.4,2.1,1.4,2.5157129224390404,69580,11111,8129,11198,1960,7896,26396,2890,16.0,11.7,16.1,2.8,11.3,37.9,4.2,35828,26362,14011,12351,331,4373,531,3842,4270,3795,143,244,88,492,73.6,39.1,34.5,0.9,12.2,1.5,10.7,11.9,10.6,0.4,0.7,0.2,1.4
E07000211,Reigate and Banstead,137835,71052,46908,14866,3844,1165,51.5,34.0,10.8,2.8,0.8,5009,3.6,99173,74614,13429,43619,437,2206,3292,6248,2892,2491,24559,12278,3508,4354,2299,2120,75.2,13.5,44.0,0.4,2.2,3.3,6.3,2.9,2.5,24.8,12.4,3.5,4.4,2.3,2.1,2.916116281649239,110725,18363,14587,18345,3237,13294,37602,5297,16.6,13.2,16.6,2.9,12.0,34.0,4.8,55423,40486,18393,22093,673,6605,1345,5260,7169,6653,81,357,78,490,73.0,33.2,39.9,1.2,11.9,2.4,9.5,12.9,12.0,0.1,0.6,0.1,0.9
E07000212,Runnymede,80510,41319,27451,8767,2371,602,51.3,34.1,10.9,2.9,0.7,2973,3.6,59793,42816,7221,24716,221,1077,1702,3384,1630,2865,16977,7091,5476,2354,1135,921,71.6,12.1,41.3,0.4,1.8,2.8,5.7,2.7,4.8,28.4,11.9,9.2,3.9,1.9,1.5,2.726071613734049,66653,12176,8490,9616,2248,10095,19945,4083,18.3,12.7,14.4,3.4,15.1,29.9,6.1,32714,22731,10827,11904,326,4210,2897,1313,4974,4492,173,195,114,473,69.5,33.1,36.4,1.0,12.9,8.9,4.0,15.2,13.7,0.5,0.6,0.3,1.4
E07000213,Spelthorne,95598,45929,34239,11509,3085,836,48.0,35.8,12.0,3.2,0.9,3921,4.1000000000000005,69916,52767,9279,32475,230,1112,1907,3762,2277,1725,17149,9289,2260,2724,1586,1290,75.5,13.3,46.4,0.3,1.6,2.7,5.4,3.3,2.5,24.5,13.3,3.2,3.9,2.3,1.8,3.2567652611705475,78089,15947,12546,12564,3056,8882,20262,4832,20.4,16.1,16.1,3.9,11.4,25.9,6.2,39512,28671,13403,15268,540,4911,636,4275,5004,4633,79,245,47,386,72.6,33.9,38.6,1.4,12.4,1.6,10.8,12.7,11.7,0.2,0.6,0.1,1.0
E07000214,Surrey Heath,86144,46062,28683,8613,2148,638,53.5,33.3,10.0,2.5,0.7,2786,3.2,62565,47016,8500,27645,242,1335,2081,3697,1731,1785,15549,8441,2185,2727,1059,1137,75.1,13.6,44.2,0.4,2.1,3.3,5.9,2.8,2.9,24.9,13.5,3.5,4.4,1.7,1.8,2.766722608487173,69302,10387,9356,11292,2398,8478,23887,3504,15.0,13.5,16.3,3.5,12.2,34.5,5.1,33546,25769,11668,14101,269,3089,394,2695,4073,3420,309,173,171,346,76.8,34.8,42.0,0.8,9.2,1.2,8.0,12.1,10.2,0.9,0.5,0.5,1.0
E07000215,Tandridge,82998,41916,28514,9450,2403,715,50.5,34.4,11.4,2.9,0.9,3118,3.8,59457,43692,8047,24205,331,1584,2356,4199,1645,1325,15765,8390,2581,2554,1308,932,73.5,13.5,40.7,0.6,2.7,4.0,7.1,2.8,2.2,26.5,14.1,4.3,4.3,2.2,1.6,2.7667053500849352,66922,11467,8936,11701,1959,8206,22063,2590,17.1,13.4,17.5,2.9,12.3,33.0,3.9,33342,25302,12074,13228,313,3610,2567,1043,3666,3236,158,211,61,451,75.9,36.2,39.7,0.9,10.8,7.7,3.1,11.0,9.7,0.5,0.6,0.2,1.4
E07000216,Waverley,121572,65068,39777,12768,3078,881,53.5,32.7,10.5,2.5,0.7,3959,3.2,85617,61649,11669,33014,453,2358,3764,5859,2068,2464,23968,12260,4402,4238,1760,1308,72.0,13.6,38.6,0.5,2.8,4.4,6.8,2.4,2.9,28.0,14.3,5.1,4.9,2.1,1.5,2.415408154922504,97478,14790,10056,14737,2845,11938,39125,3987,15.2,10.3,15.1,2.9,12.2,40.1,4.1,49280,36295,18572,17723,491,6068,4662,1406,5577,4966,231,290,90,849,73.7,37.7,36.0,1.0,12.3,9.5,2.9,11.3,10.1,0.5,0.6,0.2,1.7
E07000217,Woking,99198,51360,34291,10184,2602,761,51.8,34.6,10.3,2.6,0.8,3363,3.4000000000000004,71722,54052,8977,32336,288,1344,2400,4231,2313,2163,17670,8242,2559,3954,1626,1289,75.4,12.5,45.1,0.4,1.9,3.3,5.9,3.2,3.0,24.6,11.5,3.6,5.5,2.3,1.8,3.2249518976046403,79185,12042,9471,11321,2067,8940,30374,4970,15.2,12.0,14.3,2.6,11.3,38.4,6.3,39467,27829,12479,15350,368,4704,3308,1396,6186,5745,105,258,78,380,70.5,31.6,38.9,0.9,11.9,8.4,3.5,15.7,14.6,0.3,0.7,0.2,1.0
E07000223,Adur,61182,26107,22373,9181,2757,764,42.7,36.6,15.0,4.5,1.2,3521,5.7,43860,31054,7034,16445,172,730,1375,2726,1466,1106,12806,7375,1450,1713,1593,675,70.8,16.0,37.5,0.4,1.7,3.1,6.2,3.3,2.5,29.2,16.8,3.3,3.9,3.6,1.5,3.342453260373917,50579,12936,8063,8324,2207,5655,11122,2272,25.6,15.9,16.5,4.4,11.2,22.0,4.5,26957,19883,10191,9692,154,3523,2652,871,3079,2762,29,266,22,318,73.8,37.8,36.0,0.6,13.1,9.8,3.2,11.4,10.2,0.1,1.0,0.1,1.2
E07000224,Arun,149518,62774,54975,23299,6608,1862,42.0,36.8,15.6,4.4,1.2,8470,5.6000000000000005,106071,71573,15734,37607,439,1988,3352,6065,3538,2850,34498,21665,3294,3902,3731,1906,67.5,14.8,35.5,0.4,1.9,3.2,5.7,3.3,2.7,32.5,20.4,3.1,3.7,3.5,1.8,3.3355016922627296,126164,31364,17871,21159,5019,14610,28732,7409,24.9,14.2,16.8,4.0,11.6,22.8,5.9,66706,49254,28581,20673,566,5886,3225,2661,10211,9427,95,579,110,789,73.8,42.8,31.0,0.8,8.8,4.8,4.0,15.3,14.1,0.1,0.9,0.2,1.2
E07000225,Chichester,113794,54210,39771,14900,3822,1091,47.6,34.9,13.1,3.4,1.0,4913,4.4,81037,56102,11384,27847,390,2232,3520,5632,2267,2830,24935,14773,3590,3395,1944,1233,69.2,14.0,34.4,0.5,2.8,4.3,6.9,2.8,3.5,30.8,18.2,4.4,4.2,2.4,1.5,2.7974875674074804,95161,18566,11035,15164,3252,12149,30820,4175,19.5,11.6,15.9,3.4,12.8,32.4,4.4,49848,33481,20210,13271,455,7407,1084,6323,7423,6356,403,397,267,1082,67.2,40.5,26.6,0.9,14.9,2.2,12.7,14.9,12.8,0.8,0.8,0.5,2.2
E07000226,Crawley,106597,50751,38279,12856,3679,1032,47.6,35.9,12.1,3.5,1.0,4711,4.5,77348,59495,11129,36489,205,960,1431,3423,3490,2368,17853,7333,2586,3796,2480,1658,76.9,14.4,47.2,0.3,1.2,1.9,4.4,4.5,3.1,23.1,9.5,3.3,4.9,3.2,2.1,4.512075296064539,84549,16995,15257,14427,2887,9555,18214,7214,20.1,18.0,17.1,3.4,11.3,21.5,8.5,42727,25228,9480,15748,588,10194,7954,2240,6214,5789,43,319,63,503,59.0,22.2,36.9,1.4,23.9,18.6,5.2,14.5,13.5,0.1,0.7,0.1,1.2
E07000227,Horsham,131301,66403,45684,14580,3560,1074,50.6,34.8,11.1,2.7,0.8,4634,3.5,94318,69240,13926,38028,425,2134,3685,5967,2557,2518,25078,14601,3291,3949,2030,1207,73.4,14.8,40.3,0.5,2.3,3.9,6.3,2.7,2.7,26.6,15.5,3.5,4.2,2.2,1.3,2.7110413706821603,106758,17407,14155,18954,3627,13525,34814,4276,16.3,13.3,17.8,3.4,12.7,32.6,4.0,54923,40926,20486,20440,363,6347,672,5675,6480,5772,222,387,99,807,74.5,37.3,37.2,0.7,11.6,1.2,10.3,11.8,10.5,0.4,0.7,0.2,1.5
E07000228,Mid Sussex,139860,72448,47524,14938,3864,1086,51.8,34.0,10.7,2.8,0.8,4950,3.6,100252,75025,15173,42302,404,2095,3644,6323,2435,2649,25227,14203,3568,4038,2050,1368,74.8,15.1,42.2,0.4,2.1,3.6,6.3,2.4,2.6,25.2,14.2,3.6,4.0,2.0,1.4,2.428879224354626,112755,16731,15153,19560,3799,14858,37917,4737,14.8,13.4,17.3,3.4,13.2,33.6,4.2,57409,42658,20408,22250,561,6092,295,5797,7322,6719,149,375,79,776,74.3,35.5,38.8,1.0,10.6,0.5,10.1,12.8,11.7,0.3,0.7,0.1,1.4
E07000229,Worthing,104640,46272,37777,15082,4355,1154,44.2,36.1,14.4,4.2,1.1,5509,5.300000000000001,74338,53630,11186,29536,239,1235,2272,4236,2578,2348,20708,11426,2277,2722,3087,1196,72.1,15.0,39.7,0.3,1.7,3.1,5.7,3.5,3.2,27.9,15.4,3.1,3.7,4.2,1.6,3.467943716537975,85971,18319,12320,14966,3147,10774,22314,4131,21.3,14.3,17.4,3.7,12.5,26.0,4.8,47044,32621,16373,16248,217,4695,988,3707,9102,8424,65,514,99,409,69.3,34.8,34.5,0.5,10.0,2.1,7.9,19.3,17.9,0.1,1.1,0.2,0.9
E06000022,Bath and North East Somerset UA,176016,88882,58849,20856,5831,1598,50.5,33.4,11.8,3.3,0.9,7429,4.2,130550,89752,18818,46367,526,2506,4158,7116,3548,6713,40798,17896,13209,4289,3610,1794,68.7,14.4,35.5,0.4,1.9,3.2,5.5,2.7,5.1,31.3,13.7,10.1,3.3,2.8,1.4,2.717732669475297,146439,25140,16175,20828,5472,24095,48910,5819,17.2,11.0,14.2,3.7,16.5,33.4,4.0,73515,49068,25827,23241,368,10614,2528,8086,12447,11408,128,735,176,1018,66.7,35.1,31.6,0.5,14.4,3.4,11.0,16.9,15.5,0.2,1.0,0.2,1.4
E06000028,Bournemouth UA,183491,84955,63260,24866,8009,2401,46.3,34.5,13.6,4.4,1.3,10410,5.7,137574,96017,18289,51149,513,2374,3646,7433,5262,7351,41557,16837,11098,4887,6176,2559,69.8,13.3,37.2,0.4,1.7,2.7,5.4,3.8,5.3,30.2,12.2,8.1,3.6,4.5,1.9,3.824850625845,155224,29720,20105,24086,5852,24412,40951,10098,19.1,13.0,15.5,3.8,15.7,26.4,6.5,82374,47057,22820,24237,569,9206,4895,4311,24685,23234,138,1100,213,857,57.1,27.7,29.4,0.7,11.2,5.9,5.2,30.0,28.2,0.2,1.3,0.3,1.0
E06000023,"Bristol, City of UA",428234,209024,143283,52446,18056,5425,48.8,33.5,12.2,4.2,1.3,23481,5.5,321506,227119,42980,127829,909,4352,7308,14537,13817,15387,94387,31534,28932,12556,13973,7392,70.6,13.4,39.8,0.3,1.4,2.3,4.5,4.3,4.8,29.4,9.8,9.0,3.9,4.3,2.3,4.297586981269401,349653,70478,41487,44592,10260,51006,114621,17209,20.2,11.9,12.8,2.9,14.6,32.8,4.9,182747,98708,44928,53780,1385,37083,26494,10589,43028,40401,232,1984,411,2543,54.0,24.6,29.4,0.8,20.3,14.5,5.8,23.5,22.1,0.1,1.1,0.2,1.4
E06000052,Cornwall UA,532273,240759,178805,79181,25907,7621,45.2,33.6,14.9,4.9,1.4,33528,6.300000000000001,388858,259484,59778,123195,1967,10229,14046,26771,12694,10804,129374,73605,16726,15517,16980,6546,66.7,15.4,31.7,0.5,2.6,3.6,6.9,3.3,2.8,33.3,18.9,4.3,4.0,4.4,1.7,3.264430717639858,442332,99237,59206,76782,20102,57917,110518,18570,22.4,13.4,17.4,4.5,13.1,25.0,4.2,230389,158524,92113,66411,1757,27655,12833,14822,38605,33938,815,3185,667,3848,68.8,40.0,28.8,0.8,12.0,5.6,6.4,16.8,14.7,0.4,1.4,0.3,1.7
E06000053,Isles of Scilly UA,2203,1135,754,248,53,13,51.5,34.2,11.3,2.4,0.6,66,3.0,1622,1331,220,653,17,124,82,210,18,7,291,209,13,26,14,29,82.1,13.6,40.3,1.0,7.6,5.1,12.9,1.1,0.4,17.9,12.9,0.8,1.6,0.9,1.8,1.1097410604192357,1857,264,201,309,78,304,613,88,14.2,10.8,16.6,4.2,16.4,33.0,4.7,989,412,313,99,8,179,121,58,294,204,36,13,41,96,41.7,31.6,10.0,0.8,18.1,12.2,5.9,29.7,20.6,3.6,1.3,4.1,9.7
E06000024,North Somerset UA,202566,93803,70435,27670,8276,2382,46.3,34.8,13.7,4.1,1.2,10658,5.3,145352,102607,23117,55596,527,2957,4172,7770,4350,4118,42745,25366,4591,5082,5607,2099,70.6,15.9,38.2,0.4,2.0,2.9,5.3,3.0,2.8,29.4,17.5,3.2,3.5,3.9,1.4,2.992734878089053,165914,32539,22752,28542,7247,21012,47041,6781,19.6,13.7,17.2,4.4,12.7,28.4,4.1,88227,64365,32474,31891,542,8103,3104,4999,14270,13058,129,958,125,947,73.0,36.8,36.1,0.6,9.2,3.5,5.7,16.2,14.8,0.1,1.1,0.1,1.1
E06000026,Plymouth UA,256384,117976,85956,35756,13012,3684,46.0,33.5,13.9,5.1,1.4,16696,6.5,191786,127742,28356,69234,529,2429,3245,6913,8136,8900,64044,27019,16060,7482,10042,3441,66.6,14.8,36.1,0.3,1.3,1.7,3.6,4.2,4.6,33.4,14.1,8.4,3.9,5.2,1.8,4.242228316978299,211502,47073,28541,35452,11004,35009,45379,9044,22.3,13.5,16.8,5.2,16.6,21.5,4.3,109307,64157,29763,34394,841,21095,9403,11692,22026,19431,687,1315,593,1188,58.7,27.2,31.5,0.8,19.3,8.6,10.7,20.2,17.8,0.6,1.2,0.5,1.1
E06000029,Poole UA,147645,68689,51486,19849,5841,1780,46.5,34.9,13.4,4.0,1.2,7621,5.2,106391,75720,16215,42040,427,1951,2950,5560,3413,3164,30671,17178,4008,4338,3486,1661,71.2,15.2,39.5,0.4,1.8,2.8,5.2,3.2,3.0,28.8,16.1,3.8,4.1,3.3,1.6,3.207978118449869,121986,26108,17573,20298,5917,15229,31143,5718,21.4,14.4,16.6,4.9,12.5,25.5,4.7,63530,44702,22719,21983,557,7324,4143,3181,10275,9293,210,643,129,672,70.4,35.8,34.6,0.9,11.5,6.5,5.0,16.2,14.6,0.3,1.0,0.2,1.1
E06000025,South Gloucestershire UA,262767,129141,91675,30940,8556,2455,49.1,34.9,11.8,3.3,0.9,11011,4.2,192468,143198,31453,82489,584,3131,4158,9274,5354,6755,49270,27390,7885,6244,4872,2879,74.4,16.3,42.9,0.3,1.6,2.2,4.8,2.8,3.5,25.6,14.2,4.1,3.2,2.5,1.5,2.7817611239270943,212837,39618,31661,35490,11435,29111,56805,8717,18.6,14.9,16.7,5.4,13.7,26.7,4.1,107538,80586,37050,43536,497,10633,2063,8570,14600,13124,233,1039,204,1222,74.9,34.5,40.5,0.5,9.9,1.9,8.0,13.6,12.2,0.2,1.0,0.2,1.1
E06000030,Swindon UA,209156,100931,73591,25056,7556,2022,48.3,35.2,12.0,3.6,1.0,9578,4.6,154080,117039,22137,71912,329,2027,2891,6814,6518,4411,37041,17868,4895,6301,5271,2706,76.0,14.4,46.7,0.2,1.3,1.9,4.4,4.2,2.9,24.0,11.6,3.2,4.1,3.4,1.8,4.230269989615784,167774,34424,29257,29098,7597,19526,38097,9775,20.5,17.4,17.3,4.5,11.6,22.7,5.8,88360,57902,22749,35153,1118,14382,10269,4113,14169,13020,135,861,153,789,65.5,25.7,39.8,1.3,16.3,11.6,4.7,16.0,14.7,0.2,1.0,0.2,0.9
E06000027,Torbay UA,130959,54614,45098,21355,7625,2267,41.7,34.4,16.3,5.8,1.7,9892,7.5,94000,61795,14782,29537,421,1999,2683,5644,4275,2454,32205,18416,3032,3624,5454,1679,65.7,15.7,31.4,0.4,2.1,2.9,6.0,4.5,2.6,34.3,19.6,3.2,3.9,5.8,1.8,4.547872340425532,109290,28215,16398,18889,5110,12905,22564,5209,25.8,15.0,17.3,4.7,11.8,20.6,4.8,59010,39424,21503,17921,554,4762,505,4257,13696,12647,65,879,105,574,66.8,36.4,30.4,0.9,8.1,0.9,7.2,23.2,21.4,0.1,1.5,0.2,1.0
E06000054,Wiltshire UA,470981,234318,160362,57221,14974,4106,49.8,34.0,12.1,3.2,0.9,19080,4.1000000000000005,339595,250792,50806,143218,1269,6965,10635,19233,9999,8667,88803,49893,11119,13554,9102,5135,73.9,15.0,42.2,0.4,2.1,3.1,5.7,2.9,2.6,26.1,14.7,3.3,4.0,2.7,1.5,2.944389640601304,380013,70782,53242,65411,14616,48130,112067,15765,18.6,14.0,17.2,3.8,12.7,29.5,4.1,194194,131083,65734,65349,1463,28591,7604,20987,29968,22903,3295,1550,2220,3089,67.5,33.8,33.7,0.8,14.7,3.9,10.8,15.4,11.8,1.7,0.8,1.1,1.6
E07000040,East Devon,132457,58004,47716,19960,5285,1492,43.8,36.0,15.1,4.0,1.1,6777,5.1,92782,62455,14837,30193,513,2626,3614,6295,2270,2107,30327,20750,2719,3038,2617,1203,67.3,16.0,32.5,0.6,2.8,3.9,6.8,2.4,2.3,32.7,22.4,2.9,3.3,2.8,1.3,2.446595244767304,112002,23597,14651,19009,4625,12708,32573,4839,21.1,13.1,17.0,4.1,11.3,29.1,4.3,59071,44283,27837,16446,319,5515,3915,1600,8041,7034,215,631,161,913,75.0,47.1,27.8,0.5,9.3,6.6,2.7,13.6,11.9,0.4,1.1,0.3,1.5
E07000041,Exeter,117773,58775,39301,14075,4331,1291,49.9,33.4,12.0,3.7,1.1,5622,4.800000000000001,89544,60870,13348,33015,218,1172,1878,3502,2739,4998,28674,9976,11484,2634,3127,1453,68.0,14.9,36.9,0.2,1.3,2.1,3.9,3.1,5.6,32.0,11.1,12.8,2.9,3.5,1.6,3.0588314124899494,99066,18156,12467,13998,3165,18000,28291,4989,18.3,12.6,14.1,3.2,18.2,28.6,5.0,49242,29443,14809,14634,470,8386,4769,3617,10336,9633,87,534,82,607,59.8,30.1,29.7,1.0,17.0,9.7,7.3,21.0,19.6,0.2,1.1,0.2,1.2
E07000042,Mid Devon,77750,36263,27554,10398,2785,750,46.6,35.4,13.4,3.6,1.0,3535,4.6,55847,40218,8789,20163,292,1584,2174,4512,1513,1191,15629,9194,1775,2072,1739,849,72.0,15.7,36.1,0.5,2.8,3.9,8.1,2.7,2.1,28.0,16.5,3.2,3.7,3.1,1.5,2.7091876018407435,63200,14323,8723,10796,2420,7648,16716,2574,22.7,13.8,17.1,3.8,12.1,26.4,4.1,32758,22626,12206,10420,305,4135,2843,1292,5091,4605,108,324,54,601,69.1,37.3,31.8,0.9,12.6,8.7,3.9,15.5,14.1,0.3,1.0,0.2,1.8
E07000043,North Devon,93667,43441,31704,13264,4064,1194,46.4,33.8,14.2,4.3,1.3,5258,5.6,67507,47119,11045,22505,363,1883,2409,5177,2052,1685,20388,12257,2023,2584,2477,1047,69.8,16.4,33.3,0.5,2.8,3.6,7.7,3.0,2.5,30.2,18.2,3.0,3.8,3.7,1.6,3.039684773430904,77378,18613,11157,13288,3663,9616,17732,3309,24.1,14.4,17.2,4.7,12.4,22.9,4.3,40001,27383,15638,11745,271,4316,971,3345,7341,6377,261,508,195,690,68.5,39.1,29.4,0.7,10.8,2.4,8.4,18.4,15.9,0.7,1.3,0.5,1.7
E07000044,South Hams,83140,39414,28574,11075,3156,921,47.4,34.4,13.3,3.8,1.1,4077,4.9,60617,41639,9180,18979,403,1969,3196,5008,1422,1482,18978,12247,1974,1968,1868,921,68.7,15.1,31.3,0.7,3.2,5.3,8.3,2.3,2.4,31.3,20.2,3.3,3.2,3.1,1.5,2.345876569279245,69868,12047,8433,11361,3044,8456,23946,2581,17.2,12.1,16.3,4.4,12.1,34.3,3.7,36858,26440,15775,10665,400,4195,642,3553,5259,4638,106,424,91,564,71.7,42.8,28.9,1.1,11.4,1.7,9.6,14.3,12.6,0.3,1.2,0.2,1.5
E07000045,Teignbridge,124220,55819,43342,18237,5268,1554,44.9,34.9,14.7,4.2,1.3,6822,5.5,89471,61845,14300,30983,460,2269,3259,5837,2477,2260,27626,17009,2694,2944,3182,1797,69.1,16.0,34.6,0.5,2.5,3.6,6.5,2.8,2.5,30.9,19.0,3.0,3.3,3.6,2.0,2.768494819550469,103738,22353,14007,17189,4632,12196,29014,4347,21.5,13.5,16.6,4.5,11.8,28.0,4.2,54003,39678,22015,17663,495,4813,1169,3644,8358,7526,107,636,89,659,73.5,40.8,32.7,0.9,8.9,2.2,6.7,15.5,13.9,0.2,1.2,0.2,1.2
E07000046,Torridge,63839,27787,22242,9843,3128,839,43.5,34.8,15.4,4.9,1.3,3967,6.2,46510,31158,7250,13948,261,1455,1856,3922,1586,880,15352,9527,1428,1796,1879,722,67.0,15.6,30.0,0.6,3.1,4.0,8.4,3.4,1.9,33.0,20.5,3.1,3.9,4.0,1.6,3.4100193506772736,53321,13550,7599,9320,2626,6434,11552,2240,25.4,14.3,17.5,4.9,12.1,21.7,4.2,27986,19998,11998,8000,197,2524,542,1982,4746,4275,69,363,39,521,71.5,42.9,28.6,0.7,9.0,1.9,7.1,17.0,15.3,0.2,1.3,0.1,1.9
E07000047,West Devon,53553,24556,18599,7646,2120,632,45.9,34.7,14.3,4.0,1.2,2752,5.2,38941,26543,5918,12110,228,1188,1740,3289,1197,873,12398,7630,1272,1338,1333,825,68.2,15.2,31.1,0.6,3.1,4.5,8.4,3.1,2.2,31.8,19.6,3.3,3.4,3.4,2.1,3.0738809994607226,44652,9077,5767,7519,1740,5306,13410,1833,20.3,12.9,16.8,3.9,11.9,30.0,4.1,22725,16630,10003,6627,148,2158,582,1576,3409,3025,64,264,56,380,73.2,44.0,29.2,0.7,9.5,2.6,6.9,15.0,13.3,0.3,1.2,0.2,1.7
E07000048,Christchurch,47752,20203,17116,7681,2208,544,42.3,35.8,16.1,4.6,1.1,2752,5.699999999999999,32645,21420,5102,10786,155,659,1072,1857,1007,782,11225,7490,1067,1159,1054,455,65.6,15.6,33.0,0.5,2.0,3.3,5.7,3.1,2.4,34.4,22.9,3.3,3.6,3.2,1.4,3.084699035074284,40289,9421,5509,6718,2110,4556,10132,1843,23.4,13.7,16.7,5.2,11.3,25.1,4.6,21475,15967,9814,6153,182,2784,200,2584,2321,2115,25,164,17,221,74.4,45.7,28.7,0.8,13.0,0.9,12.0,10.8,9.8,0.1,0.8,0.1,1.0
E07000049,East Dorset,87166,39505,31183,12436,3162,880,45.3,35.8,14.3,3.6,1.0,4042,4.6,61047,41576,9661,21297,290,1361,2168,3826,1309,1664,19471,13495,1617,2239,1354,766,68.1,15.8,34.9,0.5,2.2,3.6,6.3,2.1,2.7,31.9,22.1,2.6,3.7,2.2,1.3,2.144249512670565,73557,15830,9897,12047,3884,8505,20364,3030,21.5,13.5,16.4,5.3,11.6,27.7,4.1,37564,30371,18017,12354,111,3120,292,2828,3471,3028,112,228,103,491,80.9,48.0,32.9,0.3,8.3,0.8,7.5,9.2,8.1,0.3,0.6,0.3,1.3
E07000050,North Dorset,68583,32782,24146,8808,2266,581,47.8,35.2,12.8,3.3,0.8,2847,4.1,49140,34878,7183,18705,242,1184,1838,3462,1301,963,14262,8374,1896,1817,1302,873,71.0,14.6,38.1,0.5,2.4,3.7,7.0,2.6,2.0,29.0,17.0,3.9,3.7,2.6,1.8,2.647537647537648,56230,11219,7989,10020,2312,7058,15137,2495,20.0,14.2,17.8,4.1,12.6,26.9,4.4,28670,20002,11286,8716,217,3865,282,3583,4094,3247,390,246,211,492,69.8,39.4,30.4,0.8,13.5,1.0,12.5,14.3,11.3,1.4,0.9,0.7,1.7
E07000051,Purbeck,44973,20231,16148,6340,1782,472,45.0,35.9,14.1,4.0,1.0,2254,5.0,32379,22400,5222,11568,171,752,1102,1928,899,758,9979,6493,909,1131,952,494,69.2,16.1,35.7,0.5,2.3,3.4,6.0,2.8,2.3,30.8,20.1,2.8,3.5,2.9,1.5,2.776490935482874,37678,8122,5401,6328,1891,4559,9687,1690,21.6,14.3,16.8,5.0,12.1,25.7,4.5,19583,13613,8306,5307,165,2446,444,2002,3005,2391,287,180,147,354,69.5,42.4,27.1,0.8,12.5,2.3,10.2,15.3,12.2,1.5,0.9,0.8,1.8
E07000052,West Dorset,99264,44070,35640,14604,3878,1072,44.4,35.9,14.7,3.9,1.1,4950,5.0,70359,47566,10923,23139,387,1924,3035,4904,1616,1638,22793,14917,2363,2415,2063,1035,67.6,15.5,32.9,0.6,2.7,4.3,7.0,2.3,2.3,32.4,21.2,3.4,3.4,2.9,1.5,2.296792165892068,83536,16801,10494,13761,3674,9875,25691,3240,20.1,12.6,16.5,4.4,11.8,30.8,3.9,44386,30823,19563,11260,370,6159,367,5792,6093,5419,211,369,94,941,69.4,44.1,25.4,0.8,13.9,0.8,13.0,13.7,12.2,0.5,0.8,0.2,2.1
E07000053,Weymouth and Portland,65167,27562,23933,9802,2952,918,42.3,36.7,15.0,4.5,1.4,3870,5.9,47871,32103,8174,16457,157,867,1119,2272,1854,1203,15768,8694,1484,1795,2355,1440,67.1,17.1,34.4,0.3,1.8,2.3,4.7,3.9,2.5,32.9,18.2,3.1,3.7,4.9,3.0,3.87290844143636,54306,12236,8094,9447,2804,7102,12207,2416,22.5,14.9,17.4,5.2,13.1,22.5,4.4,28535,19061,10421,8640,161,3894,1293,2601,5073,4651,38,327,57,346,66.8,36.5,30.3,0.6,13.6,4.5,9.1,17.8,16.3,0.1,1.1,0.2,1.2
E07000078,Cheltenham,115732,57758,39722,13631,3637,984,49.9,34.3,11.8,3.1,0.9,4621,4.0,86090,62763,11506,36092,277,1395,2339,4229,2878,4047,23327,10916,5402,3049,2583,1377,72.9,13.4,41.9,0.3,1.6,2.7,4.9,3.3,4.7,27.1,12.7,6.3,3.5,3.0,1.6,3.343013125798583,96008,15904,10906,13778,3021,13216,34782,4401,16.6,11.4,14.4,3.1,13.8,36.2,4.6,50929,32879,16363,16516,360,6227,4091,2136,10925,10260,51,534,80,538,64.6,32.1,32.4,0.7,12.2,8.0,4.2,21.5,20.1,0.1,1.0,0.2,1.1
E07000079,Cotswold,82881,40433,29067,10220,2498,663,48.8,35.1,12.3,3.0,0.8,3161,3.8,60075,43206,8703,21933,350,1926,2779,4612,1491,1412,16869,9762,2666,2321,1290,830,71.9,14.5,36.5,0.6,3.2,4.6,7.7,2.5,2.4,28.1,16.2,4.4,3.9,2.1,1.4,2.481897627965044,69138,12758,8865,10957,2236,8225,23267,2830,18.5,12.8,15.8,3.2,11.9,33.7,4.1,36236,23803,13691,10112,441,5388,623,4765,5518,4767,305,289,157,1086,65.7,37.8,27.9,1.2,14.9,1.7,13.1,15.2,13.2,0.8,0.8,0.4,3.0
E07000080,Forest of Dean,81961,36281,29340,11879,3535,926,44.3,35.8,14.5,4.3,1.1,4461,5.4,60341,41490,9008,21356,242,1402,1949,3877,2084,1572,18851,10701,2640,2327,2244,939,68.8,14.9,35.4,0.4,2.3,3.2,6.4,3.5,2.6,31.2,17.7,4.4,3.9,3.7,1.6,3.453704777845909,67947,16664,9750,11416,3045,8128,16285,2659,24.5,14.3,16.8,4.5,12.0,24.0,3.9,34167,25371,13966,11405,186,4237,773,3464,3835,3261,127,326,121,538,74.3,40.9,33.4,0.5,12.4,2.3,10.1,11.2,9.5,0.4,1.0,0.4,1.6
E07000081,Gloucester,121688,56655,43150,15933,4616,1334,46.6,35.5,13.1,3.8,1.1,5950,4.9,88942,65740,14303,38442,217,1095,1454,3479,3791,2959,23202,10726,3705,3522,3517,1732,73.9,16.1,43.2,0.2,1.2,1.6,3.9,4.3,3.3,26.1,12.1,4.2,4.0,4.0,1.9,4.262328258865328,97531,21247,15704,16831,4180,12832,21651,5086,21.8,16.1,17.3,4.3,13.2,22.2,5.2,50363,33858,14729,19129,557,6714,3921,2793,8755,8012,107,525,111,479,67.2,29.2,38.0,1.1,13.3,7.8,5.5,17.4,15.9,0.2,1.0,0.2,1.0
E07000082,Stroud,112779,53779,39711,14441,3783,1065,47.7,35.2,12.8,3.4,0.9,4848,4.3,81955,59980,12899,31910,370,1919,3276,5215,2306,2085,21975,12806,2929,2866,2275,1099,73.2,15.7,38.9,0.5,2.3,4.0,6.4,2.8,2.5,26.8,15.6,3.6,3.5,2.8,1.3,2.813739247147825,92251,16788,11898,14372,4296,11257,30324,3316,18.2,12.9,15.6,4.7,12.2,32.9,3.6,47794,34988,18187,16801,285,6097,4823,1274,5791,5288,84,353,66,633,73.2,38.1,35.2,0.6,12.8,10.1,2.7,12.1,11.1,0.2,0.7,0.1,1.3
E07000083,Tewkesbury,81943,39036,29183,10213,2703,808,47.6,35.6,12.5,3.3,1.0,3511,4.3,59685,43454,9008,24881,229,1239,1805,3184,1682,1426,16231,10057,1772,2155,1417,830,72.8,15.1,41.7,0.4,2.1,3.0,5.3,2.8,2.4,27.2,16.9,3.0,3.6,2.4,1.4,2.8181285080003358,67358,12667,9251,11230,2932,8214,20329,2735,18.8,13.7,16.7,4.4,12.2,30.2,4.1,35126,25844,13391,12453,330,4190,727,3463,4351,3611,256,298,186,411,73.6,38.1,35.5,0.9,11.9,2.1,9.9,12.4,10.3,0.7,0.8,0.5,1.2
E07000187,Mendip,109279,51153,38270,14619,4137,1100,46.8,35.0,13.4,3.8,1.0,5237,4.8,78653,56462,12726,28252,391,1959,3275,5569,2297,1993,22191,12049,3333,2934,2594,1281,71.8,16.2,35.9,0.5,2.5,4.2,7.1,2.9,2.5,28.2,15.3,4.2,3.7,3.3,1.6,2.920422615793422,88882,19054,12036,15180,3610,10697,24769,3536,21.4,13.5,17.1,4.1,12.0,27.9,4.0,46157,32438,17387,15051,349,5473,1320,4153,7136,6449,115,503,69,761,70.3,37.7,32.6,0.8,11.9,2.9,9.0,15.5,14.0,0.2,1.1,0.1,1.6
E07000188,Sedgemoor,114588,51044,40291,16930,4994,1329,44.5,35.2,14.8,4.4,1.2,6323,5.6000000000000005,82903,57966,13097,30108,311,1846,2445,4944,2972,2243,24937,14122,2793,3357,3299,1366,69.9,15.8,36.3,0.4,2.2,2.9,6.0,3.6,2.7,30.1,17.0,3.4,4.0,4.0,1.6,3.584912488088489,93922,23534,13815,16048,4386,11103,20778,4258,25.1,14.7,17.1,4.7,11.8,22.1,4.5,48801,34802,18320,16482,273,5951,3670,2281,7113,6380,93,556,84,662,71.3,37.5,33.8,0.6,12.2,7.5,4.7,14.6,13.1,0.2,1.1,0.2,1.4
E07000189,South Somerset,161243,73277,57906,22282,6115,1663,45.4,35.9,13.8,3.8,1.0,7778,4.8,115790,82390,18305,44645,430,2452,3630,7036,3170,2722,33400,20745,3418,4125,3539,1573,71.2,15.8,38.6,0.4,2.1,3.1,6.1,2.7,2.4,28.8,17.9,3.0,3.6,3.1,1.4,2.737714828568961,132625,29089,18212,22503,6922,16481,33228,6190,21.9,13.7,17.0,5.2,12.4,25.1,4.7,69501,48855,26718,22137,542,9697,2811,6886,9272,7881,398,721,272,1135,70.3,38.4,31.9,0.8,14.0,4.0,9.9,13.3,11.3,0.6,1.0,0.4,1.6
E07000190,Taunton Deane,110187,51946,38014,14854,4225,1148,47.1,34.5,13.5,3.8,1.0,5373,4.8,78921,56832,12872,30983,290,1546,2232,4357,2223,2329,22089,12292,3124,2675,2838,1160,72.0,16.3,39.3,0.4,2.0,2.8,5.5,2.8,3.0,28.0,15.6,4.0,3.4,3.6,1.5,2.816740791424336,90109,18510,11674,16101,3295,11068,25348,4113,20.5,13.0,17.9,3.7,12.3,28.1,4.6,46907,31393,16329,15064,251,7321,5439,1882,7227,6506,126,458,137,715,66.9,34.8,32.1,0.5,15.6,11.6,4.0,15.4,13.9,0.3,1.0,0.3,1.5
E07000191,West Somerset,34675,14080,12620,5741,1756,478,40.6,36.4,16.6,5.1,1.4,2234,6.5,24918,16118,3626,7290,139,742,1123,2065,688,445,8800,5764,754,844,1047,391,64.7,14.6,29.3,0.6,3.0,4.5,8.3,2.8,1.8,35.3,23.1,3.0,3.4,4.2,1.6,2.761056264547717,29844,7403,4066,4989,1195,3189,7415,1587,24.8,13.6,16.7,4.0,10.7,24.8,5.3,15623,10421,7024,3397,72,2288,181,2107,2510,2189,69,183,69,332,66.7,45.0,21.7,0.5,14.6,1.2,13.5,16.1,14.0,0.4,1.2,0.4,2.1
W06000001,Isle of Anglesey,69751,33492,21309,10541,3413,996,48.0,30.6,15.1,4.9,1.4,4409,6.300000000000001,50818,33023,6949,17274,247,1134,1157,2662,2381,1219,17795,10150,2266,1891,2592,896,65.0,13.7,34.0,0.5,2.2,2.3,5.2,4.7,2.4,35.0,20.0,4.5,3.7,5.1,1.8,4.685347711440828,57890,13991,7342,9406,2739,6887,15098,2427,24.2,12.7,16.2,4.7,11.9,26.1,4.2,30594,20971,12444,8527,63,4487,3899,588,4324,3699,104,410,111,749,68.5,40.7,27.9,0.2,14.7,12.7,1.9,14.1,12.1,0.3,1.3,0.4,2.4
W06000002,Gwynedd,121874,61396,37383,16593,4998,1504,50.4,30.7,13.6,4.1,1.2,6502,5.3,88913,57995,12300,27834,373,2464,2326,5766,3176,3756,30918,14561,7814,3062,3867,1614,65.2,13.8,31.3,0.4,2.8,2.6,6.5,3.6,4.2,34.8,16.4,8.8,3.4,4.3,1.8,3.572031086567769,100923,23365,11889,16238,3783,14638,26673,4337,23.2,11.8,16.1,3.7,14.5,26.4,4.3,52473,34324,21168,13156,171,8561,4385,4176,8060,6978,134,775,173,1357,65.4,40.3,25.1,0.3,16.3,8.4,8.0,15.4,13.3,0.3,1.5,0.3,2.6
W06000003,Conwy,115228,52335,36977,17874,6237,1805,45.4,32.1,15.5,5.4,1.6,8042,7.0,81906,53792,12398,26697,346,2077,1948,4773,3362,2191,28114,16178,3453,2684,4363,1436,65.7,15.1,32.6,0.4,2.5,2.4,5.8,4.1,2.7,34.3,19.8,4.2,3.3,5.3,1.8,4.104705393988231,96102,24577,12553,15472,3786,10841,24473,4400,25.6,13.1,16.1,3.9,11.3,25.5,4.6,51177,35501,20409,15092,378,5946,2592,3354,8534,7729,67,624,114,818,69.4,39.9,29.5,0.7,11.6,5.1,6.6,16.7,15.1,0.1,1.2,0.2,1.6
W06000004,Denbighshire,93734,43690,29420,13770,5341,1513,46.6,31.4,14.7,5.7,1.6,6854,7.300000000000001,67676,44409,9696,23121,265,1587,1518,3601,2857,1764,23267,12487,3239,2314,4088,1139,65.6,14.3,34.2,0.4,2.3,2.2,5.3,4.2,2.6,34.4,18.5,4.8,3.4,6.0,1.7,4.221585200070926,76781,19540,10723,12888,2929,8762,18615,3324,25.4,14.0,16.8,3.8,11.4,24.2,4.3,40546,27792,14937,12855,267,5325,3283,2042,6446,5798,83,502,63,716,68.5,36.8,31.7,0.7,13.1,8.1,5.0,15.9,14.3,0.2,1.2,0.2,1.8
W06000005,Flintshire,152506,74216,49498,20114,6774,1904,48.7,32.5,13.2,4.4,1.2,8678,5.6000000000000005,112325,78957,16875,45785,372,1844,2052,4611,4332,3086,33368,18839,4240,3858,4829,1602,70.3,15.0,40.8,0.3,1.6,1.8,4.1,3.9,2.7,29.7,16.8,3.8,3.4,4.3,1.4,3.856665924771868,123862,29116,19076,21398,6031,15098,27791,5352,23.5,15.4,17.3,4.9,12.2,22.4,4.3,63781,46451,22397,24054,340,9651,7209,2442,6729,5914,53,676,86,610,72.8,35.1,37.7,0.5,15.1,11.3,3.8,10.6,9.3,0.1,1.1,0.1,1.0
W06000006,Wrexham,134844,63642,43813,19009,6531,1849,47.2,32.5,14.1,4.8,1.4,8380,6.199999999999999,98691,68413,14567,39011,316,1740,1692,3797,4128,3162,30278,14983,4409,3799,5269,1818,69.3,14.8,39.5,0.3,1.8,1.7,3.8,4.2,3.2,30.7,15.2,4.5,3.8,5.3,1.8,4.182752226646807,109026,29094,15195,17584,4292,12557,24851,5453,26.7,13.9,16.1,3.9,11.5,22.8,5.0,57029,36272,17364,18908,211,12803,10942,1861,6775,6062,70,568,75,968,63.6,30.4,33.2,0.4,22.4,19.2,3.3,11.9,10.6,0.1,1.0,0.1,1.7
W06000023,Powys,132976,59511,45459,19857,6375,1774,44.8,34.2,14.9,4.8,1.3,8149,6.1,96069,66846,13955,31210,482,3109,3399,9715,2928,2048,29223,17283,3539,3036,3926,1439,69.6,14.5,32.5,0.5,3.2,3.5,10.1,3.0,2.1,30.4,18.0,3.7,3.2,4.1,1.5,3.047809387003092,110083,27273,13850,18040,4223,12714,28991,4992,24.8,12.6,16.4,3.8,11.5,26.3,4.5,58345,40090,25626,14464,179,8161,5371,2790,8638,7522,207,742,167,1277,68.7,43.9,24.8,0.3,14.0,9.2,4.8,14.8,12.9,0.4,1.3,0.3,2.2
W06000008,Ceredigion,75922,35796,24369,10946,3660,1151,47.1,32.1,14.4,4.8,1.5,4811,6.3,57405,35064,6612,15161,218,1587,1776,4677,1469,3564,22341,9550,7835,1610,2521,825,61.1,11.5,26.4,0.4,2.8,3.1,8.1,2.6,6.2,38.9,16.6,13.6,2.8,4.4,1.4,2.559010539151642,64692,12824,6811,9676,2094,12451,18064,2772,19.8,10.5,15.0,3.2,19.2,27.9,4.3,31562,21323,13821,7502,110,3196,1008,2188,6275,5653,62,409,151,658,67.6,43.8,23.8,0.3,10.1,3.2,6.9,19.9,17.9,0.2,1.3,0.5,2.1
W06000009,Pembrokeshire,122439,55535,39889,18684,6383,1948,45.4,32.6,15.3,5.2,1.6,8331,6.800000000000001,88049,58120,13507,27231,449,2675,2652,6087,3555,1964,29929,16505,3311,3766,4693,1654,66.0,15.3,30.9,0.5,3.0,3.0,6.9,4.0,2.2,34.0,18.7,3.8,4.3,5.3,1.9,4.037524560188077,100362,24668,13695,16858,4323,11812,24849,4157,24.6,13.6,16.8,4.3,11.8,24.8,4.1,53122,36558,22307,14251,140,8312,5822,2490,7188,6180,196,682,130,924,68.8,42.0,26.8,0.3,15.6,11.0,4.7,13.5,11.6,0.4,1.3,0.2,1.7
W06000010,Carmarthenshire,183777,82638,55618,30011,11475,4035,45.0,30.3,16.3,6.2,2.2,15510,8.4,132930,86217,18475,44839,498,2952,2955,8237,4962,3299,46713,24097,5992,5007,9055,2562,64.9,13.9,33.7,0.4,2.2,2.2,6.2,3.7,2.5,35.1,18.1,4.5,3.8,6.8,1.9,3.7327916948770032,150763,40334,19683,24748,6514,16832,36036,6616,26.8,13.1,16.4,4.3,11.2,23.9,4.4,78829,56326,32648,23678,178,11672,8833,2839,9301,8196,98,851,156,1352,71.5,41.4,30.0,0.2,14.8,11.2,3.6,11.8,10.4,0.1,1.1,0.2,1.7
W06000011,Swansea,239023,116295,69978,33402,14473,4875,48.7,29.3,14.0,6.1,2.0,19348,8.1,176971,111460,25141,59606,558,2708,2858,5542,6831,8216,65511,27684,15342,6565,12146,3774,63.0,14.2,33.7,0.3,1.5,1.6,3.1,3.9,4.6,37.0,15.6,8.7,3.7,6.9,2.1,3.8599544558147945,197627,47316,24405,30216,8472,27507,51081,8630,23.9,12.3,15.3,4.3,13.9,25.8,4.4,103497,66259,34576,31683,308,19878,13104,6774,15260,13688,89,1245,238,1792,64.0,33.4,30.6,0.3,19.2,12.7,6.5,14.7,13.2,0.1,1.2,0.2,1.7
W06000012,Neath Port Talbot,139812,62849,39694,22640,11028,3601,45.0,28.4,16.2,7.9,2.6,14629,10.5,102986,64110,14335,36977,268,1257,1368,3015,4630,2260,38876,17837,4397,4446,9839,2357,62.3,13.9,35.9,0.3,1.2,1.3,2.9,4.5,2.2,37.7,17.3,4.3,4.3,9.6,2.3,4.495756704794827,115175,35607,16557,18371,5856,12629,21636,4519,30.9,14.4,16.0,5.1,11.0,18.8,3.9,60393,41479,21976,19503,111,11545,7496,4049,6186,5404,41,655,86,1072,68.7,36.4,32.3,0.2,19.1,12.4,6.7,10.2,8.9,0.1,1.1,0.1,1.8
W06000013,Bridgend,139178,64134,41659,21002,9459,2924,46.1,29.9,15.1,6.8,2.1,12383,8.9,102805,66449,14633,38066,272,1495,1556,3411,4687,2329,36356,17204,4228,3986,7899,3039,64.6,14.2,37.0,0.3,1.5,1.5,3.3,4.6,2.3,35.4,16.7,4.1,3.9,7.7,3.0,4.5591167744759495,113890,32282,15932,18198,4748,12328,25699,4703,28.3,14.0,16.0,4.2,10.8,22.6,4.1,58515,42348,20459,21889,143,8099,2332,5767,7188,6310,54,713,111,737,72.4,35.0,37.4,0.2,13.8,4.0,9.9,12.3,10.8,0.1,1.2,0.2,1.3
W06000014,The Vale of Glamorgan,126336,60656,40486,17123,6191,1880,48.0,32.0,13.6,4.9,1.5,8071,6.4,91816,63384,13657,34955,375,2039,2101,4016,3956,2285,28432,14912,4235,3362,4414,1509,69.0,14.9,38.1,0.4,2.2,2.3,4.4,4.3,2.5,31.0,16.2,4.6,3.7,4.8,1.6,4.308617234468938,102504,20964,13210,17287,4287,12179,30527,4050,20.5,12.9,16.9,4.2,11.9,29.8,4.0,53505,38647,18954,19693,125,6354,4025,2329,7813,6780,226,630,177,566,72.2,35.4,36.8,0.2,11.9,7.5,4.4,14.6,12.7,0.4,1.2,0.3,1.1
W06000015,Cardiff,346090,174329,107477,42014,16745,5525,50.4,31.1,12.1,4.8,1.6,22270,6.4,260268,174753,32468,97170,750,3901,4622,9044,11566,15232,85515,27061,28383,10403,13477,6191,67.1,12.5,37.3,0.3,1.5,1.8,3.5,4.4,5.9,32.9,10.4,10.9,4.0,5.2,2.4,4.443880922741174,283115,58688,31039,36812,7882,43037,91522,14135,20.7,11.0,13.0,2.8,15.2,32.3,5.0,142557,84262,37788,46474,639,24374,13547,10827,31220,28972,145,1717,386,2062,59.1,26.5,32.6,0.4,17.1,9.5,7.6,21.9,20.3,0.1,1.2,0.3,1.4
W06000016,Rhondda Cynon Taf,234410,105154,69544,37208,17396,5108,44.9,29.7,15.9,7.4,2.2,22504,9.6,172047,108730,23068,61225,402,2423,2181,6027,8104,5300,63317,27595,9914,7007,14854,3947,63.2,13.4,35.6,0.2,1.4,1.3,3.5,4.7,3.1,36.8,16.0,5.8,4.1,8.6,2.3,4.710340778973188,190116,60403,26718,29749,6711,21714,37168,7653,31.8,14.1,15.6,3.5,11.4,19.6,4.0,99663,70760,36338,34422,150,13673,6836,6837,13604,12334,45,1088,137,1476,71.0,36.5,34.5,0.2,13.7,6.9,6.9,13.7,12.4,0.0,1.1,0.1,1.5
W06000024,Merthyr Tydfil,58802,25948,16961,9324,4908,1661,44.1,28.8,15.9,8.3,2.8,6569,11.1,43377,27833,5913,15882,111,592,501,1286,2481,1067,15544,6690,2078,1678,4107,991,64.2,13.6,36.6,0.3,1.4,1.2,3.0,5.7,2.5,35.8,15.4,4.8,3.9,9.5,2.3,5.719620997302718,47842,16407,6832,7221,1755,4810,8493,2324,34.3,14.3,15.1,3.7,10.1,17.8,4.9,24264,15843,8277,7566,42,5118,2379,2739,2809,2500,25,232,52,452,65.3,34.1,31.2,0.2,21.1,9.8,11.3,11.6,10.3,0.1,1.0,0.2,1.9
W06000018,Caerphilly,178806,79382,54272,28488,12844,3820,44.4,30.4,15.9,7.2,2.1,16664,9.3,130950,84932,17292,50160,342,1842,1657,4061,6731,2847,46018,21032,5869,5645,10731,2741,64.9,13.2,38.3,0.3,1.4,1.3,3.1,5.1,2.2,35.1,16.1,4.5,4.3,8.2,2.1,5.140129820542192,143825,45102,21459,23361,5595,16154,26843,5311,31.4,14.9,16.2,3.9,11.2,18.7,3.7,74479,51632,24188,27444,216,13962,10464,3498,7995,7178,32,712,73,674,69.3,32.5,36.8,0.3,18.7,14.0,4.7,10.7,9.6,0.0,1.0,0.1,0.9
W06000019,Blaenau Gwent,69814,29269,21385,11696,5692,1772,41.9,30.6,16.8,8.2,2.5,7464,10.7,51809,32145,6763,18147,132,586,522,1366,3557,1072,19664,8709,2245,2312,4995,1403,62.0,13.1,35.0,0.3,1.1,1.0,2.6,6.9,2.1,38.0,16.8,4.3,4.5,9.6,2.7,6.86560250149588,57321,20662,9035,8879,2032,5644,8689,2380,36.0,15.8,15.5,3.5,9.8,15.2,4.2,30416,18884,10019,8865,40,7284,3364,3920,3892,3480,19,303,90,316,62.1,32.9,29.1,0.1,23.9,11.1,12.9,12.8,11.4,0.1,1.0,0.3,1.0
W06000020,Torfaen,91075,39398,29619,14155,5965,1938,43.3,32.5,15.5,6.5,2.1,7903,8.6,66107,43820,9535,25574,177,854,793,2032,3163,1692,22287,11115,2662,2897,4410,1203,66.3,14.4,38.7,0.3,1.3,1.2,3.1,4.8,2.6,33.7,16.8,4.0,4.4,6.7,1.8,4.784667281830971,73833,21329,11094,12052,3182,8267,14976,2933,28.9,15.0,16.3,4.3,11.2,20.3,4.0,38524,25518,12176,13342,199,9100,3840,5260,3315,2894,16,331,74,392,66.2,31.6,34.6,0.5,23.6,10.0,13.7,8.6,7.5,0.0,0.9,0.2,1.0
W06000021,Monmouthshire,91323,42365,30742,12800,4173,1243,46.4,33.7,14.0,4.6,1.4,5416,6.0,66107,45272,9352,24246,293,1648,2001,4014,2217,1501,20835,11640,2838,2426,2646,1285,68.5,14.1,36.7,0.4,2.5,3.0,6.1,3.4,2.3,31.5,17.6,4.3,3.7,4.0,1.9,3.3536539246978387,75080,15521,9446,11531,2924,8107,24839,2712,20.7,12.6,15.4,3.9,10.8,33.1,3.6,38233,28142,15269,12873,141,5288,1590,3698,4130,3651,68,347,64,532,73.6,39.9,33.7,0.4,13.8,4.2,9.7,10.8,9.5,0.2,0.9,0.2,1.4
W06000022,Newport,145736,66667,47811,20538,8161,2559,45.7,32.8,14.1,5.6,1.8,10720,7.399999999999999,105141,71011,15531,39177,318,1593,1615,3368,5616,3793,34130,15389,5591,4642,6039,2469,67.5,14.8,37.3,0.3,1.5,1.5,3.2,5.3,3.6,32.5,14.6,5.3,4.4,5.7,2.3,5.341398693183439,116348,31454,16399,17834,4685,13203,27202,5571,27.0,14.1,15.3,4.0,11.3,23.4,4.8,61172,39272,18229,21043,325,12122,5981,6141,8572,7870,54,510,138,881,64.2,29.8,34.4,0.5,19.8,9.8,10.0,14.0,12.9,0.1,0.8,0.2,1.4
