area_code,area_name,pc1,pc2,bgmm_cluster,bgmm_confidence,pc1_full,pc2_full,pc3_full,pc4_full,pc5_full,pc6_full,cluster_prob_0,cluster_prob_1,cluster_prob_2,cluster_prob_3,cluster_prob_4,cluster_prob_5,pct_very_good,pct_good,pct_fair,pct_bad_or_very_bad,pct_active_total,pct_employee_part_time,pct_employee_full_time,pct_self_emp_with_employees_part_time,pct_self_emp_with_employees_full_time,pct_self_emp_without_employees_part_time,pct_self_emp_without_employees_full_time,pct_unemployed,pct_full_time_student_active,pct_inactive_total,pct_retired,pct_student_inactive,pct_looking_after_home_family,pct_long_term_sick_disabled,pct_other_inactive,pct_no_qualifications,pct_level_1,pct_level_2,pct_apprenticeship,pct_level_3,pct_level_4_and_above,pct_other_qualifications,pct_owned_total,pct_owned_outright,pct_owned_mortgage_loan,pct_shared_ownership,pct_social_rented_total,pct_social_rented_council,pct_social_rented_other,pct_private_rented_total,pct_private_rented_landlord_agency,pct_private_rented_employer,pct_private_rented_relative_friend,pct_private_rented_other,pct_living_rent_free,area_code_map,area_name_map,tableau_lad_match_status,LAD_Code,LAD_Name
E06000047,County Durham UA,1.7210416159460076,4.260001771244843,4,0.9766271627797964,1.7210416159460076,4.260001771244843,-0.4807715167351152,1.166389784820228,-0.020790209112294723,-1.48777633653513,0.023369374131316293,1.4294826260085738e-11,3.3125522335026553e-06,1.505223592066847e-07,0.9766271627797964,1.2119682533640753e-19,42.4,33.4,16.1,8.16,64.4,13.2,37.5,0.3,1.5,1.5,3.3,4.4,2.7,35.6,17.1,6.2,3.7,6.5,2.2,27.5,13.4,16.0,4.2,13.6,21.5,3.9,65.8,31.0,34.8,0.2,20.1,12.8,7.3,12.6,11.4,0.1,0.9,0.2,1.3,E06000047,County Durham,matched_reference,E06000047,County Durham
E06000005,Darlington UA,1.3174298183150301,2.1413179109026452,4,0.8538116020312307,1.3174298183150301,2.1413179109026452,0.536348298778948,0.47665688743071194,1.0180034794425363,0.38711380597563977,0.07316800450704176,0.00015283622208902577,0.07276696252148011,2.4388144434052308e-05,0.8538116020312307,7.620657372413676e-05,44.6,35.2,14.3,5.88,69.7,15.1,39.6,0.3,1.6,1.7,3.7,5.2,2.5,30.3,15.9,3.6,4.0,4.9,1.9,24.8,13.4,15.9,5.1,12.7,23.7,4.3,64.9,29.6,35.3,0.4,15.5,11.2,4.3,18.2,16.6,0.2,1.2,0.2,1.0,E06000005,Darlington,matched_reference,E06000005,Darlington
E06000001,Hartlepool UA,1.225677654894912,5.9021431234076065,4,0.9972723463459363,1.225677654894912,5.9021431234076065,-0.23809960678280517,-0.5534701218968127,0.38339454033901715,-1.6268372401950204,0.0027276236872147406,2.1469653943838817e-17,2.0689484097286985e-09,2.789790060291497e-08,0.9972723463459363,5.126765851430137e-22,43.3,32.7,15.9,8.14,65.1,15.1,33.9,0.3,1.3,1.3,2.8,7.8,2.7,34.9,15.9,4.6,4.9,7.1,2.4,30.7,13.5,16.2,5.5,12.5,17.6,4.0,59.8,27.4,32.4,0.5,23.5,9.9,13.6,14.8,13.7,0.1,0.9,0.2,1.4,E06000001,Hartlepool,matched_reference,E06000001,Hartlepool
E06000002,Middlesbrough UA,-0.8192342188642526,6.417201777525291,0,0.6986571418587904,-0.8192342188642526,6.417201777525291,-0.7042455448508312,0.2266793856586053,0.2760380283487021,-0.5792236363455562,0.6986571418587904,3.8471149261882363e-13,4.324676174535341e-12,5.859212045344795e-05,0.30128426601604597,1.1267085904316968e-21,45.4,32.7,14.2,7.62,63.2,15.0,31.1,0.3,1.1,1.3,2.5,7.6,4.4,36.8,13.8,7.4,5.5,6.8,3.2,29.9,13.6,15.3,4.4,13.2,18.5,5.0,57.2,26.6,30.6,0.6,23.9,10.6,13.3,16.6,15.1,0.2,1.0,0.3,1.7,E06000002,Middlesbrough,matched_reference,E06000002,Middlesbrough
E06000048,Northumberland UA,2.0125485910234313,1.2354166883535471,4,0.9751041340010674,2.0125485910234313,1.2354166883535471,-1.254017531740696,-0.12803797245014395,0.5799612233223813,-0.9806738478621267,0.021785866582867953,2.9522019649760587e-06,0.0030858208182912806,4.88486624497928e-06,0.9751041340010674,1.6341529562922042e-05,44.0,34.3,15.4,6.33,67.9,14.7,37.0,0.4,2.3,2.2,4.5,4.4,2.2,32.1,18.8,3.5,3.6,4.4,1.8,23.9,13.7,16.5,4.5,12.1,25.6,3.8,65.8,33.3,32.6,0.4,18.7,10.7,8.0,13.3,11.7,0.3,1.0,0.3,1.8,E06000048,Northumberland,matched_reference,E06000048,Northumberland
E06000003,Redcar and Cleveland UA,2.8209018007633437,4.9357400511655545,4,0.9729655088838551,2.8209018007633437,4.9357400511655545,-0.5084833729266902,0.39158306969108125,0.03814582348309755,-0.7773614628047402,0.027000662006693897,2.96046179935207e-10,3.363452273665267e-05,1.9429065211449348e-07,0.9729655088838551,1.6258615327161464e-14,42.4,33.9,15.9,7.84,64.1,15.4,33.6,0.3,1.2,1.4,2.9,6.6,2.5,35.9,19.4,4.2,4.4,5.9,2.1,28.4,13.5,16.4,5.7,13.1,18.9,3.9,66.6,33.2,33.4,0.4,19.4,10.1,9.3,12.5,11.2,0.1,1.0,0.2,1.1,E06000003,Redcar and Cleveland,matched_reference,E06000003,Redcar and Cleveland
E06000004,Stockton-on-Tees UA,1.5945447626635787,2.7817535681622774,4,0.9523142066478846,1.5945447626635787,2.7817535681622774,1.378734114539558,1.0999383100870284,0.20428549954604508,-0.5611757223188373,0.03695933238035513,4.909555008429546e-06,0.010704672699262218,1.6876725087030557e-05,0.9523142066478846,1.9924028856423845e-09,46.3,33.5,13.8,6.33,68.4,15.7,37.6,0.3,1.4,1.5,3.1,5.7,3.0,31.6,14.8,5.2,4.2,4.9,2.5,23.8,13.9,16.9,5.2,13.6,22.8,3.9,68.5,29.4,39.1,0.3,17.2,9.2,8.0,13.1,11.9,0.1,1.0,0.2,0.8,E06000004,Stockton-on-Tees,matched_reference,E06000004,Stockton-on-Tees
E08000020,Gateshead,1.163454370568128,4.6980354799397075,4,0.9931417944274138,1.163454370568128,4.6980354799397075,1.299568412310391,0.08511273834702945,0.9601973074824793,-1.728876063320564,0.006850279168396352,4.921465462234991e-14,7.080251056989192e-06,8.461530840230784e-07,0.9931417944274138,2.0644863835581204e-18,42.6,33.9,15.6,7.96,67.7,14.2,39.8,0.2,1.3,1.4,3.0,5.0,2.7,32.3,15.9,4.6,3.8,6.0,2.0,28.0,14.3,15.5,5.2,11.3,21.5,4.1,58.2,25.9,32.3,0.4,28.0,22.4,5.6,12.5,11.4,0.1,0.9,0.1,0.9,E08000020,Gateshead,matched_reference,E08000020,Gateshead
E08000021,Newcastle upon Tyne,-4.095442730576196,5.404423643326555,0,0.9999999999999467,-4.095442730576196,5.404423643326555,-1.2017966531699893,4.800467729561279,0.273420065630521,-0.16647982475673814,0.9999999999999467,2.480645202553282e-29,1.2955223117989605e-30,5.24552485452608e-14,7.659062618093085e-21,2.4233476593944698e-64,47.8,31.8,13.6,6.83,62.9,12.1,32.8,0.3,1.4,1.5,2.9,5.0,6.8,37.1,11.5,13.7,4.2,5.4,2.3,23.6,11.3,12.5,3.4,17.1,27.2,4.9,49.5,22.4,27.1,0.4,29.7,23.3,6.4,19.1,17.5,0.1,1.1,0.4,1.3,E08000021,Newcastle upon Tyne,matched_reference,E08000021,Newcastle upon Tyne
E08000022,North Tyneside,1.7033182653236973,2.614805701786576,4,0.9853160240199653,1.7033182653236973,2.614805701786576,1.7826752120402014,0.9600849789832931,0.9640194120043392,-1.5068912025688284,0.009415468053744436,1.3418065624938735e-08,0.0052641684442659865,4.326061903548315e-06,0.9853160240199653,2.0554504148785384e-12,44.8,33.3,15.0,6.8,70.5,14.8,41.5,0.2,1.4,1.5,3.3,4.9,2.8,29.5,15.9,3.6,3.4,5.0,1.6,23.7,14.0,16.1,5.3,11.9,25.3,3.7,64.8,28.1,36.7,0.4,21.6,16.0,5.6,12.4,11.1,0.1,1.1,0.1,0.9,E08000022,North Tyneside,matched_reference,E08000022,North Tyneside
E08000023,South Tyneside,1.3476655604019796,5.825335522693515,4,0.9964286748417339,1.3476655604019796,5.825335522693515,1.0957515817597325,-0.13177751092187392,0.9778995699752913,-2.2105315009794797,0.0035712444493946486,1.0079178158588244e-19,1.7165900845765648e-08,6.354297034262565e-08,0.9964286748417339,1.172591497829171e-25,42.8,33.0,16.0,8.25,66.7,14.2,37.5,0.3,1.3,1.2,2.7,6.6,3.0,33.3,15.9,4.2,4.3,6.6,2.2,28.0,14.6,16.2,6.1,12.0,19.2,3.9,57.1,25.3,31.8,0.4,31.6,25.3,6.3,10.1,9.0,0.1,0.9,0.1,0.9,E08000023,South Tyneside,matched_reference,E08000023,South Tyneside
E08000024,Sunderland,1.401399313615664,5.528222327064734,4,0.9966736740673524,1.401399313615664,5.528222327064734,0.5968534651371926,0.0007460786610923005,0.5399150721771185,-1.866432154819212,0.003326208586483296,5.862290909404779e-17,5.0440387561223796e-08,6.690577748415207e-08,0.9966736740673524,6.639900933761892e-23,42.6,32.9,16.0,8.58,65.9,14.2,36.9,0.3,1.2,1.4,2.7,5.8,3.4,34.1,15.7,5.2,4.2,6.9,2.1,29.1,15.5,16.2,5.0,12.0,18.2,4.0,59.8,27.1,32.7,0.3,27.1,14.0,13.1,12.2,10.9,0.1,0.9,0.3,0.7,E08000024,Sunderland,matched_reference,E08000024,Sunderland
E06000008,Blackburn with Darwen UA,-0.47580052624177205,4.380823660701183,4,0.9861148067745887,-0.47580052624177205,4.380823660701183,-1.1864866044677762,-1.8381524802275486,-1.0091347315919756,-0.2535927604468019,0.011838261960773828,6.909503883292727e-08,6.978803707970193e-09,0.0020468542769887304,0.9861148067745887,9.138058942917333e-10,45.4,33.2,14.1,7.3,64.2,13.9,34.1,0.5,1.6,2.0,3.6,5.3,3.2,35.8,12.7,5.8,6.8,7.1,3.5,28.7,14.3,15.2,3.9,11.4,19.8,6.6,64.2,31.5,32.7,0.5,18.1,5.6,12.5,15.7,14.1,0.1,1.1,0.3,1.5,E06000008,Blackburn with Darwen,matched_reference,E06000008,Blackburn with Darwen
E06000009,Blackpool UA,1.5512852506618533,5.415949583441433,4,0.9896225320097284,1.5512852506618533,5.415949583441433,-2.637955164414326,-0.6284129207658288,0.8328160802995673,1.3011066965946847,0.01037691911632301,4.908911092753065e-08,5.766396435445636e-09,4.292825460450319e-07,0.9896225320097284,6.473589450942429e-08,39.8,33.8,16.9,9.48,66.0,14.3,33.0,0.3,1.6,2.3,5.3,6.1,3.1,34.0,16.2,3.7,3.8,7.9,2.4,31.3,15.5,17.1,4.2,11.6,15.5,4.7,61.6,30.0,31.6,0.4,10.9,7.5,3.4,26.1,24.2,0.1,1.6,0.2,1.1,E06000009,Blackpool,matched_reference,E06000009,Blackpool
E06000049,Cheshire East UA,1.3980788018323664,-1.867216847998379,2,0.9599272940869352,1.3980788018323664,-1.867216847998379,0.1920971509988142,1.1288126778819059,-1.3133132819346762,-1.0181479425660105,0.013024419522962403,2.3545231088139597e-05,0.9599272940869352,1.4389937435858359e-05,0.02624751847760469,0.0007628327439729133,49.1,33.2,12.8,4.91,70.6,14.4,39.4,0.4,2.4,2.8,5.0,3.2,2.8,29.4,17.1,4.2,3.5,3.1,1.5,19.6,12.1,16.0,4.1,12.4,32.0,3.8,74.5,37.5,37.0,0.5,11.4,2.7,8.7,12.5,11.4,0.1,0.8,0.2,1.1,E06000049,Cheshire East,matched_reference,E06000049,Cheshire East
E06000050,Cheshire West and Chester UA,1.0972196427883145,-0.4832882717480175,4,0.6010551878206764,1.0972196427883145,-0.4832882717480175,0.6930536093365769,1.2949260660408455,-0.5000892834131866,-0.9595917729292892,0.042015553350536854,9.074493622383881e-05,0.35677504169558805,3.591496699127089e-05,0.6010551878206764,2.7557229983324283e-05,48.5,33.1,12.9,5.54,70.2,14.9,39.3,0.4,1.9,2.3,4.3,3.7,3.3,29.8,16.4,4.4,3.5,3.9,1.5,21.0,13.3,15.7,4.0,12.9,29.4,3.8,70.8,34.7,36.0,0.8,14.7,7.4,7.3,12.5,11.3,0.2,0.8,0.2,1.2,E06000050,Cheshire West and Chester,matched_reference,E06000050,Cheshire West and Chester
E06000006,Halton UA,1.4448646332318658,3.879338796627655,4,0.9998140651744915,1.4448646332318658,3.879338796627655,2.482216947553346,-0.25138062829672175,0.18993328751608424,-2.9844586196791716,0.00018579783541595868,1.7034435401531432e-20,1.0221588388419394e-07,3.4774208668979625e-08,0.9998140651744915,6.670638684010233e-26,46.7,31.6,13.9,7.85,68.4,14.1,40.1,0.2,1.1,1.3,3.2,5.6,2.7,31.6,14.4,4.2,4.2,7.0,1.9,26.9,16.8,18.6,3.8,12.5,17.6,3.7,63.4,27.1,36.3,0.6,25.2,4.7,20.5,9.8,8.9,0.0,0.7,0.1,1.0,E06000006,Halton,matched_reference,E06000006,Halton
E06000007,Warrington UA,1.0630810369414083,-0.18299927578020014,4,0.7206758703502409,1.0630810369414083,-0.18299927578020014,2.6274692967600384,1.003222680997418,-0.24300879824091287,-1.4619383232546288,0.009106225890340785,2.7706789508072273e-05,0.2701339712909204,5.026373311045645e-05,0.7206758703502409,5.9619458802009815e-06,49.8,32.7,12.1,5.35,72.1,14.6,42.7,0.3,1.6,1.9,3.9,4.0,3.0,27.9,14.8,3.6,3.3,4.1,2.1,20.7,14.6,16.5,4.1,12.6,27.4,4.1,71.5,32.0,39.6,0.7,15.6,7.2,8.4,11.2,10.2,0.1,0.8,0.1,0.8,E06000007,Warrington,matched_reference,E06000007,Warrington
E07000026,Allerdale,3.1326747135270083,0.26089652892624127,4,0.9584175419158278,3.1326747135270083,0.26089652892624127,-1.5278992245790026,-0.6745726315102769,-0.1898420990639896,-1.3901622758851113,0.026745147853884075,3.815641767210122e-08,0.014834030950508094,1.9112028068468684e-06,0.9584175419158278,1.3299205551717187e-06,44.5,34.5,14.7,6.25,68.9,16.4,36.5,0.5,2.5,2.2,5.1,3.6,2.1,31.1,18.9,3.0,3.2,4.5,1.5,27.0,13.7,16.2,5.0,11.5,22.8,3.8,69.0,39.4,29.6,0.5,19.1,2.7,16.4,9.8,8.5,0.2,0.9,0.2,1.6,E07000026,Allerdale,matched_reference,E07000026,Allerdale
E07000027,Barrow-in-Furness,4.68668240093823,3.62473679737655,0,0.8753034773381412,4.68668240093823,3.62473679737655,-0.484648461941407,1.964273753109612,0.8131341870961691,-0.9132250739282303,0.8753034773381412,1.6899774800457186e-07,0.07640894998212952,1.211686661733034e-07,0.0482872825133145,9.856397967269055e-16,42.8,33.1,15.8,8.37,66.3,16.6,36.6,0.3,1.3,1.6,2.9,4.6,2.3,33.7,17.9,3.2,3.5,7.3,1.7,25.4,13.6,15.7,9.2,13.7,19.0,3.4,73.5,36.6,36.9,0.1,11.1,8.7,2.4,14.2,12.8,0.2,1.1,0.2,1.1,E07000027,Barrow-in-Furness,matched_reference,E07000027,Barrow-in-Furness
E07000028,Carlisle,2.14515826761697,0.15980663054128244,4,0.8130860534956948,2.14515826761697,0.15980663054128244,0.08699676629642458,0.3085970090953965,0.8420987236608478,-0.028095013114725717,0.022098014267309136,0.00015818595813139248,0.09090097715247376,1.3796559786253887e-05,0.8130860534956948,0.07374297256660513,45.2,34.9,14.0,5.96,71.9,16.7,39.2,0.4,2.1,1.9,4.8,3.6,3.3,28.1,15.5,3.5,2.9,4.7,1.5,24.9,14.8,16.4,4.6,12.6,22.2,4.6,68.3,34.7,33.6,0.7,15.3,2.7,12.6,14.3,12.9,0.2,1.0,0.2,1.5,E07000028,Carlisle,matched_reference,E07000028,Carlisle
E07000029,Copeland,3.2101513522022893,2.4147209274444053,4,0.9939372022588292,3.2101513522022893,2.4147209274444053,0.23310016554854499,0.006131474246225198,0.2119946575130346,-1.944698227890228,0.0045587025667245505,3.147968533766203e-12,0.0015040388536823532,5.6317614890612016e-08,0.9939372022588292,1.5045177603268212e-15,44.4,33.9,14.9,6.83,67.0,15.1,38.9,0.3,1.6,1.4,3.6,4.2,1.7,33.0,18.3,3.0,3.6,5.4,2.5,27.0,14.2,15.7,5.9,12.4,21.0,3.9,71.0,37.1,33.9,0.3,18.6,7.1,11.4,8.7,7.6,0.2,0.8,0.2,1.4,E07000029,Copeland,matched_reference,E07000029,Copeland
E07000030,Eden,2.045989215373334,-4.24735732396867,5,0.9999964512548921,2.045989215373334,-4.24735732396867,-4.182060715373314,-0.7343734324919948,0.2163717560018837,1.0667321238613248,4.902957502444182e-08,7.37374953675699e-11,1.3051971178356133e-12,5.477025198357398e-07,2.9519379697190404e-06,0.9999964512548921,46.1,35.8,13.7,4.47,73.4,16.0,35.2,0.7,3.9,3.7,9.0,2.1,2.7,26.6,17.6,2.8,2.4,2.8,1.1,22.7,13.4,16.5,3.7,12.0,27.4,4.2,70.6,43.6,26.9,0.9,10.1,1.3,8.7,16.0,14.0,0.4,1.3,0.2,2.5,E07000030,Eden,matched_reference,E07000030,Eden
E07000031,South Lakeland,2.3974932444768857,-3.5030117887667593,5,0.9968212757350083,2.3974932444768857,-3.5030117887667593,-3.42657625631169,0.6264781436973774,-0.6283082335460405,0.2348629483840685,8.053555204539509e-05,2.030631964288329e-09,1.2131241172309747e-06,8.248575141208925e-07,0.0030961487006825445,0.9968212757350083,46.8,35.1,13.6,4.53,70.4,15.8,35.4,0.6,3.2,3.6,7.3,2.0,2.5,29.6,20.4,3.0,2.3,2.6,1.2,18.9,12.0,15.4,4.6,11.8,33.4,3.9,73.0,44.7,28.3,0.5,10.4,6.8,3.6,14.2,12.5,0.4,1.1,0.2,1.9,E07000031,South Lakeland,matched_reference,E07000031,South Lakeland
E08000001,Bolton,0.44147663974098117,2.864786491759641,4,0.9886936976965983,0.44147663974098117,2.864786491759641,-0.029416128361054977,-0.38562137332621327,0.02174970111433114,-0.7091291845482943,0.010948555194836413,1.359756349446128e-07,0.0003328131662454913,2.4788070946540977e-05,0.9886936976965983,9.895738055608804e-09,45.4,33.9,14.1,6.62,67.2,13.8,37.2,0.4,1.7,2.0,4.0,4.9,3.1,32.8,14.7,5.1,4.7,5.8,2.4,26.3,14.2,15.8,4.3,12.0,22.2,5.2,63.7,30.4,33.3,0.5,20.5,14.2,6.2,13.7,12.5,0.1,0.9,0.2,1.6,E08000001,Bolton,matched_reference,E08000001,Bolton
E08000002,Bury,1.0810480303764118,0.6569305913256261,4,0.8252063765456973,1.0810480303764118,0.6569305913256261,0.6511507916884377,0.3284317371489873,-0.2322697442845409,-0.8002206632835938,0.01598918851943689,1.9083206249719496e-05,0.15869888439696253,3.9798356078515815e-05,0.8252063765456973,4.666897557489799e-05,47.1,33.3,13.7,5.87,70.3,14.2,40.1,0.4,1.9,2.3,4.5,4.3,2.7,29.7,14.5,4.5,3.8,4.9,1.9,22.6,14.1,17.2,3.5,12.3,25.7,4.7,69.6,31.8,37.8,0.3,15.0,9.4,5.6,13.8,12.6,0.1,1.0,0.1,1.3,E08000002,Bury,matched_reference,E08000002,Bury
E08000003,Manchester,-7.823746305397594,6.083819075755131,0,0.9999999894903446,-7.823746305397594,6.083819075755131,-1.5780757745089757,2.901747531410149,0.143076643346376,0.1569233319866877,0.9999999894903446,8.014215389876235e-34,1.032133906597384e-41,1.0509654742490543e-08,1.8840693645281446e-27,4.121160924301107e-74,48.8,31.7,12.5,7.09,63.5,10.8,33.7,0.3,1.1,1.8,3.0,5.7,7.1,36.5,7.6,14.1,4.9,6.6,3.3,23.1,11.1,12.0,1.7,16.0,28.9,7.1,37.8,15.2,22.6,0.7,31.6,13.5,18.1,28.4,26.9,0.1,1.1,0.4,1.6,E08000003,Manchester,matched_reference,E08000003,Manchester
E08000004,Oldham,0.5687670023738364,3.838814631856914,4,0.9959801836931818,0.5687670023738364,3.838814631856914,-0.03846772765324634,-1.2023684476351586,-0.2608800237074904,-0.8224307788658947,0.004002393701973265,7.207971938534966e-10,8.089396252879416e-06,9.33236556471746e-06,0.9959801836931818,1.2223055049715656e-10,45.1,33.3,14.6,6.94,66.6,13.9,36.6,0.4,1.6,1.9,3.8,5.4,3.0,33.4,14.0,5.1,5.7,5.8,2.9,29.6,14.6,15.8,4.2,11.7,18.6,5.5,64.9,30.3,34.6,0.4,21.1,9.7,11.4,12.2,10.8,0.1,1.1,0.2,1.4,E08000004,Oldham,matched_reference,E08000004,Oldham
E08000005,Rochdale,0.16125581638678294,4.476277563914087,4,0.995161369183204,0.16125581638678294,4.476277563914087,-0.09310835363336405,-1.2351934244903382,-0.21857588447862972,-1.1899581216629764,0.004832753111951764,2.9244254422747382e-12,1.4119878023422977e-07,5.736503114329131e-06,0.995161369183204,2.5439603652528672e-14,44.5,33.1,14.8,7.56,66.1,13.2,36.4,0.4,1.6,2.0,4.0,5.9,2.7,33.9,13.7,5.3,5.1,6.8,3.0,28.7,14.7,16.4,3.7,11.7,19.4,5.4,61.8,27.8,34.1,0.4,23.1,15.6,7.5,13.2,12.0,0.1,1.0,0.1,1.4,E08000005,Rochdale,matched_reference,E08000005,Rochdale
E08000006,Salford,-2.390477243024961,4.8341373203658975,0,0.9889362814174667,-2.390477243024961,4.8341373203658975,0.7995642402495775,0.33772087911110227,1.0523527927877259,-1.6039776693448613,0.9889362814174667,8.525562766032386e-14,4.158475008739729e-10,0.00380015532509525,0.007263562841505857,1.089468959887855e-21,46.0,32.4,14.0,7.57,68.2,12.5,39.3,0.2,1.2,1.5,3.6,5.2,4.7,31.8,12.1,5.8,4.1,6.9,2.9,27.1,13.9,15.4,3.4,12.6,22.3,5.3,50.3,21.8,28.5,0.5,28.8,17.8,11.0,18.8,17.6,0.1,0.8,0.2,1.6,E08000006,Salford,matched_reference,E08000006,Salford
E08000007,Stockport,1.422361098919375,-0.6953161241463751,2,0.821764577649289,1.422361098919375,-0.6953161241463751,1.184973139024293,0.6691372963541617,-0.8211490001128733,-1.0199887266862087,0.010545253338331489,3.0461759175117477e-05,0.821764577649289,2.8273524034441276e-05,0.16723242703424432,0.0003990066949248513,47.8,33.3,13.3,5.62,71.3,14.6,40.5,0.4,2.0,2.4,4.9,3.9,2.7,28.7,15.3,4.2,3.5,4.2,1.6,20.6,13.5,16.0,4.0,12.1,29.8,3.9,73.2,35.1,38.2,0.8,13.6,8.7,5.0,11.4,10.4,0.1,0.8,0.1,1.0,E08000007,Stockport,matched_reference,E08000007,Stockport
E08000008,Tameside,1.5039101881308161,3.2951973957154155,4,0.9946082503443989,1.5039101881308161,3.2951973957154155,0.9667168367408453,-0.7102225810176149,0.6677513622858264,-1.4220907899181028,0.004847383525738371,3.0756320596848055e-11,0.0005433586055847356,1.0074877757923177e-06,0.9946082503443989,5.745058047498642e-12,44.0,33.7,15.1,7.29,68.8,13.2,40.6,0.3,1.4,1.7,4.1,5.0,2.5,31.2,14.7,4.3,4.0,6.2,2.2,28.1,16.1,17.3,4.5,12.1,17.5,4.5,63.8,28.1,35.7,0.3,21.5,5.2,16.3,13.2,11.9,0.1,1.0,0.2,1.1,E08000008,Tameside,matched_reference,E08000008,Tameside
E08000009,Trafford,-0.39329827068274553,-1.314986720305289,2,0.9684597020422661,-0.39329827068274553,-1.314986720305289,1.5395265360519248,0.5373097535914654,-1.3192673263301111,-2.170502663116646,0.030083680505588944,4.3475554952800435e-05,0.9684597020422661,0.0002580104262570291,0.0011542861283597723,8.453425751247387e-07,51.0,31.6,12.2,5.23,72.5,14.0,41.9,0.4,2.1,2.5,4.7,3.8,3.1,27.5,13.3,4.4,3.9,4.0,1.8,18.6,12.4,15.8,3.4,11.7,33.8,4.3,69.3,32.1,37.2,0.6,16.4,4.6,11.8,12.7,11.8,0.1,0.7,0.1,1.0,E08000009,Trafford,matched_reference,E08000009,Trafford
E08000010,Wigan,2.271417449986501,2.8897062439710153,4,0.9970439777341923,2.271417449986501,2.8897062439710153,1.2502663858989962,0.4364239127205629,0.3913682077722132,-1.7934526759887481,0.0021368714149318387,2.42969794003181e-11,0.0008188760514935638,2.74775081321217e-07,0.9970439777341923,3.629035234122367e-15,45.4,32.7,14.7,7.18,68.8,13.9,40.0,0.3,1.4,1.7,4.0,4.9,2.7,31.2,16.2,3.5,3.5,6.2,1.8,27.3,15.3,17.1,4.7,12.2,19.5,3.8,67.9,31.1,36.7,0.2,18.9,16.2,2.7,11.6,10.7,0.0,0.8,0.1,1.3,E08000010,Wigan,matched_reference,E08000010,Wigan
E07000117,Burnley,1.3405108059541972,4.326220071683808,4,0.9940369151023671,1.3405108059541972,4.326220071683808,-1.1530265895242282,-0.314384816529793,0.2945437510967996,-0.15182408540357922,0.005959683367105611,7.83348521740086e-09,2.6328295720664465e-06,7.603727931207404e-07,0.9940369151023671,4.946761973847562e-10,42.9,33.6,15.7,7.72,66.1,14.4,36.6,0.3,1.4,2.0,3.6,5.3,2.6,33.9,15.4,4.3,4.5,7.0,2.7,29.3,14.4,15.8,4.6,12.3,18.7,4.8,65.0,31.5,33.5,0.2,14.1,3.8,10.3,19.4,17.7,0.1,1.3,0.2,1.4,E07000117,Burnley,matched_reference,E07000117,Burnley
E07000118,Chorley,1.9157034758327605,-0.6278329500025578,2,0.507658993960604,1.9157034758327605,-0.6278329500025578,0.9556168462739454,0.6847157086945381,-0.6141780642347094,-1.3647225899858155,0.011356157267324772,3.5573850936728237e-06,0.507658993960604,1.0594417389404274e-05,0.4809595792229788,1.111774661006053e-05,47.9,33.3,13.3,5.53,70.8,14.4,41.5,0.4,2.1,2.1,4.6,3.2,2.6,29.2,16.1,3.2,2.9,4.1,2.8,21.2,13.4,16.2,4.8,12.6,27.8,3.8,75.2,35.4,39.8,0.6,13.0,3.1,9.9,10.2,9.1,0.1,0.9,0.2,0.9,E07000118,Chorley,matched_reference,E07000118,Chorley
E07000119,Fylde,2.104189020545267,-0.23468268989366553,4,0.9889554391763776,2.104189020545267,-0.23468268989366553,-2.747203229478186,0.7729721041486952,-0.6748474910187425,-0.05226595371141922,0.005720930334903906,2.16237240474903e-06,0.001131604120495618,2.070954423285761e-06,0.9889554391763776,0.0041877930413956104,44.6,33.8,15.3,6.25,66.8,13.5,37.1,0.5,2.4,2.5,5.0,3.1,2.7,33.2,20.6,3.3,3.1,4.0,2.2,21.2,12.0,16.6,4.2,12.3,29.8,4.0,73.4,40.7,32.7,0.4,7.5,1.4,6.0,17.4,15.5,0.4,1.2,0.3,1.3,E07000119,Fylde,matched_reference,E07000119,Fylde
E07000120,Hyndburn,1.667322593756023,3.5156600001351475,4,0.9865164742287388,1.667322593756023,3.5156600001351475,-0.7667158025677168,0.1432539642220984,-0.05432928578964567,0.19053440498728894,0.013407396341032557,6.8951158679218e-07,7.097613214965686e-05,4.33307823794567e-06,0.9865164742287388,1.3070825429474984e-07,43.1,34.2,15.1,7.61,67.0,13.5,37.7,0.3,1.5,2.2,4.1,4.6,3.0,33.0,15.1,4.3,4.5,6.7,2.4,28.0,13.8,16.2,5.5,12.5,18.9,4.9,67.7,33.4,34.3,0.2,12.8,4.0,8.8,18.2,16.6,0.0,1.3,0.1,1.2,E07000120,Hyndburn,matched_reference,E07000120,Hyndburn
E07000121,Lancaster,0.041564356504749794,1.5688791435654659,0,0.9999999999999147,0.041564356504749794,1.5688791435654659,-1.9143541590293043,5.210199782571981,-0.2367493710801042,1.8005257681793216,0.9999999999999147,8.20303337784941e-24,8.86542998923074e-19,5.023052597115451e-16,8.501641436343707e-14,1.0553563455067451e-39,46.7,33.8,13.7,5.79,65.1,14.4,33.7,0.3,1.7,2.2,4.3,3.3,5.2,34.9,15.2,10.9,2.8,4.3,1.7,20.6,11.4,15.2,3.7,17.5,27.2,4.4,69.2,36.1,33.0,0.6,10.0,6.3,3.7,18.9,17.1,0.2,1.4,0.2,1.3,E07000121,Lancaster,matched_reference,E07000121,Lancaster
E07000122,Pendle,1.1406720305119908,2.8963440086013974,4,0.998995598821587,1.1406720305119908,2.8963440086013974,-1.8815740820541669,-0.8039872616744196,-0.6028620239023865,0.7441701617558149,0.0008744179429724914,1.2730211815784807e-06,1.4049599528052538e-06,2.5718777273936885e-05,0.998995598821587,0.00010158647703147347,43.6,34.5,15.0,6.96,66.4,14.0,36.0,0.5,1.9,2.4,4.1,4.7,2.8,33.6,15.1,4.1,5.7,6.1,2.6,28.2,13.3,15.1,4.8,12.5,20.2,5.8,68.5,36.0,32.5,0.2,11.6,5.6,6.0,18.1,16.6,0.1,1.3,0.1,1.6,E07000122,Pendle,matched_reference,E07000122,Pendle
E07000123,Preston,-1.8387676218632765,2.928302147193844,0,0.9999914896839305,-1.8387676218632765,2.928302147193844,0.13816559513430618,2.2538804043362197,-0.01087765252380013,0.7268263589558305,0.9999914896839305,9.359072956321717e-10,2.791222381719499e-10,5.649099102651393e-06,2.8600019366689608e-06,6.819167372152745e-22,46.6,34.1,13.3,6.06,67.7,13.6,36.7,0.3,1.5,1.7,3.2,4.4,6.3,32.3,11.7,8.2,4.4,5.4,2.6,23.5,12.6,14.5,3.9,15.1,24.6,5.8,60.6,28.4,32.2,0.7,19.2,3.9,15.3,18.0,16.6,0.1,1.0,0.2,1.5,E07000123,Preston,matched_reference,E07000123,Preston
E07000124,Ribble Valley,1.5551278870829537,-4.1222229290593715,0,0.8275647291547972,1.5551278870829537,-4.1222229290593715,-1.8358162819881754,1.830917734832701,-0.5794282685696637,-1.2346369387731113,0.8275647291547972,0.0002648232122307293,0.00841116067361478,0.0004842259238788955,0.05891900994752279,0.10435605108795624,51.5,32.2,12.3,4.01,71.9,14.6,39.0,0.5,3.6,3.0,6.2,2.1,2.9,28.1,18.0,3.6,2.4,2.7,1.4,18.3,11.1,15.3,5.0,12.5,34.0,3.7,76.6,41.9,34.7,0.6,7.6,1.5,6.1,13.6,11.8,0.5,1.1,0.3,1.5,E07000124,Ribble Valley,matched_reference,E07000124,Ribble Valley
E07000125,Rossendale,1.3926776959695126,0.707460407638335,4,0.9489151904510432,1.3926776959695126,0.707460407638335,-0.07364616431361914,0.6000238465012294,-0.17034200355000342,-1.0987022580074506,0.014799241573643459,3.0961618815194207e-06,0.0362728668243001,8.860639149891829e-06,0.9489151904510432,7.443499818569908e-07,46.2,33.1,14.1,6.52,70.3,13.6,40.1,0.4,2.0,2.5,5.1,4.2,2.5,29.7,14.7,4.3,3.6,5.4,1.7,24.0,13.7,16.5,4.0,13.0,25.1,3.6,69.7,31.5,38.2,0.3,14.6,4.9,9.7,14.1,12.7,0.1,1.2,0.1,1.3,E07000125,Rossendale,matched_reference,E07000125,Rossendale
E07000126,South Ribble,3.1985765566388413,-1.486261090867266,4,0.950064376008869,3.1985765566388413,-1.486261090867266,2.2754654106309613,2.0140908591352056,-0.13295689824734205,-0.9403273719453746,0.012128848536241894,1.2970753335641114e-05,0.037765628955092806,5.2438675365350596e-06,0.950064376008869,2.293187892339398e-05,47.7,34.1,13.1,5.13,72.8,14.9,43.7,0.3,1.7,1.9,4.4,3.0,2.9,27.2,16.5,3.3,2.7,3.5,1.2,20.3,13.5,16.6,5.8,13.7,26.4,3.6,78.8,37.3,41.5,0.5,10.5,0.8,9.7,9.3,8.3,0.1,0.8,0.1,0.9,E07000126,South Ribble,matched_reference,E07000126,South Ribble
E07000127,West Lancashire,1.577335516273512,0.37570943991066824,4,0.7414902909449642,1.577335516273512,0.37570943991066824,-0.23801083986369728,2.026109445072864,-0.9926288061555298,-0.7414770867407792,0.20028142500690826,4.5547781520992747e-05,0.058173007651134964,9.71003551856861e-06,0.7414902909449642,1.857995218708304e-08,47.6,32.7,13.4,6.31,68.2,14.1,36.3,0.5,2.4,2.2,4.6,3.9,4.3,31.8,17.0,5.7,3.3,4.3,1.4,23.5,13.4,15.8,4.0,13.9,25.4,4.1,73.0,35.9,37.1,0.6,14.7,12.6,2.1,10.5,9.4,0.1,0.8,0.1,1.3,E07000127,West Lancashire,matched_reference,E07000127,West Lancashire
E07000128,Wyre,3.8940150425920077,0.5465513343653609,4,0.960135257972963,3.8940150425920077,0.5465513343653609,-2.1707657611156703,0.9788170337492557,-1.2261876507270555,-0.08039174776085835,0.02309518922296726,5.641269272213063e-07,0.01638113785370002,1.0188635468030194e-06,0.960135257972963,0.00038683195989631046,43.2,33.6,16.0,7.18,66.2,14.5,34.7,0.4,2.5,2.5,5.3,3.2,3.1,33.8,21.2,3.9,2.9,4.4,1.3,25.9,13.4,16.6,4.8,12.0,23.0,4.2,77.6,43.2,34.4,0.5,7.2,1.1,6.1,13.5,12.2,0.2,1.0,0.1,1.2,E07000128,Wyre,matched_reference,E07000128,Wyre
E08000011,Knowsley,0.8382211422900157,6.345817951611933,4,0.999954250016144,0.8382211422900157,6.345817951611933,1.2013226718682555,-0.454179325311243,-0.29096724718518663,-3.8653992469331033,4.574987235321623e-05,3.10476750071326e-34,3.510045631765273e-16,1.1150316293096099e-10,0.999954250016144,6.121588066158157e-46,46.0,29.8,14.7,9.47,65.6,14.3,35.9,0.2,1.0,1.3,3.3,6.5,3.0,34.4,13.6,4.8,4.5,8.8,2.7,34.7,15.2,16.1,3.4,11.8,15.5,3.4,61.8,26.1,35.7,0.5,26.6,12.2,14.4,9.8,8.9,0.0,0.7,0.1,1.3,E08000011,Knowsley,matched_reference,E08000011,Knowsley
E08000012,Liverpool,-3.816162842805734,6.654142986473557,0,0.9999988797672015,-3.816162842805734,6.654142986473557,-1.4335789336902693,2.209344876761014,0.4427960134326874,-1.8089679598487898,0.9999988797672015,8.911545335545632e-26,1.0113688677755577e-25,1.1195563018770967e-06,6.764973679901602e-10,7.5032661529795e-49,46.7,30.5,14.0,8.77,63.4,12.6,32.7,0.2,1.1,1.4,3.1,6.7,5.6,36.6,11.5,10.3,3.8,8.0,3.0,28.7,12.5,14.2,2.5,15.2,22.4,4.4,46.9,21.2,25.7,0.5,27.8,4.8,23.1,23.4,21.7,0.1,0.9,0.6,1.3,E08000012,Liverpool,matched_reference,E08000012,Liverpool
E08000014,Sefton,2.030458454197829,2.3115193932927895,4,0.988506077725879,2.030458454197829,2.3115193932927895,-0.25337592310896556,0.8131561880313448,-0.7753416866030911,-1.183191389572089,0.009439742205504082,7.144540212055646e-08,0.002053006991672047,1.1016154501361875e-06,0.988506077725879,1.6092622518232816e-11,45.3,32.5,14.8,7.3,67.1,15.0,35.8,0.3,1.7,2.0,4.1,4.9,3.1,32.9,17.3,4.4,3.4,5.9,1.9,25.1,14.0,16.6,3.9,12.5,24.1,3.9,70.5,35.9,34.6,0.6,14.5,4.2,10.3,13.4,12.3,0.1,0.9,0.1,1.1,E08000014,Sefton,matched_reference,E08000014,Sefton
E08000013,St. Helens,2.036837931381175,3.5711770311104605,4,0.9994530790005803,2.036837931381175,3.5711770311104605,0.5938701036148427,0.09602445262933358,-0.4625541789417006,-2.774298638566092,0.0005460948072310464,9.020535914993625e-18,8.179224191968185e-07,8.269768682280299e-09,0.9994530790005803,2.1232898146733807e-25,44.8,31.9,14.9,8.28,66.5,14.0,38.6,0.3,1.3,1.4,3.3,5.1,2.6,33.5,17.1,4.1,3.8,6.7,1.9,27.9,14.3,16.7,4.4,12.1,20.9,3.8,67.3,33.3,34.0,0.6,20.6,6.1,14.5,10.2,9.3,0.0,0.7,0.1,1.4,E08000013,St. Helens,matched_reference,E08000013,St. Helens
E08000015,Wirral,1.552417163968422,2.766433386174416,4,0.9925923684689418,1.552417163968422,2.766433386174416,-0.2995416032635823,0.7710391812821167,-0.6450729896101184,-1.4963965462403308,0.007247663177982549,2.3242804134359827e-09,0.0001593167666366563,6.492621417361581e-07,0.9925923684689418,1.6562994658908148e-14,46.3,31.9,14.3,7.5,66.4,15.0,36.3,0.3,1.7,1.9,3.6,5.2,2.5,33.6,16.8,4.5,3.9,6.4,2.0,23.4,13.7,17.3,4.2,12.5,25.3,3.6,67.5,33.3,34.2,0.5,15.2,5.2,10.0,15.8,14.7,0.1,1.0,0.1,1.0,E08000015,Wirral,matched_reference,E08000015,Wirral
E06000011,East Riding of Yorkshire UA,3.002223665738076,-0.48524062683287117,4,0.9296950885867205,3.002223665738076,-0.48524062683287117,-0.934519299555597,0.7367851763813932,-0.30072145945858025,0.2762413197456987,0.008398269285077862,1.0203962549072724e-06,0.0177939052796954,2.8458894658906322e-06,0.9296950885867205,0.04410887056278573,45.2,35.0,14.5,5.39,68.8,15.4,37.0,0.4,2.5,2.4,4.8,3.6,2.7,31.2,19.5,3.7,3.2,3.1,1.7,23.4,13.0,16.2,5.0,12.1,25.9,4.4,75.3,39.2,36.1,0.3,9.1,7.3,1.8,13.7,12.4,0.2,0.9,0.2,1.6,E06000011,East Riding of Yorkshire,matched_reference,E06000011,East Riding of Yorkshire
E06000010,"Kingston upon Hull, City of UA",-1.4014239549382974,6.675846637507587,0,0.9969585655568575,-1.4014239549382974,6.675846637507587,0.8492415292406621,-0.4289023633613171,2.041095540342996,0.43270401184905444,0.9969585655568575,7.981568980337628e-11,3.184751697366611e-08,0.0001296416627624276,0.002911760853046617,4.6523331596675784e-18,43.1,34.9,14.9,7.09,67.2,14.7,35.7,0.2,0.9,1.2,2.7,8.0,3.6,32.8,12.1,6.9,5.0,6.0,2.7,31.7,14.6,15.4,4.0,13.1,15.2,6.0,49.5,19.9,29.7,0.4,28.1,21.2,6.9,20.4,19.0,0.1,1.0,0.3,1.5,E06000010,"Kingston upon Hull, City of",matched_reference,E06000010,"Kingston upon Hull, City of"
E06000012,North East Lincolnshire UA,2.127599685928619,3.491962609817385,4,0.9824505839128196,2.127599685928619,3.491962609817385,0.7019020494925798,-1.1927393263583783,0.7232116146705695,0.8334335837295527,0.00774985943840222,8.761013013083285e-06,0.009226992193798095,1.967361493995303e-05,0.9824505839128196,0.0005441298270262919,44.0,35.0,14.9,6.05,68.4,16.5,36.3,0.3,1.4,1.5,3.3,6.5,2.7,31.6,15.6,4.2,4.9,4.8,2.2,29.5,16.1,17.8,4.6,10.8,16.2,4.9,66.1,30.8,35.3,0.3,14.5,4.7,9.8,18.1,16.6,0.2,1.1,0.2,1.0,E06000012,North East Lincolnshire,matched_reference,E06000012,North East Lincolnshire
E06000013,North Lincolnshire UA,2.5711812225938715,1.8429717455830756,4,0.8010236263103552,2.5711812225938715,1.8429717455830756,0.91247070764198,-0.5866574210472143,0.7914242940851035,0.31853303535728883,0.008499384853790771,1.7123243892077922e-05,0.1825480486237072,8.294514845839698e-06,0.8010236263103552,0.007903522453408824,43.7,35.8,14.7,5.77,69.2,15.3,39.5,0.3,1.7,1.8,3.5,4.8,2.4,30.8,16.6,3.7,4.4,4.2,1.8,26.2,15.8,16.7,4.9,11.7,19.5,5.2,69.5,33.0,36.5,0.3,15.4,6.9,8.5,13.4,12.0,0.2,1.0,0.2,1.4,E06000013,North Lincolnshire,matched_reference,E06000013,North Lincolnshire
E06000014,York UA,-1.068919918176349,-0.793870129486756,0,0.9999999998365432,-1.068919918176349,-0.793870129486756,0.2446428536694197,4.965182298179794,0.38554992976486435,1.126422821715197,0.9999999998365432,8.67163168238937e-18,2.739611237574139e-12,8.703405581116392e-13,1.5984634767424124e-10,3.8883558422373254e-30,49.7,34.2,12.0,4.13,70.1,15.0,38.1,0.3,1.6,2.2,4.2,3.1,5.7,29.9,13.8,9.6,2.7,2.5,1.3,18.0,10.6,13.9,4.5,16.6,32.4,4.1,66.1,33.9,32.2,0.8,14.0,8.8,5.1,17.9,16.4,0.3,0.9,0.4,1.2,E06000014,York,matched_reference,E06000014,York
E07000163,Craven,1.9814700470518478,-3.6625458582024337,5,0.9993165289729677,1.9814700470518478,-3.6625458582024337,-2.892493928860076,0.6782197391483343,-0.2008787107940025,0.07041611721386254,0.00011287676967249227,3.1262885981455276e-08,5.700138751668572e-07,1.3760314214760143e-06,0.0005686169491771923,0.9993165289729677,47.6,34.6,13.3,4.49,71.8,15.3,36.3,0.5,3.4,3.4,7.7,2.5,2.6,28.2,18.8,3.2,2.6,2.4,1.2,20.3,11.7,15.7,4.6,12.3,31.8,3.7,73.1,42.3,30.8,0.5,9.0,2.3,6.7,15.4,13.7,0.4,1.1,0.3,2.0,E07000163,Craven,matched_reference,E07000163,Craven
E07000164,Hambleton,1.1626157017294383,-4.136135259462134,5,0.9996563794255775,1.1626157017294383,-4.136135259462134,-2.632037507576209,-0.09497544804593668,1.492150977933169,-1.056645021542464,7.7765084776651e-08,0.00034304946388484737,8.7154649102438e-17,4.93345405687359e-07,4.791553161051317e-14,0.9996563794255775,48.7,34.4,12.6,4.31,72.1,15.1,38.9,0.6,3.3,2.8,6.6,2.6,2.2,27.9,18.1,3.0,3.1,2.3,1.4,19.6,12.0,16.1,4.1,12.2,32.1,4.0,69.5,39.7,29.8,0.4,12.9,1.0,11.9,15.1,12.1,1.4,0.9,0.7,2.0,E07000164,Hambleton,matched_reference,E07000164,Hambleton
E07000165,Harrogate,0.2241647745632667,-4.515663439881963,5,0.9999064634012118,0.2241647745632667,-4.515663439881963,-1.0726668231336474,0.1441187145783423,0.16633240790795628,-0.2025715315080264,7.092458371019737e-05,1.963984905147244e-06,1.5714741192148587e-06,1.8788187739168023e-05,2.883683146690674e-07,0.9999064634012118,50.6,33.8,11.8,3.79,74.2,14.9,40.8,0.6,3.1,3.3,6.4,2.6,2.6,25.8,15.5,3.3,3.4,2.3,1.3,17.3,11.8,16.4,3.6,11.8,34.1,5.0,71.1,37.4,33.7,0.6,9.1,5.4,3.8,17.5,15.5,0.7,0.9,0.4,1.7,E07000165,Harrogate,matched_reference,E07000165,Harrogate
E07000166,Richmondshire,-0.8071175464867193,-5.74087423504064,1,1.0,-0.8071175464867193,-5.74087423504064,-3.3610770341102514,-0.5726899786649726,9.705387075454032,-1.256679079022184,3.455054776162066e-72,1.0,3.7474585075539107e-146,1.9818902357513756e-47,6.058814473042543e-156,4.838189211926929e-21,51.3,33.5,11.5,3.69,75.1,13.5,44.3,0.5,3.1,2.7,6.2,2.9,1.9,24.9,14.9,2.4,3.6,2.2,1.8,18.6,15.0,18.0,3.7,12.3,27.0,5.4,63.9,36.1,27.8,0.5,10.8,7.2,3.6,22.4,14.2,4.0,1.2,2.9,2.4,E07000166,Richmondshire,matched_reference,E07000166,Richmondshire
E07000167,Ryedale,1.6892288089475673,-3.4476744472813055,5,0.9999999450831909,1.6892288089475673,-3.4476744472813055,-4.744217691704029,-1.4934301203060165,0.24165777029320984,0.2958154617113795,4.902620488611985e-10,1.6408527339826895e-08,1.2279446758078382e-14,3.711880821306403e-08,8.991992549634587e-10,0.9999999450831909,45.5,35.7,14.2,4.62,70.9,15.4,34.0,0.7,3.7,3.8,8.4,2.7,2.2,29.1,18.6,3.4,3.1,2.5,1.4,24.0,12.6,16.3,4.1,11.3,27.3,4.4,67.1,41.4,25.7,0.4,12.9,0.9,11.9,16.8,14.7,0.7,1.0,0.3,2.9,E07000167,Ryedale,matched_reference,E07000167,Ryedale
E07000168,Scarborough,2.47415814723689,1.3574095453509896,4,0.8982601881397699,2.47415814723689,1.3574095453509896,-3.94315833358216,-0.3645670350315545,-0.22264630244094688,1.2755115745109398,2.953144124552284e-05,2.142655690233558e-08,5.034586645020013e-08,1.3851956758732763e-07,0.8982601881397699,0.10171007012699367,41.6,35.6,16.2,6.66,65.8,16.2,30.7,0.5,2.6,2.7,5.9,4.2,3.0,34.2,20.3,4.0,3.5,4.7,1.8,26.0,12.9,16.3,5.3,12.1,22.7,4.8,65.8,39.1,26.7,0.6,12.4,2.4,10.1,19.5,17.8,0.2,1.1,0.3,1.7,E07000168,Scarborough,matched_reference,E07000168,Scarborough
E07000169,Selby,2.261488523891564,-2.2956503248556466,5,0.6242963442464131,2.261488523891564,-2.2956503248556466,1.4835916870633423,0.45527728858442607,0.06731050906666701,-0.445439278454914,0.014849269764038118,9.776863321949962e-06,0.12159416427094931,3.3240207635418584e-05,0.23921720464764143,0.6242963442464131,48.4,34.3,12.8,4.58,73.9,15.0,42.5,0.5,2.4,2.4,5.1,3.5,2.5,26.1,15.7,3.0,3.5,2.6,1.2,21.2,14.0,16.6,5.0,12.8,26.1,4.3,75.0,34.5,40.5,0.6,12.0,8.4,3.6,11.0,9.8,0.2,0.8,0.1,1.4,E07000169,Selby,matched_reference,E07000169,Selby
E08000016,Barnsley,2.1500196534083034,4.527563465125715,4,0.9981119676142584,2.1500196534083034,4.527563465125715,-0.09837602509484002,-0.9827061030719393,0.30599931194403146,-1.3949772501984803,0.0018830500093062078,3.906792557004317e-14,4.952951011739972e-06,2.9425383711745345e-08,0.9981119676142584,1.2577530164383327e-15,41.6,33.6,16.4,8.4,66.5,14.6,36.9,0.3,1.5,1.7,4.2,5.1,2.2,33.5,16.4,3.7,4.4,7.0,2.1,32.3,14.3,16.2,4.1,11.3,17.4,4.4,64.3,30.6,33.8,0.4,20.9,17.7,3.2,12.8,11.7,0.1,0.8,0.1,1.6,E08000016,Barnsley,matched_reference,E08000016,Barnsley
E08000017,Doncaster,1.7203243641148425,4.267508876001307,4,0.9973816786488593,1.7203243641148425,4.267508876001307,0.015313013239447193,-1.4296513094618026,0.557479197297768,-0.2997113490738437,0.0025339856233732145,1.0601429287980347e-09,8.364503049310904e-05,6.789590527673482e-07,0.9973816786488593,1.0678078913593802e-08,43.6,34.1,15.1,7.25,66.9,15.0,36.7,0.3,1.5,1.8,3.7,5.7,2.2,33.1,15.4,4.0,4.9,5.9,3.0,30.3,15.4,17.0,4.5,10.7,17.0,5.2,65.4,31.0,34.4,0.3,17.7,15.2,2.6,14.8,13.5,0.1,1.1,0.1,1.7,E08000017,Doncaster,matched_reference,E08000017,Doncaster
E08000018,Rotherham,2.2864628839857932,3.9064497179654034,4,0.9963923890350145,2.2864628839857932,3.9064497179654034,0.5118024148659679,-0.9040145146622764,0.46264401029470126,-1.0578049882159775,0.003236471697422632,2.040234351252454e-11,0.00037093989591219635,1.9934133260164822e-07,0.9963923890350145,9.916247494486439e-12,43.2,33.9,15.3,7.59,67.0,15.3,36.6,0.3,1.5,1.7,3.9,5.2,2.3,33.0,16.6,3.9,4.7,5.6,2.2,29.8,15.5,16.8,4.4,11.5,17.4,4.5,65.2,30.5,34.7,0.3,21.5,17.9,3.6,11.3,10.3,0.1,0.8,0.1,1.7,E08000018,Rotherham,matched_reference,E08000018,Rotherham
E08000019,Sheffield,-1.7540400942266616,3.5572281043777743,0,0.9999999611809319,-1.7540400942266616,3.5572281043777743,-0.0660410307712651,3.3119841773124503,0.026241758553992592,0.18405733302919594,0.9999999611809319,3.7214604869501366e-13,1.6753731407203653e-13,2.5687550884258884e-08,1.3130976648744828e-08,2.4341603791276444e-30,46.7,33.4,13.7,6.22,65.8,13.8,34.3,0.3,1.3,1.9,3.8,4.8,5.5,34.2,12.9,10.8,4.1,4.5,2.1,24.3,12.3,13.7,3.6,15.8,25.7,4.6,58.3,27.1,31.2,0.4,24.8,17.7,7.0,15.6,14.2,0.1,0.9,0.4,1.0,E08000019,Sheffield,matched_reference,E08000019,Sheffield
E08000032,Bradford,-0.7597254766578385,3.0201828168912512,3,0.5331329319154074,-0.7597254766578385,3.0201828168912512,-0.5710094369191547,-1.931879779635062,-0.7337739142723203,1.5873343211780477,0.010884504314176124,0.0003951384608572184,5.20838307615364e-07,0.5331329319154074,0.4555853348122733,1.569658977394013e-06,44.8,35.6,13.7,5.88,66.6,14.4,34.3,0.5,1.7,2.4,4.0,5.8,3.4,33.4,12.0,6.4,6.7,5.0,3.4,27.7,14.1,14.8,3.8,11.3,21.8,6.5,65.0,29.3,35.7,0.6,14.8,5.9,8.9,18.1,16.6,0.1,1.1,0.3,1.5,E08000032,Bradford,matched_reference,E08000032,Bradford
E08000033,Calderdale,1.0462079146585366,0.8381527093484853,4,0.9421695291037817,1.0462079146585366,0.8381527093484853,-0.29078013889754617,0.06739206176168897,0.3722324039903411,-0.06715657665211129,0.016915884728663042,8.020591958570066e-05,0.03775095134871916,3.862037896472876e-05,0.9421695291037817,0.0030448085202853126,46.3,34.3,13.8,5.53,70.5,14.7,38.7,0.4,1.9,2.5,4.7,5.0,2.6,29.5,15.1,4.1,3.9,4.4,2.0,23.8,13.6,16.2,4.9,12.3,25.0,4.2,66.6,31.2,35.3,0.4,15.2,5.4,9.9,16.4,14.8,0.1,1.3,0.2,1.4,E08000033,Calderdale,matched_reference,E08000033,Calderdale
E08000034,Kirklees,0.4928950363828836,1.6820794934246122,4,0.9744722305185773,0.4928950363828836,1.6820794934246122,-0.6327601645470489,0.07420457510589129,-0.08743461678726457,0.7316931423973433,0.024048452449761414,3.5644057607403595e-05,0.0011934933689861375,0.00016925867983731734,0.9744722305185773,8.092092523059836e-05,45.5,35.0,13.7,5.76,68.2,14.5,36.5,0.5,1.8,2.3,4.3,4.7,3.5,31.8,14.3,5.7,5.0,4.4,2.4,25.4,13.2,15.0,4.8,12.6,23.9,5.1,67.1,32.0,35.0,0.4,15.3,12.0,3.2,15.5,14.1,0.1,1.1,0.2,1.8,E08000034,Kirklees,matched_reference,E08000034,Kirklees
E08000035,Leeds,-2.0514196188360665,2.109523453862697,0,0.9999901811176978,-2.0514196188360665,2.109523453862697,0.7724830482760916,2.556554618428327,0.574439838489675,0.07963579327812852,0.9999901811176978,7.871835156306247e-09,6.673357985061328e-08,5.568756453625119e-06,4.17552043354684e-06,3.737652716469298e-20,48.1,33.8,12.7,5.41,69.5,13.1,38.8,0.3,1.5,1.9,3.8,4.8,5.3,30.5,12.4,8.2,3.6,4.0,2.2,23.2,12.6,14.1,3.7,14.7,26.9,4.7,58.2,26.0,32.2,0.4,22.0,16.9,5.1,17.9,16.7,0.1,0.9,0.2,1.5,E08000035,Leeds,matched_reference,E08000035,Leeds
E08000036,Wakefield,1.8890024292644758,3.860693114894568,4,0.9963067182176849,1.8890024292644758,3.860693114894568,1.0993681573626857,-1.104859849474146,0.6074549905751031,-1.4511766615456898,0.0034981549413675003,4.501492199955816e-13,0.00019487432736655977,2.525129753345671e-07,0.9963067182176849,1.5523454437924494e-13,42.7,34.0,15.5,7.68,68.4,14.8,39.7,0.3,1.4,1.6,3.5,4.9,2.1,31.6,16.1,3.5,4.0,5.8,2.2,31.1,14.6,16.1,4.4,10.6,18.3,4.9,63.6,29.0,34.6,0.5,23.6,17.2,6.4,11.4,10.2,0.1,0.9,0.2,0.9,E08000036,Wakefield,matched_reference,E08000036,Wakefield
E06000015,Derby UA,-0.6001054500381933,2.984138130737054,0,0.8220426397902789,-0.6001054500381933,2.984138130737054,0.9782113776917409,0.61523358023385,0.48440224407360916,0.7991935494277944,0.8220426397902789,8.359998420222152e-05,0.0005243758846301361,0.0016522440380033585,0.17569713907335982,1.2295263664384293e-09,45.0,35.0,14.1,5.89,69.0,14.7,38.5,0.3,1.1,1.7,3.4,5.2,4.2,31.0,12.8,6.3,4.8,4.8,2.4,24.1,13.3,14.5,4.9,13.0,24.2,5.9,61.4,29.6,31.8,0.8,19.8,12.2,7.6,16.8,15.6,0.1,1.0,0.2,1.2,E06000015,Derby,matched_reference,E06000015,Derby
E06000016,Leicester UA,-4.53630878408228,5.829839867048984,0,0.972020137660101,-4.53630878408228,5.829839867048984,-0.3183508485198379,-0.0377586524672892,0.26939395125744886,2.2402554065945597,0.972020137660101,6.503835224479208e-14,3.742504296671e-21,0.02797985969108726,2.648746486996209e-09,3.3783737552733846e-36,44.9,35.6,13.4,6.03,64.6,13.8,33.3,0.3,1.1,1.5,2.8,6.2,5.5,35.4,9.3,11.4,6.2,5.1,3.4,28.6,13.0,12.6,2.0,13.0,21.2,9.7,49.7,22.8,26.9,0.6,25.4,17.1,8.3,22.7,21.3,0.2,1.0,0.3,1.6,E06000016,Leicester,matched_reference,E06000016,Leicester
E06000018,Nottingham UA,-5.271627922720182,6.9823867039041785,0,0.9999999999999964,-5.271627922720182,6.9823867039041785,-0.9782902253771865,4.1769188925800975,0.5159483325339882,1.5642822055218772,0.9999999999999964,1.0462380828934282e-36,1.5675405789956485e-40,3.0214712174322123e-15,2.0079509165158673e-27,8.074103290678448e-78,46.1,33.8,13.6,6.45,61.3,11.9,31.1,0.2,0.9,1.5,2.9,6.4,6.3,38.7,9.1,16.3,4.7,5.7,3.0,25.6,12.2,12.9,2.3,18.6,21.9,6.5,45.1,19.9,25.1,0.6,29.7,20.8,9.0,23.1,21.6,0.1,1.0,0.3,1.5,E06000018,Nottingham,matched_reference,E06000018,Nottingham
E06000017,Rutland UA,0.014838170352828554,-4.1870710431969735,5,0.9987396960267054,0.014838170352828554,-4.1870710431969735,-2.522808943066845,0.18678622125214384,1.9938131759472995,-0.5409905253721786,2.291228219176446e-09,0.0012602003497152849,5.539415009465523e-19,1.0133235134953994e-07,2.778882770210251e-17,0.9987396960267054,50.4,34.0,12.1,3.45,69.3,14.2,38.1,0.6,2.6,3.6,5.6,2.4,2.2,30.7,16.9,5.8,3.2,1.7,3.0,17.8,12.2,17.5,3.6,12.5,32.9,3.5,70.4,39.3,31.1,1.1,11.2,2.5,8.8,15.6,11.6,2.0,0.8,1.1,1.8,E06000017,Rutland,matched_reference,E06000017,Rutland
E07000032,Amber Valley,2.9262401402330793,0.48200348184405767,4,0.8011607320624927,2.9262401402330793,0.48200348184405767,0.43978484001123425,0.01444826624446401,-0.16393345806565346,-0.45017904497431444,0.006804806962707454,1.5688892578206794e-06,0.1910938734362588,4.396867385169157e-06,0.8011607320624927,0.0009346217818978223,44.0,35.0,15.0,6.01,69.9,14.8,40.0,0.3,1.8,2.3,4.7,3.9,2.2,30.1,17.4,3.4,3.8,4.1,1.5,27.0,13.9,15.5,4.6,12.0,23.2,3.9,74.1,38.2,35.9,0.4,12.3,5.1,7.2,11.8,10.7,0.1,0.8,0.2,1.4,E07000032,Amber Valley,matched_reference,E07000032,Amber Valley
E07000033,Bolsover,2.731735035142815,4.409112391645365,4,0.9961389087983707,2.731735035142815,4.409112391645365,-0.15225861085486594,-0.836922550193999,0.4587377474425324,-1.073908188485183,0.003779406433675872,2.536692052133816e-12,8.164255044121216e-05,4.221467365681038e-08,0.9961389087983707,3.025594394820147e-13,40.8,33.5,17.1,8.63,66.9,14.3,38.5,0.3,1.5,1.7,3.8,4.7,2.2,33.1,16.9,3.5,4.4,6.5,1.8,32.9,15.3,16.4,3.7,11.4,15.8,4.5,67.0,32.6,34.4,0.3,18.2,15.0,3.2,13.0,11.8,0.1,1.0,0.1,1.5,E07000033,Bolsover,matched_reference,E07000033,Bolsover
E07000034,Chesterfield,2.3489039354800627,3.7397772427122487,4,0.9898993794246657,2.3489039354800627,3.7397772427122487,0.2032815448308534,-0.08142980287773606,0.6784543181710083,-0.8505475415612798,0.008736622626427997,2.1909663688904936e-09,0.0013636098368240367,3.858525794635797e-07,0.9898993794246657,6.853666553503161e-11,41.7,34.3,16.4,7.62,67.9,16.1,37.4,0.3,1.3,1.9,3.9,4.7,2.4,32.1,16.9,3.6,3.8,6.0,1.8,27.6,14.3,17.0,4.0,12.1,21.0,3.9,63.1,32.2,30.9,0.3,23.1,20.1,3.1,12.4,11.3,0.1,0.9,0.2,1.0,E07000034,Chesterfield,matched_reference,E07000034,Chesterfield
E07000035,Derbyshire Dales,1.6984061454870214,-3.134925022696269,5,0.9997223043793043,1.6984061454870214,-3.134925022696269,-3.047498429873975,-0.5741331876572059,-1.2807744859251664,-0.3161659166925719,2.6351824900400295e-05,5.4508250821708986e-08,0.00017128644905038104,5.644740434658409e-06,7.43580980591164e-05,0.9997223043793043,47.1,34.7,13.7,4.54,70.3,15.9,34.9,0.6,3.1,3.7,7.2,2.7,2.2,29.7,19.1,3.3,3.0,2.5,1.8,21.5,12.0,15.0,3.4,11.1,33.4,3.7,72.4,44.0,28.5,0.7,12.2,4.3,7.8,12.6,11.1,0.3,0.9,0.2,2.1,E07000035,Derbyshire Dales,matched_reference,E07000035,Derbyshire Dales
E07000036,Erewash,2.8699477498252275,0.7412969055836524,4,0.595965046527738,2.8699477498252275,0.7412969055836524,1.7041591731844832,-0.09754878508726088,0.5594918919865943,0.029668357370245247,0.008556442168819622,1.8928431803541314e-05,0.37912971470564566,1.2697193752481279e-05,0.595965046527738,0.01631717097224008,44.0,35.4,15.0,5.62,71.5,15.1,41.5,0.3,1.5,2.0,4.2,4.5,2.4,28.5,15.6,3.6,3.8,4.0,1.6,25.9,15.3,16.5,5.3,12.3,20.7,4.0,72.5,33.9,38.6,0.5,13.0,4.1,8.9,12.9,11.8,0.1,0.8,0.2,1.2,E07000036,Erewash,matched_reference,E07000036,Erewash
E07000037,High Peak,1.5894873157918996,-1.191970415717698,4,0.8103120006829109,1.5894873157918996,-1.191970415717698,0.15901965962222647,1.3228739701587309,-0.07812291187008602,-0.12109611968537703,0.04985808552656324,4.316610228952664e-05,0.12944902493730528,2.1664019808093206e-05,0.8103120006829109,0.010316058731122726,47.5,34.1,13.2,5.19,72.1,15.3,39.1,0.4,2.1,2.8,5.8,3.8,2.7,27.9,15.7,4.3,3.0,3.7,1.3,20.9,13.1,16.0,4.0,13.1,29.4,3.5,72.0,35.2,36.9,0.6,12.7,9.8,2.8,13.4,12.1,0.1,1.1,0.2,1.2,E07000037,High Peak,matched_reference,E07000037,High Peak
E07000038,North East Derbyshire,3.579883965453092,1.625271697801352,4,0.9203898521122096,3.579883965453092,1.625271697801352,0.049036292384277064,0.06021744073658242,-0.49500023838564045,-1.061376722411353,0.008001855259583765,1.7267920567914628e-08,0.07160769392588079,5.670410989968904e-07,0.9203898521122096,1.4393306232019619e-08,43.0,34.3,15.9,6.9,68.0,15.9,36.9,0.4,1.9,2.2,4.8,3.7,2.3,32.0,19.3,3.4,3.5,4.5,1.4,26.9,14.2,16.6,4.4,11.9,22.2,3.8,70.9,38.2,32.6,0.4,20.4,18.1,2.2,7.4,6.5,0.1,0.7,0.1,0.9,E07000038,North East Derbyshire,matched_reference,E07000038,North East Derbyshire
E07000039,South Derbyshire,2.214661429375082,-1.157223098179178,4,0.6153121299551245,2.214661429375082,-1.157223098179178,1.6742891394756347,0.836713304683875,0.011877276875867758,-0.13785957161859713,0.013478085383692282,3.4501293316708386e-05,0.2760464414202511,2.449278022800168e-05,0.6153121299551245,0.09510434916738784,47.6,34.4,13.1,4.9,72.5,14.8,42.8,0.4,1.9,2.3,4.6,3.1,2.6,27.5,14.8,3.6,4.0,3.5,1.6,22.0,14.1,16.6,4.8,12.8,26.0,3.7,75.4,33.9,41.5,0.3,9.9,7.7,2.3,13.0,11.8,0.2,0.9,0.1,1.2,E07000039,South Derbyshire,matched_reference,E07000039,South Derbyshire
E07000129,Blaby,3.2313026016067266,-2.2345652735601127,5,0.7110024767487302,3.2313026016067266,-2.2345652735601127,2.493349459093217,0.9986542834119314,-0.24275638486569517,0.5456834869159729,0.022566220859596097,7.101903096379535e-07,0.011046425653909531,6.263913300018097e-05,0.25532152741445413,0.7110024767487302,47.5,35.8,12.5,4.16,73.9,15.7,42.6,0.3,1.9,2.4,5.2,2.9,2.9,26.1,15.6,3.6,2.8,2.3,1.8,22.2,14.5,16.1,5.7,12.3,24.9,4.3,80.9,38.1,42.8,0.6,7.6,1.9,5.8,10.0,9.0,0.1,0.8,0.1,0.8,E07000129,Blaby,matched_reference,E07000129,Blaby
E07000130,Charnwood,0.3031890189654019,-0.1815125546891072,0,0.9999999821364051,0.3031890189654019,-0.1815125546891072,0.5546941712933138,4.598791945324549,-0.19544411835413786,1.4788017029739835,0.9999999821364051,1.3073374559446589e-15,3.800904287086222e-11,2.907512571675714e-11,1.7796509793623367e-08,4.438710764639636e-25,48.1,35.3,12.4,4.18,67.7,13.8,38.1,0.3,1.7,2.1,4.2,3.1,4.4,32.3,13.7,11.4,3.1,2.8,1.3,20.5,12.1,14.3,4.8,17.0,26.8,4.5,72.1,35.7,36.4,0.8,11.8,8.0,3.8,14.1,12.9,0.2,0.9,0.2,1.2,E07000130,Charnwood,matched_reference,E07000130,Charnwood
E07000131,Harborough,1.6527726826892424,-4.419289367682438,5,0.9541016036663432,1.6527726826892424,-4.419289367682438,0.8700422929409504,0.5053788514930341,-1.1389934157800996,-0.11865429510468849,0.0036680075152579405,1.6780913692575442e-08,0.04163530599932696,1.9591496059412486e-05,0.0005754745420990532,0.9541016036663432,50.9,34.3,11.4,3.51,74.0,15.2,40.9,0.5,3.0,3.3,6.1,2.5,2.5,26.0,15.5,3.9,3.0,2.0,1.7,18.1,13.3,16.3,4.6,12.1,31.8,3.8,78.1,38.4,39.7,1.2,8.4,1.4,7.0,11.2,10.1,0.2,0.8,0.1,1.1,E07000131,Harborough,matched_reference,E07000131,Harborough
E07000132,Hinckley and Bosworth,2.890334459818666,-1.6835410883395612,5,0.5578838446284529,2.890334459818666,-1.6835410883395612,1.5606309179829085,0.5328372577141546,-0.00647785017431338,0.3024546706900796,0.010336413461669492,1.9357356013908153e-06,0.059340180030618764,2.203490245451247e-05,0.3724155912412027,0.5578838446284529,46.3,35.8,13.3,4.61,72.7,14.7,42.6,0.4,2.0,2.5,5.1,3.1,2.4,27.3,16.6,3.4,3.2,2.8,1.2,24.4,14.3,16.1,4.8,12.4,24.1,4.0,76.7,37.2,39.6,0.6,10.3,7.1,3.2,11.4,10.3,0.1,0.8,0.2,1.0,E07000132,Hinckley and Bosworth,matched_reference,E07000132,Hinckley and Bosworth
E07000133,Melton,1.6883467256022906,-2.953877561098848,5,0.961486182196583,1.6883467256022906,-2.953877561098848,0.8204938133648352,0.48210763159432773,0.983227948534944,0.6990626833723826,0.006053359871766777,3.7496386484888706e-06,0.0007130913107172791,1.8325557276359006e-05,0.03172529142500868,0.961486182196583,48.3,35.5,12.5,3.65,74.2,15.3,41.9,0.4,2.5,2.9,5.7,2.9,2.7,25.8,15.8,3.3,3.4,2.1,1.2,21.4,14.0,16.5,4.8,12.7,26.2,4.5,72.1,36.0,36.2,0.9,11.2,8.4,2.7,14.2,12.7,0.4,0.9,0.3,1.6,E07000133,Melton,matched_reference,E07000133,Melton
E07000134,North West Leicestershire,2.059566172902674,-0.22895687885676502,4,0.6028597406738995,2.059566172902674,-0.22895687885676502,1.4799371236841714,0.4224095443907737,0.08044622193377804,0.03319550904538493,0.009437244405984212,4.665878207746014e-05,0.33655932517743525,2.7545383614756824e-05,0.6028597406738995,0.051069485576989065,45.4,35.5,13.9,5.15,71.5,14.4,42.0,0.3,1.8,2.3,4.8,3.4,2.4,28.5,16.1,3.8,3.8,3.4,1.4,26.0,13.2,15.4,4.5,12.4,24.3,4.3,72.5,34.7,37.8,0.8,14.3,10.7,3.6,11.3,10.2,0.1,0.9,0.1,1.2,E07000134,North West Leicestershire,matched_reference,E07000134,North West Leicestershire
E07000135,Oadby and Wigston,2.375018209153004,-0.6682142841625124,0,0.9973726932468368,2.375018209153004,-0.6682142841625124,0.8917184705201656,2.5225010070889105,-1.0699675936881006,1.7604013766742113,0.9973726932468368,7.62815719058125e-09,4.911200575740904e-06,7.136427691510835e-05,0.0025500297591540557,9.938883619071737e-07,45.2,36.6,13.4,4.8,68.9,15.1,38.2,0.4,2.0,2.1,4.1,3.2,3.9,31.1,15.0,8.7,3.2,2.7,1.5,22.6,13.3,15.1,4.3,14.7,24.8,5.4,80.8,42.5,38.3,0.8,7.5,5.4,2.2,9.9,9.0,0.1,0.7,0.1,1.0,E07000135,Oadby and Wigston,matched_reference,E07000135,Oadby and Wigston
E07000136,Boston,1.3434086847391382,2.0313691092959703,4,0.9905099821002681,1.3434086847391382,2.0313691092959703,-0.13901817023512977,-3.2829634827657377,0.7669474220864161,1.1351695948816134,0.002507982394313406,9.004798424134096e-06,0.005780772492390828,9.72086368538921e-05,0.9905099821002681,0.0010950495777493898,40.7,37.5,15.9,5.97,69.8,15.8,39.5,0.4,1.9,1.9,4.1,4.2,2.1,30.2,16.6,3.1,3.9,4.4,2.3,32.7,14.5,15.3,3.3,9.3,15.1,9.9,63.9,33.9,30.0,0.8,18.2,6.1,12.1,15.7,14.3,0.3,0.8,0.3,1.4,E07000136,Boston,matched_reference,E07000136,Boston
E07000137,East Lindsey,3.7221433064385074,3.144158668183591,4,0.9340573278449937,3.7221433064385074,3.144158668183591,-5.027167949046968,-1.7913568715804613,-0.6502369867377333,0.6670654995915477,1.7008185259779311e-06,1.0161544661443907e-09,2.712696204713018e-10,2.5997867055323282e-09,0.9340573278449937,0.06594096744927024,38.2,35.3,18.3,8.22,60.8,14.3,29.8,0.5,2.5,2.7,5.2,4.0,1.9,39.2,24.1,3.2,4.4,5.8,1.8,32.6,14.2,15.6,4.3,10.5,18.1,4.8,69.2,42.4,26.8,0.8,11.0,2.6,8.4,17.3,15.3,0.6,1.1,0.3,1.7,E07000137,East Lindsey,matched_reference,E07000137,East Lindsey
E07000138,Lincoln,-1.930611223711701,3.7624142201974085,0,0.9999999999999964,-1.930611223711701,3.7624142201974085,0.6678112429156443,3.945925913744632,2.119222992389128,3.141628008164415,0.9999999999999964,6.2097348508289e-25,2.16106956139289e-18,3.26097619170298e-15,4.274859935484379e-18,8.456585778815534e-49,44.2,36.6,13.9,5.34,69.2,13.9,37.0,0.2,1.1,1.6,3.5,4.9,7.0,30.8,11.2,8.8,4.0,4.6,2.2,21.9,13.2,16.1,3.7,18.4,21.3,5.3,55.1,24.4,30.7,0.6,21.9,18.5,3.4,21.0,19.4,0.1,1.3,0.2,1.5,E07000138,Lincoln,matched_reference,E07000138,Lincoln
E07000139,North Kesteven,2.695402922389025,-1.6665957834456333,5,0.995467377635064,2.695402922389025,-1.6665957834456333,-0.20350250697312844,0.9285343488692471,1.922981977702109,0.03667423976238407,0.003100840024403004,0.0011678047985463251,4.949703490314406e-06,1.5502267861104092e-06,0.00025747761171078737,0.995467377635064,46.0,35.1,13.9,5.04,70.0,14.5,40.8,0.4,1.9,2.4,4.8,2.9,2.4,30.0,18.9,3.2,3.7,2.9,1.1,21.7,13.8,17.3,4.4,13.2,25.4,4.2,74.4,37.2,37.1,0.5,10.2,8.0,2.2,13.5,10.7,1.3,0.9,0.6,1.5,E07000139,North Kesteven,matched_reference,E07000139,North Kesteven
E07000140,South Holland,2.8750394631439504,0.856933712456666,4,0.8325551729881459,2.8750394631439504,0.856933712456666,-0.08181400582760967,-2.385254020043331,0.41898730728429584,1.2507254211832424,0.0025500690451477847,9.303614361950968e-07,0.012174206159692199,4.862933453635918e-05,0.8325551729881459,0.15267099211104115,40.5,37.6,15.8,6.1,69.3,13.2,40.2,0.4,2.1,2.3,5.2,4.0,1.9,30.7,18.6,2.9,4.0,3.6,1.6,30.8,15.3,16.5,3.7,10.0,15.8,7.9,72.5,39.2,33.3,0.7,12.7,10.3,2.4,12.7,11.2,0.4,0.8,0.2,1.4,E07000140,South Holland,matched_reference,E07000140,South Holland
E07000141,South Kesteven,1.5513529931973173,-1.2668325942621992,5,0.6989704065201403,1.5513529931973173,-1.2668325942621992,0.7642053794626129,0.12990491525578834,0.5711106259092056,0.44047790234203144,0.007167025259061596,4.177412564223611e-05,0.07152454841132466,3.282232363084316e-05,0.22226342336020002,0.6989704065201403,46.8,35.1,13.3,4.78,72.2,15.0,41.2,0.4,2.0,2.7,5.1,3.3,2.6,27.8,16.5,3.2,3.7,2.9,1.5,21.6,13.8,17.2,4.6,12.4,25.6,4.8,69.4,33.6,35.8,0.9,13.4,10.4,3.1,14.6,13.3,0.2,0.9,0.2,1.6,E07000141,South Kesteven,matched_reference,E07000141,South Kesteven
E07000142,West Lindsey,2.760491930388479,-0.5390994103475902,5,0.7313438314611078,2.760491930388479,-0.5390994103475902,-0.9990763283802836,-0.2982101842221892,0.29997241268933655,0.49392470811055345,0.0011160112011460498,1.197519572183615e-06,0.0028375490443430513,2.4210706654888708e-06,0.26469898970316574,0.7313438314611078,44.0,35.9,14.7,5.36,68.3,15.0,36.9,0.4,2.3,2.7,4.9,3.8,2.3,31.7,18.9,3.6,4.0,3.8,1.4,23.0,13.9,16.6,5.1,11.9,25.3,4.2,72.6,38.2,34.4,1.0,11.1,2.4,8.7,13.7,12.0,0.6,0.9,0.3,1.7,E07000142,West Lindsey,matched_reference,E07000142,West Lindsey
E07000150,Corby,0.5056793766961336,2.3671444816241625,2,0.9665182861724056,0.5056793766961336,2.3671444816241625,4.0045712599511445,-1.0462701546905568,2.10130574155393,-0.18336769215528545,0.005462706522527038,5.152793642631498e-05,0.9665182861724056,4.277138752978251e-05,0.027790027956655926,0.00013468002445570288,45.9,35.2,13.1,5.77,73.6,13.6,46.4,0.2,1.1,1.3,3.3,4.9,2.8,26.4,12.4,3.3,3.9,5.0,1.8,27.6,17.3,17.1,4.1,11.1,14.9,7.8,62.1,23.5,38.7,0.4,20.9,17.7,3.2,15.2,14.2,0.1,0.8,0.1,1.3,E07000150,Corby,matched_reference,E07000150,Corby
E07000151,Daventry,0.9471250667698218,-2.3136461227283838,5,0.7944254881126608,0.9471250667698218,-2.3136461227283838,1.0669895574459216,-0.5997710446557476,-0.27416930937770656,-0.03959233071843505,0.002019593166937897,6.42591329135901e-06,0.20031086257005423,6.465982790927552e-05,0.003172970409146476,0.7944254881126608,48.4,35.3,12.1,4.22,72.4,13.8,41.2,0.4,2.5,3.0,5.9,3.0,2.6,27.6,15.3,3.4,3.6,2.5,2.7,18.9,14.8,17.0,4.4,11.8,28.8,4.3,71.7,33.3,38.4,0.9,13.9,4.1,9.9,12.1,11.0,0.2,0.8,0.2,1.4,E07000151,Daventry,matched_reference,E07000151,Daventry
E07000152,East Northamptonshire,1.9513010725969844,-1.6617545011146047,5,0.7883465228996898,1.9513010725969844,-1.6617545011146047,1.6857466547387812,-0.4480593268294184,0.1438050494352051,0.195222194351873,0.003594644138012323,4.3109214241652226e-06,0.14428844060759946,3.1984080924871924e-05,0.06373409735234967,0.7883465228996898,46.9,35.9,12.8,4.37,72.7,13.7,42.8,0.4,2.0,2.5,5.7,3.4,2.3,27.3,15.2,4.0,4.0,2.9,1.3,22.3,15.3,17.6,4.4,11.8,24.2,4.4,72.4,32.0,40.4,0.5,13.3,2.3,11.0,12.5,11.3,0.3,0.9,0.1,1.2,E07000152,East Northamptonshire,matched_reference,E07000152,East Northamptonshire
E07000153,Kettering,1.400695154276593,-0.4762887943300652,2,0.48254865678116987,1.400695154276593,-0.4762887943300652,2.076531573353754,-0.40072383706655557,1.0282003440792666,1.0660656778651993,0.011813102833693051,0.00022955385441758368,0.48254865678116987,0.0001054767560701338,0.381738128503233,0.12356508127141594,46.0,36.3,12.9,4.73,73.6,14.7,43.1,0.3,1.8,2.3,4.8,4.0,2.6,26.4,14.3,3.1,3.9,3.5,1.6,22.8,15.5,17.0,4.3,11.8,23.3,5.3,69.4,30.4,39.0,0.9,13.1,8.8,4.2,15.2,13.9,0.1,1.1,0.1,1.4,E07000153,Kettering,matched_reference,E07000153,Kettering
E07000154,Northampton,-1.136876427886941,0.5039422818239933,2,0.7764739370150511,-1.136876427886941,0.5039422818239933,2.7791812928071553,0.026801866717894997,1.4973172348301311,1.7598343828202194,0.19815169584224762,0.0015135069918117854,0.7764739370150511,0.0012713474830801015,0.02258949283445847,1.983335140630416e-08,46.4,36.5,12.5,4.64,74.2,13.5,43.9,0.3,1.4,1.8,4.5,4.6,4.1,25.8,11.2,5.1,3.9,3.7,1.9,22.5,14.9,15.8,3.6,12.4,23.7,7.1,62.7,25.1,37.5,1.3,17.0,12.8,4.3,17.8,16.5,0.1,1.1,0.2,1.2,E07000154,Northampton,matched_reference,E07000154,Northampton
E07000155,South Northamptonshire,1.4077067124197782,-4.998965369744153,5,0.9943537551353369,1.4077067124197782,-4.998965369744153,1.7556774863803153,0.2455937979077772,-0.34664937452272865,-0.12113652214453649,0.0036355064666184402,1.9476618836959238e-08,0.0016807755359753245,2.1208089581786976e-05,0.00030873529586958364,0.9943537551353369,50.7,34.9,11.0,3.41,76.1,14.4,43.4,0.5,2.6,3.3,6.9,2.4,2.7,23.9,14.7,3.0,3.4,1.7,1.1,17.4,14.0,16.7,4.5,12.5,31.1,3.9,76.3,34.6,41.6,1.0,10.1,2.6,7.5,11.1,9.9,0.2,0.7,0.2,1.5,E07000155,South Northamptonshire,matched_reference,E07000155,South Northamptonshire
E07000156,Wellingborough,1.01649434652314,1.0462219426893749,2,0.7630110348437843,1.01649434652314,1.0462219426893749,2.0334038985652496,-1.8414022828660679,0.7959171806663938,0.7500809355135393,0.0064620194248454004,0.00010448192329390129,0.7630110348437843,0.00016938521864022578,0.22119880122234736,0.009054277367089083,43.7,37.0,14.2,5.11,71.6,13.6,42.6,0.3,1.6,1.9,4.3,4.7,2.6,28.4,14.7,3.4,4.3,3.8,2.2,25.7,16.0,16.5,4.1,10.8,20.4,6.4,66.4,29.9,36.5,1.0,17.7,5.4,12.3,13.6,12.4,0.1,0.9,0.2,1.3,E07000156,Wellingborough,matched_reference,E07000156,Wellingborough
E07000170,Ashfield,2.95369421457452,3.5306688235203794,4,0.952461984061943,2.95369421457452,3.5306688235203794,0.8509806071639757,-0.6963050980013445,0.6557597908909237,-0.14807479785218994,0.012921946754170046,1.9036887319077508e-07,0.03461095577813766,2.482066598768963e-06,0.952461984061943,2.4409702766353067e-06,42.1,34.5,16.3,7.16,68.1,14.7,39.5,0.3,1.2,1.7,3.8,4.7,2.2,31.9,16.5,3.3,4.5,5.6,1.9,31.4,16.4,16.4,4.3,12.0,15.1,4.4,69.2,33.3,35.9,0.5,16.2,12.7,3.5,12.8,11.6,0.1,1.0,0.1,1.3,E07000170,Ashfield,matched_reference,E07000170,Ashfield
E07000171,Bassetlaw,2.4424810240316464,2.2770818090738087,4,0.9901599094765304,2.4424810240316464,2.2770818090738087,-0.3820593529456647,-0.8512369641386192,0.3320011971132102,-0.355641675582532,0.003103351790744632,1.3631490290887893e-07,0.006709531761127391,9.837176392229055e-07,0.9901599094765304,2.608693905506191e-05,42.8,34.7,15.8,6.74,67.9,15.3,37.9,0.4,1.8,2.0,4.2,4.0,2.4,32.1,17.1,3.5,3.8,5.1,2.7,28.5,14.6,16.4,4.1,11.3,20.2,4.8,69.5,34.2,35.3,0.4,15.9,12.9,3.0,12.5,11.2,0.2,0.9,0.2,1.7,E07000171,Bassetlaw,matched_reference,E07000171,Bassetlaw
E07000172,Broxtowe,1.82822556229014,0.2019926229273843,4,0.8542786261961172,1.82822556229014,0.2019926229273843,0.6790689320619684,1.4602189428672754,0.049473472504040036,0.03253174547823602,0.0517896379507674,5.457231061725642e-05,0.09370098429111319,1.1897545781792836e-05,0.8542786261961172,0.0001642817056038411,45.5,35.0,14.3,5.27,69.7,14.5,40.7,0.3,1.6,2.0,3.9,3.9,2.9,30.3,16.5,5.6,3.3,3.5,1.4,23.1,12.9,14.9,4.5,12.1,28.2,4.2,73.2,37.1,36.1,0.4,11.1,9.0,2.2,14.1,12.6,0.3,0.9,0.2,1.2,E07000172,Broxtowe,matched_reference,E07000172,Broxtowe
E07000173,Gedling,2.6546208824041866,-0.4290274341972645,4,0.8315063640234014,2.6546208824041866,-0.4290274341972645,0.43941276801731843,0.712648559329316,-0.0958958869957299,0.40723315800922355,0.013584234925230603,6.4869929118784995e-06,0.07906021163122845,1.294217599123677e-05,0.8315063640234014,0.07582976025123682,45.1,35.2,14.5,5.27,71.4,15.5,39.8,0.4,1.9,2.3,4.8,4.1,2.7,28.6,16.5,3.6,3.3,3.6,1.5,23.6,13.7,15.8,4.6,12.9,25.3,4.1,75.3,37.7,37.6,0.5,10.0,4.0,6.0,13.1,11.9,0.1,1.0,0.2,1.1,E07000173,Gedling,matched_reference,E07000173,Gedling
E07000174,Mansfield,2.344138672745502,3.948187113840899,4,0.9934140807392308,2.344138672745502,3.948187113840899,0.533628791171823,-0.8420042489429501,0.45344127909216486,-0.3551772229944274,0.005037779104993147,8.470388484221166e-09,0.0015469792792240427,1.1228290142488698e-06,0.9934140807392308,2.9577149780529266e-08,41.4,34.4,16.2,8.0,67.9,15.1,38.7,0.3,1.4,1.7,3.8,4.6,2.4,32.1,15.7,3.4,4.5,6.5,2.0,30.4,15.7,16.5,3.7,12.1,16.4,5.3,66.6,32.6,33.9,0.4,18.2,13.8,4.4,13.6,12.5,0.1,0.9,0.1,1.2,E07000174,Mansfield,matched_reference,E07000174,Mansfield
E07000175,Newark and Sherwood,2.0541054823581875,0.6507639254062138,4,0.9277611685733459,2.0541054823581875,0.6507639254062138,-0.2779476431865574,-0.2535365431294108,-0.13275495878879304,-0.14343856324063445,0.004612875813073423,5.937294950252062e-06,0.05924262427490267,9.510628794206628e-06,0.9277611685733459,0.008367883414933087,44.9,34.6,14.7,5.89,68.9,15.1,38.0,0.4,2.1,2.4,4.8,3.6,2.5,31.1,17.1,3.8,4.1,4.3,2.0,25.1,14.3,16.1,4.0,11.9,24.2,4.5,70.6,35.7,35.0,0.5,14.5,10.4,4.0,12.9,11.6,0.2,0.9,0.2,1.5,E07000175,Newark and Sherwood,matched_reference,E07000175,Newark and Sherwood
E07000176,Rushcliffe,0.22195138716190912,-3.5164186177476444,2,0.9081230229182758,0.22195138716190912,-3.5164186177476444,0.2738828457045965,2.3542844048333715,-2.005317071125278,-0.9112426717641207,0.09162099414097638,5.606071637655543e-05,0.9081230229182758,1.2650131264282087e-05,0.00010903626139964222,7.823583170810808e-05,51.9,32.6,11.5,3.99,71.9,14.6,40.5,0.5,2.4,2.9,5.0,2.8,3.3,28.1,15.9,5.5,3.0,2.2,1.5,16.4,10.4,14.4,3.4,13.1,39.0,3.4,76.7,39.2,37.5,0.7,8.4,2.3,6.1,13.3,12.2,0.1,0.8,0.2,0.9,E07000176,Rushcliffe,matched_reference,E07000176,Rushcliffe
E06000019,"Herefordshire, County of UA",0.9851544558545506,-2.133235185527528,5,0.9997623475417263,0.9851544558545506,-2.133235185527528,-2.232776412304353,-0.982890387210117,0.04276913668069606,0.37689177166180216,1.2708476491008413e-05,1.2765924264689465e-06,7.323085214847603e-06,7.52965082819043e-06,0.00020881465331313225,0.9997623475417263,45.7,35.2,13.9,5.23,71.3,15.2,36.0,0.5,2.7,3.5,7.6,3.3,2.4,28.7,16.6,3.6,3.5,3.4,1.6,22.9,12.8,16.0,3.6,12.0,27.5,5.2,67.7,39.4,28.3,1.0,13.9,3.4,10.5,15.5,13.6,0.6,0.9,0.3,1.9,E06000019,"Herefordshire, County of",matched_reference,E06000019,"Herefordshire, County of"
E06000051,Shropshire UA,1.5099885643331332,-1.9375640707813337,5,0.9983095970928275,1.5099885643331332,-1.9375640707813337,-1.6822451947962025,-0.3247899019025279,0.24032450705933148,-0.03141108482645232,0.00013696070398671893,3.985818676236088e-06,5.78499477387308e-05,3.7072708951096845e-06,0.0014878991658756023,0.9983095970928275,46.5,34.9,13.5,5.04,71.0,15.5,37.1,0.5,2.7,3.1,6.4,3.3,2.3,29.0,16.9,3.9,3.4,3.2,1.6,22.5,13.1,16.8,3.7,12.2,27.5,4.2,69.2,38.6,30.6,0.6,13.5,5.0,8.5,15.0,13.1,0.6,0.9,0.3,1.8,E06000051,Shropshire,matched_reference,E06000051,Shropshire
E06000021,Stoke-on-Trent UA,0.44481416764330095,5.650182156568973,4,0.9777600516031155,0.44481416764330095,5.650182156568973,-0.06759068400286895,-0.6179102435705448,0.7311715015684912,-0.5520885032379351,0.022236593648063296,1.0537702892226335e-11,1.1658631123894291e-07,3.238151963782499e-06,0.9777600516031155,8.831481009147575e-15,42.0,34.7,15.3,8.04,65.5,13.5,36.7,0.3,1.2,1.5,3.3,5.3,3.7,34.5,14.3,5.6,4.7,7.2,2.7,33.8,14.4,15.9,3.5,11.9,15.5,5.0,59.4,28.5,31.0,0.4,24.2,18.3,5.8,14.4,13.2,0.1,0.9,0.2,1.7,E06000021,Stoke-on-Trent,matched_reference,E06000021,Stoke-on-Trent
E06000020,Telford and Wrekin UA,0.39323767434960133,2.3419262358661768,4,0.9061020558070686,0.39323767434960133,2.3419262358661768,1.9477472270409364,0.011147991183973333,0.7714418651538302,-0.518972448163936,0.027289738120521757,1.2887667835033508e-05,0.06645938291094593,0.00013431405837249116,0.9061020558070686,1.6214352559291822e-06,45.9,34.3,13.6,6.24,69.5,13.5,41.4,0.2,1.4,1.7,3.6,4.7,2.8,30.5,13.7,5.1,4.8,4.9,2.0,24.6,15.1,17.9,3.3,13.0,20.9,5.1,63.7,27.2,36.5,0.4,19.7,8.1,11.6,15.0,13.6,0.2,0.9,0.2,1.2,E06000020,Telford and Wrekin,matched_reference,E06000020,Telford and Wrekin
E07000192,Cannock Chase,2.4379092410489815,1.9203616539689805,4,0.6164578697353653,2.4379092410489815,1.9203616539689805,1.7934341414842496,-0.4230570420640326,0.8174925074603714,0.1461054619827782,0.008734388161392909,2.4053674606624413e-05,0.3725246371763588,1.4281463786730723e-05,0.6164578697353653,0.0022447697884897906,43.7,35.0,14.5,6.78,71.0,15.2,39.9,0.3,1.5,1.7,5.2,4.6,2.6,29.0,14.9,3.6,4.2,4.7,1.7,28.2,16.3,17.8,3.6,12.7,17.2,4.2,69.1,30.5,38.7,0.6,16.9,13.0,3.9,12.1,11.1,0.1,0.9,0.1,1.2,E07000192,Cannock Chase,matched_reference,E07000192,Cannock Chase
E07000193,East Staffordshire,1.048517979526884,0.3007935010431197,4,0.6507914860914941,1.048517979526884,0.3007935010431197,0.593721977797991,-0.7821411403160486,0.07660144186164247,0.6590362164758143,0.007085959503221654,9.442931606760029e-05,0.20223058205703853,0.00027333701683292255,0.6507914860914941,0.13952420601534607,45.9,35.7,13.5,4.94,70.5,14.6,40.7,0.4,1.7,2.2,4.4,3.8,2.7,29.5,15.0,3.7,4.4,3.7,2.5,24.7,14.2,16.1,4.2,11.7,23.4,5.7,69.6,35.1,34.5,0.6,13.5,4.2,9.3,15.1,13.8,0.2,1.0,0.2,1.3,E07000193,East Staffordshire,matched_reference,E07000193,East Staffordshire
E07000194,Lichfield,2.2356820592806823,-1.315893002752928,2,0.9536643132477042,2.2356820592806823,-1.315893002752928,0.24343600707942828,-0.03622552651084825,-1.2573835761343959,-0.7501059947609606,0.004730855577410356,1.692618508894361e-06,0.9536643132477042,1.4428632098063505e-05,0.027180592528933324,0.014408117395344729,46.9,34.8,13.2,5.12,69.4,14.6,38.6,0.4,2.4,2.6,5.1,3.4,2.4,30.6,18.6,3.7,3.5,3.0,1.8,22.4,13.7,16.0,3.5,11.8,28.4,4.1,75.6,38.7,36.9,0.6,13.2,1.6,11.6,9.5,8.4,0.2,0.7,0.2,1.1,E07000194,Lichfield,matched_reference,E07000194,Lichfield
E07000195,Newcastle-under-Lyme,1.4590515392652854,2.0181724389394606,4,0.6568748142089658,1.4590515392652854,2.0181724389394606,0.025466113684619207,2.1611114453334466,-0.3281888175566122,-0.6893558339002106,0.34050506590545043,4.929773776242933e-06,0.0026104665976984455,4.723511238652959e-06,0.6568748142089658,2.8700511695233916e-12,44.7,34.5,14.4,6.49,66.7,13.8,37.8,0.3,1.7,1.8,3.8,3.7,3.9,33.3,16.1,7.6,3.2,4.7,1.7,26.8,12.7,15.7,3.9,14.5,22.5,4.0,69.1,35.2,33.9,0.4,18.7,6.5,12.3,10.5,9.4,0.1,0.8,0.2,1.3,E07000195,Newcastle-under-Lyme,matched_reference,E07000195,Newcastle-under-Lyme
E07000196,South Staffordshire,2.8439527541251977,-1.169016050886244,2,0.7675279577068613,2.8439527541251977,-1.169016050886244,0.040504709535027245,-0.17663573973470792,-1.0616612833388992,-0.44455293771872456,0.008830191165607624,8.91657325342024e-07,0.7675279577068613,2.1356858727392515e-05,0.13257234483209046,0.09104725777938869,45.3,35.5,13.8,5.37,69.9,15.1,38.4,0.5,2.4,2.3,5.2,3.3,2.6,30.1,18.3,3.9,3.2,2.8,2.0,24.0,13.9,16.5,4.0,12.5,25.1,3.9,75.7,40.1,35.7,0.6,13.9,1.5,12.5,8.5,7.6,0.2,0.6,0.1,1.3,E07000196,South Staffordshire,matched_reference,E07000196,South Staffordshire
E07000197,Stafford,1.0539998916824076,-1.0785708604080886,4,0.7325293827150866,1.0539998916824076,-1.0785708604080886,0.019567796279901947,1.1112416477545322,0.2614303117358146,-0.07873563660246169,0.09489101602664547,0.00028040375450896977,0.13715731339587317,8.049202458243616e-05,0.7325293827150866,0.035061392083302494,46.1,35.6,13.2,5.05,70.2,14.5,40.0,0.4,2.1,2.2,4.4,3.1,3.4,29.8,16.7,5.1,3.0,3.1,2.0,20.4,12.7,15.8,3.5,12.9,30.3,4.4,71.6,36.4,35.2,0.5,13.7,4.3,9.3,12.9,11.2,0.3,0.8,0.6,1.3,E07000197,Stafford,matched_reference,E07000197,Stafford
E07000198,Staffordshire Moorlands,3.744792760070386,-0.8605010073923476,4,0.8546692713048075,3.744792760070386,-0.8605010073923476,-1.31219443534161,0.4912589672400118,-0.9302056147278561,-0.1287086707810771,0.013059055896320398,2.690639964971499e-07,0.08634394583033389,4.14664401721842e-06,0.8546692713048075,0.04592331126052421,44.2,35.1,14.9,5.92,69.3,14.6,38.1,0.5,2.3,2.5,6.0,2.8,2.5,30.7,19.1,3.3,2.9,4.1,1.3,26.6,12.8,16.0,4.2,12.3,23.7,4.4,79.7,44.1,35.6,0.3,8.9,3.2,5.6,9.8,8.6,0.1,1.0,0.2,1.3,E07000198,Staffordshire Moorlands,matched_reference,E07000198,Staffordshire Moorlands
E07000199,Tamworth,2.1882667905600535,1.6858605452887898,2,0.7170376624955199,2.1882667905600535,1.6858605452887898,3.658030099991208,-0.028281001245490718,1.1988469573300082,-0.030263301920261453,0.005118581988497602,0.0002130709655245625,0.7170376624955199,3.845300063499287e-05,0.27540300026291503,0.0021892312869087383,45.6,35.2,13.4,5.74,72.5,15.1,43.1,0.2,1.1,1.6,4.1,4.5,2.7,27.5,14.3,3.5,4.2,4.1,1.4,26.8,17.4,17.8,3.7,12.5,17.4,4.3,68.2,27.8,40.4,0.5,19.3,14.2,5.1,11.0,10.0,0.0,0.9,0.1,0.9,E07000199,Tamworth,matched_reference,E07000199,Tamworth
E07000218,North Warwickshire,2.6666298152944274,-0.18967905531440638,4,0.6077902025204489,2.6666298152944274,-0.18967905531440638,1.063251320152654,-0.3903143192261215,0.31494346177688676,-0.2823393993067498,0.009949253372378933,5.856558254078384e-06,0.3337503515752781,1.4645392238055508e-05,0.6077902025204489,0.04848969058140146,45.1,34.8,14.1,5.98,71.8,14.6,41.1,0.4,2.1,2.3,5.4,3.6,2.3,28.2,16.5,3.3,3.3,3.5,1.5,27.9,15.3,16.8,4.1,11.9,19.8,4.3,72.4,34.9,37.5,0.7,14.4,10.4,4.0,11.3,10.2,0.1,0.8,0.2,1.2,E07000218,North Warwickshire,matched_reference,E07000218,North Warwickshire
E07000219,Nuneaton and Bedworth,2.5907361717101396,2.088298664851722,4,0.5248820542563601,2.5907361717101396,2.088298664851722,2.1759497885223267,0.028422566902429582,0.8314948914674878,0.20109397522197855,0.013560811970735161,8.469223867242789e-05,0.4602338813838268,2.4261611869863194e-05,0.5248820542563601,0.0012142985385358773,44.0,35.3,14.5,6.21,70.8,14.8,41.7,0.2,1.3,1.6,3.7,4.7,2.7,29.2,15.6,3.6,3.9,4.4,1.7,28.0,15.6,16.4,4.8,11.6,18.6,5.0,71.4,33.3,38.1,0.5,14.5,11.0,3.5,12.7,11.5,0.1,1.0,0.1,1.0,E07000219,Nuneaton and Bedworth,matched_reference,E07000219,Nuneaton and Bedworth
E07000220,Rugby,0.7224509999313777,-1.5336669143544557,5,0.7750731668708659,0.7224509999313777,-1.5336669143544557,2.3163006212373496,0.21812646446638104,0.8948470085588393,-0.08635072248559071,0.007579047728580396,0.0006761665973841824,0.18062860738649547,7.300743291618502e-05,0.03597000398375773,0.7750731668708659,47.7,35.3,12.6,4.47,73.5,13.9,44.6,0.3,1.6,2.2,4.7,3.6,2.5,26.5,14.7,3.9,3.5,2.8,1.5,19.6,13.3,16.0,5.3,11.7,28.2,6.0,69.5,32.9,36.6,1.0,14.3,9.2,5.1,14.1,12.6,0.4,0.7,0.3,1.2,E07000220,Rugby,matched_reference,E07000220,Rugby
E07000221,Stratford-on-Avon,0.8003424615048845,-3.8358627251436843,5,0.980061924902566,0.8003424615048845,-3.8358627251436843,-0.9064540624182402,-0.38667364330857446,-1.1207634763781902,-0.25076408465845373,0.0003499481968438923,2.736384889494227e-07,0.019523822658774493,4.574209385703433e-05,1.8288509469591465e-05,0.980061924902566,48.2,34.8,12.7,4.24,72.1,14.4,38.5,0.5,2.7,4.0,6.9,2.5,2.6,27.9,17.3,3.4,3.5,2.3,1.4,19.3,12.0,15.6,3.6,11.7,33.4,4.4,71.8,39.1,32.7,1.1,12.9,1.1,11.8,12.7,11.3,0.4,0.7,0.3,1.5,E07000221,Stratford-on-Avon,matched_reference,E07000221,Stratford-on-Avon
E07000222,Warwick,-2.023452066783873,-2.1997479215253124,0,0.9999282406545096,-2.023452066783873,-2.1997479215253124,0.525256797264521,3.1332450060467187,-0.845419396159277,-0.06446844858778789,0.9999282406545096,1.9963245540165387e-07,6.633467251587488e-05,4.36960521367517e-06,8.554351699423022e-07,1.3589979326394277e-13,50.6,33.9,11.4,4.03,71.3,13.1,41.9,0.4,1.9,2.8,4.7,3.0,3.5,28.7,12.9,9.0,2.9,2.6,1.3,16.4,10.1,12.7,3.3,14.4,38.4,4.6,66.7,32.6,34.0,0.9,13.4,9.1,4.3,17.9,16.7,0.2,0.8,0.2,1.2,E07000222,Warwick,matched_reference,E07000222,Warwick
E08000025,Birmingham,-3.400903904217816,5.223685995189996,3,0.8008808147766805,-3.400903904217816,5.223685995189996,-0.34457253602445703,-0.790623435326471,-0.8309543191087786,0.5759160726801338,0.1990897538449837,2.3154335709125115e-08,6.786583819313402e-16,0.8008808147766805,2.9408224000256156e-05,7.42925586243429e-21,45.5,33.9,13.9,6.69,64.2,12.7,33.1,0.4,1.3,2.0,3.3,7.1,4.4,35.8,10.7,9.7,6.4,5.3,3.7,28.2,13.3,13.8,2.1,13.0,23.0,6.6,55.2,25.9,29.3,1.0,24.2,15.4,8.8,17.9,16.7,0.1,0.8,0.2,1.7,E08000025,Birmingham,matched_reference,E08000025,Birmingham
E08000026,Coventry,-2.0333609170730007,3.6113211594849712,0,0.9999989292212912,-2.0333609170730007,3.6113211594849712,0.15637009579310854,2.1897057635124177,0.3564436672382981,1.5040954313017354,0.9999989292212912,3.955563600195588e-12,1.0742808702732091e-12,1.0010992500057868e-06,6.967442967911213e-08,2.2944089431769946e-26,46.0,34.6,13.3,6.05,66.3,12.9,36.5,0.2,1.1,1.6,3.3,5.4,5.4,33.7,12.0,10.4,4.3,4.5,2.4,23.9,13.3,14.1,4.0,14.2,23.0,7.4,60.6,29.3,31.3,0.6,17.0,5.4,11.6,20.6,19.0,0.1,1.1,0.4,1.2,E08000026,Coventry,matched_reference,E08000026,Coventry
E08000027,Dudley,2.286344019201291,2.713292191266384,4,0.9602737937278911,2.286344019201291,2.713292191266384,1.2133243677608192,-0.8652500322568162,0.13639024755956067,-0.24670936319675643,0.00593934619774541,4.3916055726684924e-07,0.033754310965366616,1.0027849024766037e-05,0.9602737937278911,2.208209941490367e-05,42.4,35.8,15.3,6.51,68.6,15.0,38.2,0.3,1.3,1.9,4.1,5.3,2.5,31.4,16.2,4.3,4.6,4.4,2.0,30.0,14.3,16.7,3.5,11.9,19.2,4.4,68.8,34.9,33.8,0.5,19.8,16.8,3.0,9.2,8.4,0.1,0.6,0.1,1.6,E08000027,Dudley,matched_reference,E08000027,Dudley
E08000028,Sandwell,-0.7825760054641192,6.077705509317924,4,0.9822331138100627,-0.7825760054641192,6.077705509317924,0.8376878965330224,-2.812533991825475,0.5404539693167332,-0.6246323323705374,0.017728848156474204,1.5060286000688212e-14,1.6025251325601522e-09,3.803643092156962e-05,0.9822331138100627,1.0395258414087282e-15,41.9,34.8,15.6,7.7,66.8,13.6,37.1,0.3,1.1,1.5,3.1,7.3,2.9,33.2,13.0,5.3,5.9,5.8,3.2,35.2,14.4,14.7,2.7,10.4,15.4,7.3,56.9,26.5,30.4,0.6,27.5,22.7,4.8,12.9,12.0,0.1,0.7,0.1,2.1,E08000028,Sandwell,matched_reference,E08000028,Sandwell
E08000029,Solihull,1.6495923490675053,-0.5606277969833134,2,0.9374682984226107,1.6495923490675053,-0.5606277969833134,1.5640232862055587,0.4134991282314585,-1.152992971245623,-0.7429564741237626,0.007851134117973023,6.383965690763095e-05,0.9374682984226107,5.525566710454594e-05,0.048915967848449614,0.0056455042869546015,47.5,34.2,13.1,5.2,70.8,14.6,39.9,0.4,2.0,2.3,4.6,4.2,2.8,29.2,16.2,4.4,3.7,3.3,1.5,22.7,13.6,16.1,3.4,11.7,28.5,4.0,73.9,37.4,36.4,0.6,14.9,11.9,3.1,9.9,9.1,0.1,0.6,0.1,0.7,E08000029,Solihull,matched_reference,E08000029,Solihull
E08000030,Walsall,0.48337692770322277,4.624593368312355,4,0.9924307444889586,0.48337692770322277,4.624593368312355,0.16708604980835337,-2.6945898503586028,-0.5794183482831605,-0.5177262273995678,0.007512351489785448,9.418974508032018e-11,4.149666150431429e-07,5.648869718430662e-05,0.9924307444889586,2.632664519011398e-10,42.2,35.1,15.5,7.24,66.1,14.0,35.3,0.4,1.5,1.7,3.8,6.8,2.7,33.9,15.0,5.0,5.8,5.2,2.9,33.7,14.6,15.3,3.0,10.8,16.9,5.7,62.4,31.1,31.3,0.6,24.1,10.0,14.1,11.7,10.7,0.1,0.7,0.2,1.3,E08000030,Walsall,matched_reference,E08000030,Walsall
E08000031,Wolverhampton,-1.0215712405103223,5.690244090022206,4,0.9732516192774756,-1.0215712405103223,5.690244090022206,0.40411543417072304,-2.0884987478570927,0.4311253351599822,-0.3267690070193317,0.02645679174226372,1.4433321121981764e-11,4.5585081760204e-09,0.00029158440727197326,0.9732516192774756,4.6505672916296164e-14,41.8,35.3,15.7,7.19,66.9,13.5,35.5,0.3,1.3,1.5,3.3,7.8,3.6,33.1,13.2,6.1,5.3,5.4,3.1,31.2,14.1,14.9,2.7,10.6,19.5,6.9,56.6,28.8,27.8,0.4,28.0,22.3,5.7,13.2,12.3,0.1,0.7,0.2,1.8,E08000031,Wolverhampton,matched_reference,E08000031,Wolverhampton
E07000234,Bromsgrove,2.13305364628128,-2.6443575373753796,2,0.9953051961375452,2.13305364628128,-2.6443575373753796,0.46232848489414097,0.3548472969129246,-1.6920633946393269,-1.1777566861899316,0.00222036413270019,3.308902269125073e-07,0.9953051961375452,3.371364461987376e-06,0.000588810700720986,0.001881926774344076,49.1,33.4,12.7,4.82,71.8,15.3,39.4,0.5,2.6,2.9,5.5,3.1,2.5,28.2,16.3,4.2,2.8,2.5,2.4,21.3,12.8,15.8,4.1,11.7,30.5,3.7,79.5,40.6,38.9,0.6,10.0,3.0,7.0,8.8,7.9,0.2,0.6,0.1,1.1,E07000234,Bromsgrove,matched_reference,E07000234,Bromsgrove
E07000235,Malvern Hills,1.55099268925607,-2.0624769967470993,5,0.9445184924479552,1.55099268925607,-2.0624769967470993,-2.7736837622858923,-0.29315746321495384,-2.0266442274048755,-0.38018293350257243,0.000570715281392474,2.1837005912500192e-06,0.053307173592517396,4.800465020238441e-05,0.0015534303273413983,0.9445184924479552,45.6,35.1,14.1,5.3,67.8,14.4,33.7,0.5,2.8,4.0,6.9,3.2,2.3,32.2,19.2,4.8,3.5,3.2,1.5,20.3,11.2,15.5,3.8,11.4,33.9,3.9,71.9,42.5,29.4,0.8,14.1,1.7,12.4,11.5,10.4,0.2,0.8,0.2,1.7,E07000235,Malvern Hills,matched_reference,E07000235,Malvern Hills
E07000236,Redditch,0.8506339812698154,0.9814881129483801,2,0.7596273299126561,0.8506339812698154,0.9814881129483801,3.3697757801388946,-0.12177785430036321,1.2317822606285518,-0.342168226715715,0.006547755148709004,0.00028613018940408465,0.7596273299126561,7.617615062387103e-05,0.22980385259253552,0.0036587560060718444,46.8,34.9,13.0,5.41,73.9,14.4,43.8,0.2,1.4,2.1,4.4,4.6,3.0,26.1,13.0,3.8,3.9,3.8,1.6,25.1,15.8,17.0,3.7,12.0,20.7,5.6,65.7,26.5,39.1,0.4,21.2,16.4,4.7,11.7,10.7,0.1,0.9,0.1,1.1,E07000236,Redditch,matched_reference,E07000236,Redditch
E07000237,Worcester,-0.8107138011461118,0.18872868031597145,0,0.9867140299619821,-0.8107138011461118,0.18872868031597145,2.0984957362409125,1.954758739962746,0.7781605888434001,1.0374448533107357,0.9867140299619821,2.6204951187284277e-05,0.007236851298401148,7.12012922370908e-05,0.005951711857182856,6.390101366761085e-10,47.4,34.9,12.8,4.85,73.5,15.0,41.9,0.2,1.3,2.1,4.2,4.2,4.6,26.5,12.2,5.5,3.7,3.4,1.7,21.3,12.7,14.9,3.9,14.5,27.7,5.0,64.4,29.0,35.4,1.0,15.3,5.6,9.7,18.2,16.9,0.1,1.0,0.2,1.1,E07000237,Worcester,matched_reference,E07000237,Worcester
E07000238,Wychavon,1.8232176037124863,-2.41363453913268,5,0.8821846739796753,1.8232176037124863,-2.41363453913268,-0.5103940729381311,-0.6867872959966149,-0.9166584783983456,-0.2912916676855236,0.0014866589476501815,4.5745394464468966e-07,0.11253534425564893,3.1832260819775895e-05,0.0037610331022608656,0.8821846739796753,46.4,35.6,13.3,4.69,71.7,15.0,38.4,0.5,2.6,3.2,6.3,3.1,2.5,28.3,17.4,3.3,3.4,2.7,1.6,22.1,13.1,15.6,4.0,11.6,28.7,4.8,72.7,38.7,34.0,0.5,14.5,1.6,12.9,11.0,9.8,0.3,0.7,0.2,1.4,E07000238,Wychavon,matched_reference,E07000238,Wychavon
E07000239,Wyre Forest,2.5850406835948827,1.0109868308846164,4,0.9282540186153878,2.5850406835948827,1.0109868308846164,-0.5476519617111848,-0.6438074817500514,-0.46742456914255043,0.16712645840006835,0.0030260109331289907,2.065776039690638e-06,0.027566557265692793,1.1375996832611435e-05,0.9282540186153878,0.0411399714129178,43.6,35.2,15.2,6.0,68.7,15.2,37.4,0.4,1.8,2.5,5.0,4.2,2.2,31.3,18.5,3.3,3.6,4.1,1.7,27.8,14.2,16.1,3.8,11.4,22.1,4.6,70.6,37.7,33.0,0.6,14.4,6.7,7.7,13.2,12.0,0.1,1.0,0.1,1.2,E07000239,Wyre Forest,matched_reference,E07000239,Wyre Forest
E06000055,Bedford UA,-0.8454800865810282,-0.5760239809950128,2,0.9078670991779278,-0.8454800865810282,-0.5760239809950128,1.0700125401092884,-0.7173872379028046,-0.11662507056553001,0.8247632635264653,0.039143393584888275,0.0019923725011201433,0.9078670991779278,0.015728282845282635,0.03090154044287115,0.004367311447910179,46.9,36.0,12.6,4.54,71.9,13.9,40.4,0.4,1.9,2.5,4.8,4.4,3.6,28.1,12.8,5.5,4.3,3.3,2.3,20.4,13.8,15.2,3.9,11.8,28.1,6.8,65.7,31.4,34.3,1.0,16.1,1.8,14.3,15.8,14.6,0.2,0.8,0.3,1.3,E06000055,Bedford,matched_reference,E06000055,Bedford
E06000056,Central Bedfordshire UA,1.1241257202753039,-2.902100526298819,5,0.9822160179988284,1.1241257202753039,-2.902100526298819,2.467556560883393,0.18978281261906266,0.6643737442717944,0.07949999795734718,0.0020921477656267455,1.415760881021595e-05,0.009889824155496862,1.7055190535632124e-05,0.005770797280701926,0.9822160179988284,49.1,35.5,11.5,3.85,74.7,14.0,43.6,0.4,2.0,2.7,6.0,3.5,2.8,25.3,13.5,4.2,3.9,2.4,1.3,19.4,14.9,17.0,4.7,12.6,27.3,4.1,72.6,31.6,40.9,0.8,13.4,5.2,8.2,12.1,10.5,0.4,0.7,0.4,1.1,E06000056,Central Bedfordshire,matched_reference,E06000056,Central Bedfordshire
E06000032,Luton UA,-3.234984986640953,2.702864039890356,3,0.9980837222513949,-3.234984986640953,2.702864039890356,1.0498220469721582,-1.4380128872269047,-0.3762737646648583,3.0950205117688605,0.0019157098357263154,3.402441326093256e-08,1.475103794766121e-12,0.9980837222513949,5.338869900823115e-07,1.4087752236110715e-24,46.6,36.1,12.4,4.93,69.1,12.7,36.7,0.4,1.5,2.0,4.5,5.7,5.5,30.9,9.9,7.4,6.7,3.8,3.3,23.6,14.6,14.5,3.3,11.1,22.3,10.7,60.2,25.1,35.1,0.4,15.8,10.7,5.0,22.6,21.3,0.1,1.0,0.3,1.0,E06000032,Luton,matched_reference,E06000032,Luton
E06000031,Peterborough UA,-1.1288245930433645,1.534873435365069,2,0.9582262270820587,-1.1288245930433645,1.534873435365069,2.0390882463514197,-2.7169777820686902,1.5556481272305032,1.482123189434416,0.01479897350301367,0.005472543878306889,0.9582262270820587,0.0032549015134996705,0.018247197250220327,1.567729007737929e-07,44.3,37.3,13.3,5.17,72.3,14.1,42.9,0.3,1.5,2.0,3.8,5.1,2.7,27.7,11.6,3.9,5.5,4.1,2.6,25.0,15.4,16.2,3.5,10.8,20.2,8.9,59.3,25.8,33.4,0.9,19.5,6.4,13.1,19.1,17.4,0.4,0.9,0.4,1.2,E06000031,Peterborough,matched_reference,E06000031,Peterborough
E06000033,Southend-on-Sea UA,0.4792873112689636,1.0899969606547757,4,0.9779372069079969,0.4792873112689636,1.0899969606547757,0.3891473566308766,-1.4436156276313894,-0.008991119190252462,1.582692712676361,0.005669999809076928,8.566206028368483e-05,0.01002655207097148,0.004614301433154791,0.9779372069079969,0.001666277718516754,45.1,35.1,14.1,5.74,70.7,14.4,38.4,0.4,1.7,2.7,5.5,5.0,2.7,29.3,14.1,3.8,5.0,4.2,2.1,24.6,16.4,17.5,3.0,11.4,21.8,5.3,65.2,30.7,34.4,0.4,11.5,6.8,4.7,22.0,20.7,0.1,1.0,0.2,0.9,E06000033,Southend-on-Sea,matched_reference,E06000033,Southend-on-Sea
E06000034,Thurrock UA,0.46872996400616446,0.9506058820668728,2,0.9750511320130726,0.46872996400616446,0.9506058820668728,3.996776998402713,-1.7837599185447641,0.7467062586169314,0.3568512210125047,0.003788431443489642,0.00010443612747329295,0.9750511320130726,0.00015996848243054882,0.019150496324321073,0.0017455356092129712,48.2,34.7,12.3,4.77,74.0,14.3,42.6,0.3,1.5,1.8,5.2,5.4,2.7,26.0,11.7,3.5,5.2,3.5,2.1,26.5,18.1,17.5,3.4,10.9,17.4,6.1,66.2,25.5,40.7,0.5,18.4,16.1,2.3,14.1,13.2,0.1,0.7,0.1,0.8,E06000034,Thurrock,matched_reference,E06000034,Thurrock
E07000008,Cambridge,-8.78044468813192,0.16008058385505605,0,1.0,-8.78044468813192,0.16008058385505605,-1.3604328243408097,7.18433392461136,0.06574767782005017,-0.09606940074700113,1.0,1.1524454751854373e-46,1.3895492640420272e-44,4.837039419410279e-22,1.808315365483013e-46,9.010872929707643e-99,54.7,32.0,9.7,3.64,64.0,10.2,38.0,0.2,1.3,2.3,3.6,2.7,5.7,36.0,7.1,21.8,3.0,2.5,1.6,11.9,6.9,8.6,1.9,16.9,47.3,6.4,47.5,24.9,22.5,1.1,23.6,15.2,8.4,26.2,23.9,0.6,0.8,0.9,1.6,E07000008,Cambridge,matched_reference,E07000008,Cambridge
E07000009,East Cambridgeshire,0.132244365551332,-3.464888235409671,5,0.9971527390380314,0.132244365551332,-3.464888235409671,1.1983611262912237,-1.1851663622075455,0.6151905509235518,-0.27902244715630664,0.0010580839024629328,4.927178192720915e-05,0.0016173247644582396,0.00011987971351245995,2.700799607791546e-06,0.9971527390380314,48.8,35.2,12.1,3.97,75.6,14.5,44.0,0.4,2.3,3.1,6.1,2.9,2.3,24.4,13.5,2.9,4.2,2.4,1.3,20.9,13.1,15.6,4.3,11.4,29.0,5.5,68.5,32.2,36.3,1.5,14.3,1.3,13.0,13.2,12.0,0.3,0.8,0.2,2.5,E07000009,East Cambridgeshire,matched_reference,E07000009,East Cambridgeshire
E07000010,Fenland,2.8293688510747295,2.05051110462674,4,0.9570600443172002,2.8293688510747295,2.05051110462674,-0.034854042584580656,-2.313006313868996,0.5088508658354369,1.6127819658453288,0.001305799038229621,1.530613198744295e-06,0.0021270690828556317,3.674427495086323e-05,0.9570600443172002,0.039468812673565466,39.4,37.8,16.5,6.18,69.1,14.0,39.4,0.3,1.7,2.0,5.2,4.2,2.1,30.9,17.1,3.1,4.3,4.5,2.0,31.2,15.6,17.0,4.0,10.4,14.9,6.9,70.0,35.7,34.3,0.5,12.4,2.2,10.2,15.6,14.3,0.1,1.0,0.2,1.4,E07000010,Fenland,matched_reference,E07000010,Fenland
E07000011,Huntingdonshire,0.6855726333443259,-2.3912737440218668,5,0.8850481641060687,0.6855726333443259,-2.3912737440218668,2.3146919157582526,-0.14452969295652693,0.6385997239177578,0.2731116650100301,0.0042262065689979665,7.378591467533753e-05,0.10080472645516975,6.650001811846074e-05,0.009780616936970061,0.8850481641060687,48.8,35.7,11.6,3.94,74.6,14.2,45.1,0.4,1.8,2.4,4.9,3.2,2.6,25.4,14.1,3.2,3.8,2.5,1.9,19.2,14.6,17.0,3.8,12.4,27.9,5.1,71.2,32.0,39.3,0.7,12.9,2.6,10.3,14.1,12.5,0.4,0.9,0.3,1.0,E07000011,Huntingdonshire,matched_reference,E07000011,Huntingdonshire
E07000012,South Cambridgeshire,-1.1037578635037246,-5.036876847242354,5,0.9987813006062599,-1.1037578635037246,-5.036876847242354,2.133680728231448,0.5281545834457431,0.037956158383765315,-1.0144973343677866,0.0007281571657392502,5.078138307550459e-05,0.0003974796527934065,4.226802287907438e-05,1.3169253183035072e-08,0.9987813006062599,52.5,33.7,10.6,3.21,76.2,14.5,45.0,0.4,2.2,3.4,5.6,2.3,2.8,23.8,13.0,4.0,3.6,2.0,1.3,15.3,11.1,14.4,3.9,11.3,40.1,4.0,70.3,34.6,35.6,2.1,14.3,9.1,5.1,12.0,10.4,0.6,0.6,0.4,1.4,E07000012,South Cambridgeshire,matched_reference,E07000012,South Cambridgeshire
E07000066,Basildon,1.3563522446740017,1.1764464583076808,2,0.9051950698843884,1.3563522446740017,1.1764464583076808,3.0494372058168993,-2.176656663896024,0.12186328137486038,-0.21444133352242883,0.018392837509429983,1.2636187864229208e-06,0.9051950698843884,0.0001369515519904232,0.07530000237259027,0.0009738750628147704,46.2,35.0,13.3,5.53,71.2,14.2,40.3,0.3,1.7,2.1,5.5,4.6,2.4,28.8,13.9,3.4,5.7,3.9,1.8,26.6,18.4,17.6,3.6,10.7,18.6,4.3,65.9,28.9,37.0,1.0,22.0,14.2,7.8,10.2,9.4,0.1,0.6,0.1,0.9,E07000066,Basildon,matched_reference,E07000066,Basildon
E07000067,Braintree,1.4451572648383602,-1.4936533086056636,2,0.4811934585266978,1.4451572648383602,-1.4936533086056636,1.9092429315304542,-1.2808927459647161,0.29178689935529095,0.4010812728909276,0.0059637188418436606,1.1407637106681542e-05,0.4811934585266978,0.00013076260401072802,0.03352188125247497,0.4791787711378665,47.5,35.7,12.4,4.36,73.8,14.8,41.1,0.4,2.0,2.9,6.3,3.8,2.5,26.2,14.1,3.0,4.6,3.1,1.5,22.8,16.5,18.1,3.9,12.0,22.2,4.4,68.6,30.5,38.1,0.6,16.5,3.9,12.6,13.2,12.0,0.2,0.8,0.2,1.1,E07000067,Braintree,matched_reference,E07000067,Braintree
E07000068,Brentwood,0.8916922371096534,-3.0315729983266215,2,0.8454717515595835,0.8916922371096534,-3.0315729983266215,1.091033351041631,-0.28995026942108093,-1.3441674951106133,-0.7832211745221447,0.0012727472080014486,1.816399441341809e-06,0.8454717515595835,2.0782843996405613e-05,3.133958638888976e-05,0.1532015624025879,51.0,33.3,11.6,4.01,72.0,13.5,40.9,0.5,2.4,3.2,6.1,3.1,2.3,28.0,14.9,4.4,4.8,2.3,1.5,19.4,14.2,17.2,3.3,11.4,30.7,3.8,75.1,38.0,37.2,0.6,11.7,8.8,2.9,11.3,10.3,0.2,0.6,0.2,1.3,E07000068,Brentwood,matched_reference,E07000068,Brentwood
E07000069,Castle Point,4.992359622104274,0.45730630692664015,5,0.9971603120177687,4.992359622104274,0.45730630692664015,0.5537037391656504,-1.0730481528104512,-0.7530166954602449,1.5686779887959805,0.0017371953151776366,3.4584717043661973e-09,4.243855438136179e-05,0.00017171765766523423,0.00088833299653518,0.9971603120177687,43.5,36.1,14.7,5.66,68.2,14.7,36.4,0.3,1.9,2.3,6.5,3.5,2.4,31.8,19.4,2.9,4.8,3.2,1.6,29.9,18.0,17.8,4.6,10.6,14.6,4.4,82.6,43.1,39.5,0.3,5.3,4.0,1.4,10.9,9.8,0.0,0.9,0.2,0.9,E07000069,Castle Point,matched_reference,E07000069,Castle Point
E07000070,Chelmsford,0.9868219194600029,-2.626195204025103,5,0.773393776707864,0.9868219194600029,-2.626195204025103,2.3136949137387446,0.17907817184578878,-0.40953321924650715,-0.12034140005723389,0.002663289799948741,9.681578717978367e-06,0.2197048670748126,3.6018182647633996e-05,0.004192366656009346,0.773393776707864,50.2,34.7,11.4,3.65,73.8,14.7,42.4,0.4,1.9,2.7,5.4,3.4,3.0,26.2,14.1,3.9,4.2,2.3,1.6,18.9,15.0,17.3,3.6,12.5,28.8,3.9,73.2,34.0,39.2,0.6,13.1,2.1,11.0,12.0,10.9,0.2,0.7,0.2,1.1,E07000070,Chelmsford,matched_reference,E07000070,Chelmsford
E07000071,Colchester,-0.5159718219258345,-0.7520476078852343,0,0.9947446532799956,-0.5159718219258345,-0.7520476078852343,0.6945065253472874,1.8851681151755915,1.4929558548293687,1.2337279273317443,0.9947446532799956,8.698761835139104e-06,0.002443068210504325,1.569962606596901e-05,0.002787856403494669,2.3718103715517504e-08,48.8,34.8,12.1,4.25,71.1,14.4,39.3,0.3,1.7,2.4,5.0,3.5,4.4,28.9,13.1,7.0,4.1,3.2,1.5,19.4,14.3,16.7,3.4,13.8,27.2,5.2,66.3,31.9,34.4,0.5,13.5,8.2,5.3,18.7,16.3,0.7,1.0,0.7,1.0,E07000071,Colchester,matched_reference,E07000071,Colchester
E07000072,Epping Forest,0.8509952179215339,-2.3563699283668726,2,0.9514924047442574,0.8509952179215339,-2.3563699283668726,0.4044214479858858,-1.6764900980274486,-1.5048883637978812,-0.5576820487035764,0.0010287695444823654,5.479575909593406e-07,0.9514924047442574,7.566922775051e-05,4.119174581834232e-06,0.047398489351336885,49.3,33.8,12.4,4.6,72.1,13.3,38.3,0.6,3.1,3.5,7.3,3.6,2.3,27.9,14.1,4.5,4.9,2.6,1.9,24.0,15.6,16.3,3.3,11.1,25.3,4.5,72.3,34.8,37.5,0.4,15.0,11.9,3.1,11.0,10.2,0.2,0.5,0.1,1.3,E07000072,Epping Forest,matched_reference,E07000072,Epping Forest
E07000073,Harlow,0.009803398903413023,2.18217722593005,2,0.99130899513136,0.009803398903413023,2.18217722593005,4.411708486824579,-1.8533317211236922,2.021866635572193,0.11618487847073822,0.0030367002381568612,3.434626887735512e-05,0.99130899513136,2.8731809393046435e-05,0.0055585670709431415,3.2659481270444084e-05,45.1,35.9,13.7,5.36,74.7,14.7,43.1,0.2,1.2,2.0,5.2,5.2,3.1,25.3,11.3,3.6,4.7,3.7,1.9,26.0,18.8,17.2,3.6,11.2,17.6,5.6,56.1,21.2,34.9,0.9,31.2,26.9,4.3,10.8,10.0,0.1,0.7,0.1,0.9,E07000073,Harlow,matched_reference,E07000073,Harlow
E07000074,Maldon,3.4388260761063165,-2.090163782445109,5,0.9738150568065422,3.4388260761063165,-2.090163782445109,-0.06533749878404825,-1.258102803802163,-1.4668739329552762,0.4513931289962715,0.001771157120307758,1.2052623971942581e-09,0.02297819222434835,7.432102621585079e-05,0.001361271617323101,0.9738150568065422,46.2,35.6,13.4,4.75,70.2,14.6,36.9,0.5,2.5,3.4,7.0,3.0,2.1,29.8,17.9,3.0,4.7,2.8,1.4,23.1,16.0,17.3,4.6,11.2,23.6,4.1,78.4,40.0,38.5,0.4,10.4,0.6,9.8,9.7,8.6,0.2,0.8,0.1,1.1,E07000074,Maldon,matched_reference,E07000074,Maldon
E07000075,Rochford,4.174059950595237,-1.7836913497402525,5,0.9751862737440803,4.174059950595237,-1.7836913497402525,1.674062922427146,-0.39949673017385884,-1.0418624540128352,0.5418111567939405,0.010811509826181148,1.0225534310096196e-08,0.009211456359644979,0.000154911591348961,0.004635838253209868,0.9751862737440803,47.8,34.9,13.0,4.32,70.8,15.2,39.0,0.4,1.9,2.7,6.2,3.0,2.4,29.2,17.7,3.1,4.6,2.3,1.5,23.6,17.8,18.4,4.3,11.9,20.0,4.0,82.9,41.5,41.4,0.2,7.6,1.2,6.4,8.5,7.6,0.1,0.7,0.2,0.8,E07000075,Rochford,matched_reference,E07000075,Rochford
E07000076,Tendring,4.340123431710613,3.7531410807827723,5,0.9809152929663949,4.340123431710613,3.7531410807827723,-3.541896945142621,-1.8418414543667305,-1.3130535529266134,1.4021885169173993,5.274738855234368e-06,1.3159351150382777e-09,1.5237367363819921e-10,3.3309374541939604e-07,0.01907909773269612,0.9809152929663949,38.4,35.8,18.1,7.61,61.7,14.6,30.2,0.4,1.9,2.6,5.3,4.7,2.2,38.3,23.1,3.3,4.6,5.3,2.0,34.3,15.2,16.2,4.1,9.5,15.9,4.8,73.7,44.6,29.1,0.4,8.4,4.8,3.6,16.2,14.8,0.1,1.1,0.2,1.3,E07000076,Tendring,matched_reference,E07000076,Tendring
E07000077,Uttlesford,-0.01699467096146852,-4.621521765492196,5,0.9950367042927556,-0.01699467096146852,-4.621521765492196,0.6692078176517008,-0.4609195535299667,-0.31776236820811327,-0.36432497620999577,0.0007377371976981511,2.194674797299948e-06,0.004133780522040596,8.899566548862343e-05,5.876472191135409e-07,0.9950367042927556,52.5,33.3,10.9,3.27,74.4,14.5,40.1,0.5,3.0,3.9,7.2,2.7,2.4,25.6,13.5,4.2,4.9,1.8,1.4,17.7,13.9,17.2,3.3,12.0,31.9,4.0,71.6,34.1,37.5,1.0,12.6,8.5,4.2,13.1,11.5,0.5,0.7,0.4,1.6,E07000077,Uttlesford,matched_reference,E07000077,Uttlesford
E07000095,Broxbourne,1.5021242648108568,-1.1407492693633605,2,0.7203449330690987,1.5021242648108568,-1.1407492693633605,2.6906961222765355,-1.7848099565846338,-0.6245760731383886,0.6976378372920828,0.010700844040240772,8.983897322752778e-06,0.7203449330690987,0.0017017824794879433,0.003643786046358954,0.26359967046749017,47.7,35.3,12.3,4.63,73.1,14.5,40.1,0.4,2.0,2.5,6.7,4.2,2.7,26.9,13.2,4.3,4.8,2.8,1.8,25.5,17.7,17.2,3.7,11.2,19.2,5.4,72.9,32.6,40.4,1.1,14.1,2.9,11.1,11.2,10.4,0.1,0.6,0.1,0.8,E07000095,Broxbourne,matched_reference,E07000095,Broxbourne
E07000096,Dacorum,-0.6920022997798178,-1.8135363403935016,2,0.9459904855299842,-0.6920022997798178,-1.8135363403935016,2.5306189373461714,-0.6876081515680601,-0.3773197122324053,-0.7768254776517586,0.0030116304056487498,0.0001582147907389804,0.9459904855299842,0.00022063005822393165,5.201086907496738e-05,0.05056702834633002,50.3,34.1,11.6,4.03,74.5,13.8,42.5,0.4,2.0,3.2,6.2,3.7,2.8,25.5,12.4,3.8,4.5,2.7,2.1,18.8,14.7,16.1,3.5,11.6,30.9,4.4,64.9,29.1,35.7,0.6,21.8,17.4,4.4,11.9,10.9,0.2,0.6,0.1,0.9,E07000096,Dacorum,matched_reference,E07000096,Dacorum
E07000097,East Hertfordshire,-0.2605923279592896,-4.266512460503451,5,0.7978814005288696,-0.2605923279592896,-4.266512460503451,2.2697691827096347,-0.07308906421300443,-0.7834600957054214,-0.847793002687445,0.0017049941575722667,9.494201197485356e-06,0.20036442260615292,3.8819463246672625e-05,8.690429601474157e-07,0.7978814005288696,52.5,33.7,10.4,3.36,75.4,14.1,43.7,0.4,2.4,3.3,6.2,2.8,2.4,24.6,12.5,4.4,4.4,2.1,1.3,17.2,13.5,16.7,3.2,11.9,33.5,4.0,71.9,32.1,39.7,0.9,12.7,2.0,10.7,13.2,12.2,0.2,0.6,0.2,1.4,E07000097,East Hertfordshire,matched_reference,E07000097,East Hertfordshire
E07000098,Hertsmere,-1.3741321525533505,-3.204978352497156,2,0.9869098352528045,-1.3741321525533505,-3.204978352497156,0.9596866419041503,-1.3403340416078076,-1.3554507012505466,-0.9620792139640308,0.0008205389150474186,7.128824702006436e-05,0.9869098352528045,0.00041629668534355277,7.628274400696449e-10,0.011782040136957007,51.5,32.9,11.4,4.15,73.3,13.5,39.4,0.5,2.7,4.0,6.9,3.7,2.8,26.7,11.2,6.1,4.7,2.8,1.8,19.4,14.1,15.8,2.9,11.2,30.8,5.8,67.6,31.4,36.2,1.2,17.4,1.9,15.5,12.5,11.3,0.4,0.5,0.3,1.2,E07000098,Hertsmere,matched_reference,E07000098,Hertsmere
E07000099,North Hertfordshire,-0.7083971921519848,-2.771455441088224,2,0.8086616880258314,-0.7083971921519848,-2.771455441088224,2.2270408374450064,-0.41714592047947313,-0.5047559607072982,-1.109226734230167,0.0047317256582943504,0.00016573554615912888,0.8086616880258314,0.00024907312569971425,8.883798687037994e-06,0.18618289384532744,50.2,34.1,11.8,3.92,74.9,14.0,43.9,0.4,2.0,3.1,5.5,3.4,2.7,25.1,13.3,3.7,4.3,2.4,1.3,18.0,13.2,15.4,3.5,11.4,34.4,4.2,65.6,30.3,35.3,0.9,19.3,7.1,12.2,13.1,12.1,0.2,0.6,0.2,1.1,E07000099,North Hertfordshire,matched_reference,E07000099,North Hertfordshire
E07000100,St Albans,-2.0096598491768742,-4.756746779366167,2,0.9986616043791677,-2.0096598491768742,-4.756746779366167,1.6883102695368943,0.6962116638293232,-2.347332694290864,-1.9176414216012347,0.00045395114512732137,0.0003838768278778129,0.9986616043791677,8.392403658415604e-06,1.5761201859529812e-13,0.000492175244010913,55.1,31.9,9.8,3.21,74.7,13.5,43.1,0.4,2.4,3.8,5.9,2.7,2.8,25.3,12.3,4.6,4.8,2.1,1.5,12.9,10.0,13.3,2.8,10.4,46.3,4.2,72.7,34.6,38.2,0.5,12.2,8.5,3.7,13.6,12.6,0.2,0.6,0.2,1.1,E07000100,St Albans,matched_reference,E07000100,St Albans
E07000101,Stevenage,-0.3284815929371489,0.9763405690887101,2,0.9921741656886017,-0.3284815929371489,0.9763405690887101,4.739040678742834,-0.8328510143492532,1.7887078336867475,0.40801215953422604,0.0014022942268272808,0.0023618397028535598,0.9921741656886017,5.359735814046698e-05,0.0034749267616742486,0.0005331762619026046,47.1,35.7,12.7,4.57,75.7,14.3,44.4,0.2,1.2,2.0,5.1,4.8,3.6,24.3,11.1,3.7,4.6,3.3,1.7,21.5,18.0,17.9,3.8,11.8,22.1,4.9,58.3,22.2,36.1,1.2,28.4,22.8,5.6,11.4,10.4,0.0,0.9,0.1,0.7,E07000101,Stevenage,matched_reference,E07000101,Stevenage
E07000102,Three Rivers,-0.17310603589291987,-3.8597235851599923,2,0.854505270100293,-0.17310603589291987,-3.8597235851599923,1.2758520606761692,-0.7396997362494554,-1.34669156491984,-0.8345117066817922,0.0008095751019955066,3.3700051518250055e-06,0.854505270100293,4.757793558632717e-05,6.044484591773663e-08,0.14463414641212832,50.7,34.2,11.2,3.9,74.1,13.5,41.2,0.5,2.7,3.9,6.5,3.2,2.6,25.9,12.8,4.5,4.7,2.3,1.7,17.6,13.2,15.8,3.3,11.5,33.9,4.6,72.7,34.1,38.6,0.6,15.1,4.8,10.4,10.6,9.3,0.5,0.6,0.2,1.0,E07000102,Three Rivers,matched_reference,E07000102,Three Rivers
E07000103,Watford,-3.0614538093531465,-1.9506881333612898,2,0.9773699331965445,-3.0614538093531465,-1.9506881333612898,3.195510811648424,-0.8229176143840415,0.06258878985006407,0.6056581665183892,0.009619979039223568,0.004806669968717723,0.9773699331965445,0.00820261609139937,8.43092595935649e-08,7.173948556381552e-07,50.1,34.8,11.0,4.14,76.6,12.7,46.0,0.3,1.6,2.8,5.7,4.1,3.4,23.4,9.4,4.6,4.6,2.7,2.1,17.5,13.3,15.0,2.9,11.7,32.2,7.5,61.6,24.4,37.2,1.2,16.3,4.0,12.3,20.1,18.9,0.2,0.8,0.2,0.8,E07000103,Watford,matched_reference,E07000103,Watford
E07000104,Welwyn Hatfield,-3.2983951643514264,0.09542093087978991,0,0.999999657605235,-3.2983951643514264,0.09542093087978991,1.893814928022758,3.4808533453529384,-0.08662361390322876,0.4200912526956774,0.999999657605235,1.9172201573162085e-10,1.2996982192787118e-09,3.4057891623683643e-07,3.244286465651952e-10,6.259600886397131e-25,50.9,33.9,11.2,3.95,70.0,12.2,38.4,0.3,1.7,2.4,4.8,3.3,6.7,30.0,10.9,11.0,4.0,2.6,1.5,17.2,13.0,15.0,3.2,15.7,30.0,5.8,57.3,26.5,30.8,0.9,26.9,19.9,7.0,13.6,12.7,0.2,0.5,0.2,1.3,E07000104,Welwyn Hatfield,matched_reference,E07000104,Welwyn Hatfield
E07000143,Breckland,2.2112168170124753,0.6419159502535152,4,0.590422701442226,2.2112168170124753,0.6419159502535152,-0.6657558965571525,-1.7590838620990208,0.9337431669935593,1.2826446967298313,0.0008668833508874166,1.2886131120902345e-05,0.003486530788645652,1.4295230288253364e-05,0.590422701442226,0.4051967030568317,42.2,37.3,15.0,5.49,69.1,14.6,38.6,0.3,1.8,2.6,5.3,3.5,2.2,30.9,18.0,3.0,4.2,3.5,2.2,28.0,15.0,16.9,4.0,11.1,18.6,6.5,68.6,37.0,31.7,0.6,13.8,2.4,11.4,15.2,13.4,0.5,1.0,0.3,1.8,E07000143,Breckland,matched_reference,E07000143,Breckland
E07000144,Broadland,4.4191147738343455,-1.84247444100543,5,0.8242001146809538,4.4191147738343455,-1.84247444100543,0.13667309027161628,0.03654822950449457,-0.4858687814303439,1.3823779944070493,0.00996454476405324,1.9235604679757186e-10,0.0003275736521594901,6.47081721430011e-05,0.1654430585383337,0.8242001146809538,44.3,37.0,14.0,4.69,71.1,16.7,37.8,0.4,2.1,3.0,5.9,2.6,2.6,28.9,18.6,2.8,3.5,2.8,1.2,22.9,14.8,17.5,5.5,12.0,23.2,4.3,79.4,43.3,36.1,0.6,8.6,0.9,7.7,10.3,9.1,0.2,0.9,0.1,1.1,E07000144,Broadland,matched_reference,E07000144,Broadland
E07000145,Great Yarmouth,2.68257047008259,4.502286216595996,4,0.9989167362460949,2.68257047008259,4.502286216595996,-1.4290202788705366,-1.8794045367105106,0.7363645445581747,1.106743892462934,0.0007187770095281103,1.2120519864357122e-07,6.481596497215432e-06,3.6422656632501746e-07,0.9989167362460949,0.0003575197161150174,40.3,36.0,16.6,7.1,65.5,16.3,32.4,0.3,1.7,2.0,4.3,6.1,2.4,34.5,18.3,3.6,4.9,5.3,2.3,32.8,15.7,16.1,4.7,10.6,14.2,5.9,64.3,35.7,28.6,0.3,17.2,13.8,3.4,16.5,14.9,0.3,1.0,0.2,1.6,E07000145,Great Yarmouth,matched_reference,E07000145,Great Yarmouth
E07000146,Kings Lynn and West Norfolk,2.7108320844030342,0.7747724880307821,5,0.9793251791772638,2.7108320844030342,0.7747724880307821,-2.1408225874753524,-1.7777189563133253,1.0800108375475599,0.7909739620507809,5.3312228656179325e-05,3.691655452077454e-06,8.338781262906859e-06,2.3621346935094476e-07,0.020609241943895514,0.9793251791772638,40.9,37.1,15.9,6.11,67.3,14.6,36.5,0.4,2.1,2.6,5.2,3.7,2.2,32.7,19.6,3.1,4.3,4.1,1.7,29.3,14.5,16.2,3.8,11.0,19.1,6.1,69.4,39.6,29.9,0.4,13.3,3.1,10.2,14.7,12.4,0.8,0.9,0.5,2.1,E07000146,King's Lynn and West Norfolk,matched_reference,E07000146,King's Lynn and West Norfolk
E07000147,North Norfolk,3.780771830540313,0.8480781477976529,5,0.9961773467066145,3.780771830540313,0.8480781477976529,-4.721583866167741,-2.1804133583449725,-1.1517377893880474,1.4056787887230586,3.208217653641748e-09,2.56599401527169e-12,2.3109539428994542e-11,5.968704264800007e-09,0.003822644090788037,0.9961773467066145,38.9,37.8,17.2,6.15,63.2,14.6,30.2,0.5,2.5,3.7,6.7,3.3,1.8,36.8,23.8,2.8,4.0,3.9,2.2,27.5,14.1,16.2,4.7,10.5,22.3,4.7,70.1,45.8,24.3,0.4,12.8,2.4,10.4,14.5,13.0,0.3,0.9,0.2,2.1,E07000147,North Norfolk,matched_reference,E07000147,North Norfolk
E07000148,Norwich,-3.959192233535586,4.439065378178847,0,0.9999999414366662,-3.959192233535586,4.439065378178847,0.11537310481531157,2.2069466437390077,1.5149213988905046,1.3122863866613,0.9999999414366662,5.503749138009469e-17,1.5854406899789297e-16,5.856278005447747e-08,5.53528336016736e-13,2.5840790210201414e-37,44.9,35.4,14.1,5.66,68.3,13.4,37.2,0.2,1.1,2.0,3.9,5.0,5.4,31.7,10.7,9.5,4.3,4.9,2.2,22.6,12.8,13.8,2.6,15.2,27.7,5.2,43.8,20.7,23.2,0.7,32.7,25.2,7.4,21.7,20.1,0.1,1.3,0.2,1.1,E07000148,Norwich,matched_reference,E07000148,Norwich
E07000149,South Norfolk,2.680992546939315,-2.1556226328693655,5,0.9671662606588665,2.680992546939315,-2.1556226328693655,-0.35948560183032824,-0.3185127633502337,-0.7958865552026634,0.5964727748916125,0.0006607020186387341,9.338831788553625e-09,0.006462146644348128,1.2533762282923905e-05,0.025698347577031516,0.9671662606588665,46.4,35.8,13.4,4.48,70.7,15.7,37.6,0.4,2.3,3.4,6.1,2.7,2.5,29.3,18.2,3.2,3.9,2.8,1.3,22.6,13.6,17.1,4.2,11.5,27.0,4.0,74.9,40.8,34.1,1.0,11.3,2.7,8.6,11.2,10.0,0.2,0.9,0.1,1.6,E07000149,South Norfolk,matched_reference,E07000149,South Norfolk
E07000200,Babergh,2.307480995406314,-2.170929644190908,5,0.9951651495203194,2.307480995406314,-2.170929644190908,-1.169487740969447,-0.6681447095640282,0.3540480183512175,0.5430479181730865,9.352787554183383e-05,1.1220589423967645e-07,4.772459067910745e-05,1.9459193170570815e-06,0.0046915398882483765,0.9951651495203194,46.6,35.8,13.2,4.34,70.3,15.2,37.2,0.5,2.2,3.6,6.4,3.0,2.3,29.7,18.2,3.4,4.2,2.5,1.4,22.8,14.5,17.5,3.9,11.6,25.8,3.9,71.9,39.6,32.3,0.5,13.1,8.9,4.2,12.6,10.7,0.7,0.9,0.3,2.0,E07000200,Babergh,matched_reference,E07000200,Babergh
E07000201,Forest Heath,-2.9888493553053777,-1.3192583169533414,1,0.9999999937407225,-2.9888493553053777,-1.3192583169533414,0.24767375569082778,-3.073684732757446,3.9962729861885053,0.9897220822499968,2.3838429074761026e-11,0.9999999937407225,2.847488379546821e-16,6.164778584350764e-09,7.935513618207906e-25,7.066132571451035e-11,48.1,35.5,12.1,4.32,75.2,13.0,47.5,0.3,1.7,2.2,5.0,3.2,2.2,24.8,12.3,2.7,4.7,2.6,2.5,25.7,13.6,14.2,4.0,10.3,19.2,13.1,55.9,27.2,28.6,1.4,14.7,5.3,9.4,24.4,21.8,1.1,1.0,0.6,3.6,E07000201,Forest Heath,matched_reference,E07000201,Forest Heath
E07000202,Ipswich,-0.4823356569321016,2.172444673644816,2,0.9307844955238707,-0.4823356569321016,2.172444673644816,2.4475843235361516,-1.2328923693260898,1.761250159428293,1.0421291400410202,0.02101579755539369,0.002973319599703285,0.9307844955238707,0.0003770612811200714,0.04483627595223322,1.305008767841441e-05,45.6,35.8,13.5,5.07,73.5,16.5,41.2,0.2,1.2,1.8,4.1,5.4,3.1,26.5,11.6,3.8,4.8,4.2,2.1,25.8,15.9,16.3,3.8,11.4,20.6,6.2,56.7,25.7,31.0,0.6,21.6,14.2,7.4,19.9,18.7,0.1,0.9,0.2,1.2,E07000202,Ipswich,matched_reference,E07000202,Ipswich
E07000203,Mid Suffolk,2.3572044417505893,-3.2004248788985263,5,0.9845579870952448,2.3572044417505893,-3.2004248788985263,-0.18153769901428746,-0.16166487670295054,0.1509923752846198,0.5357960796263198,0.000882711785070713,2.381218939962048e-08,0.00031521141067767197,8.73785533664658e-06,0.014235328041480392,0.9845579870952448,47.9,35.3,12.9,3.95,72.2,15.7,38.5,0.5,2.3,3.6,6.6,2.6,2.5,27.8,17.4,2.9,4.0,2.2,1.3,22.3,13.9,16.8,4.1,12.4,26.4,3.9,75.1,39.4,35.7,0.9,11.3,8.1,3.1,11.2,9.4,0.7,0.8,0.3,1.6,E07000203,Mid Suffolk,matched_reference,E07000203,Mid Suffolk
E07000204,St Edmundsbury,0.8372034657698993,-1.7143029896869175,5,0.998650530343591,0.8372034657698993,-1.7143029896869175,0.8655769635537356,-0.6780289252124206,1.6274220550393557,0.20413209846278413,0.00038233029212818195,0.0006168591727480236,0.00026698193774456533,9.411401539006042e-06,7.388685224958457e-05,0.998650530343591,47.3,35.7,12.7,4.26,73.3,15.3,42.5,0.4,1.9,2.6,4.9,3.0,2.6,26.7,15.4,3.1,3.4,2.6,2.3,22.4,14.6,17.2,3.9,12.0,24.6,5.3,66.9,33.7,33.2,0.8,16.0,6.1,9.9,14.8,12.9,0.7,0.8,0.5,1.5,E07000204,St Edmundsbury,matched_reference,E07000204,St Edmundsbury
E07000205,Suffolk Coastal,2.391033352414489,-2.1364530276948788,5,0.989418640281296,2.391033352414489,-2.1364530276948788,-1.4940525920630512,-0.5799673056994817,-0.909668615259577,0.2913870645830339,0.00014735319139096587,1.4964400884496006e-08,0.0021656537900409368,5.153318726891723e-06,0.008263184454144647,0.989418640281296,46.3,35.5,13.8,4.48,69.1,15.9,36.2,0.5,2.3,3.6,5.4,2.7,2.4,30.9,19.4,3.2,3.9,2.6,1.7,21.1,13.5,16.7,4.1,11.3,29.0,4.4,73.2,42.5,30.7,0.4,11.3,1.0,10.4,13.6,12.1,0.5,0.7,0.3,1.5,E07000205,Suffolk Coastal,matched_reference,E07000205,Suffolk Coastal
E07000206,Waveney,3.4876161402620802,2.766782080850238,4,0.7352637749526235,3.4876161402620802,2.766782080850238,-1.8674642963400647,-0.9253375796067577,-0.39829148724338664,1.306610347578934,0.0008274566230241369,2.8584142343402963e-07,1.3112595344853158e-05,4.79707050260047e-06,0.7352637749526235,0.2638905729170811,41.1,36.3,16.1,6.55,65.3,16.4,32.7,0.4,1.7,2.5,4.6,4.5,2.5,34.7,20.3,3.1,4.6,4.6,2.2,29.8,14.2,16.2,5.4,11.7,17.9,4.7,69.4,40.3,29.1,0.4,14.0,8.3,5.7,14.9,13.6,0.2,1.0,0.1,1.3,E07000206,Waveney,matched_reference,E07000206,Waveney
E09000007,Camden,-11.525153609148807,0.48870422973949834,3,0.9999995112781535,-11.525153609148807,0.48870422973949834,-3.517590144924877,0.6825779809715442,-1.0885716261901275,-1.7278180406984198,4.887218478640544e-07,7.291126370426233e-21,6.807041733742053e-42,0.9999995112781535,9.816982141737247e-50,5.991222518632297e-59,53.4,30.6,10.4,5.6,68.1,7.9,38.5,0.5,2.5,3.8,6.7,4.5,3.8,31.9,6.9,13.1,4.5,4.4,3.0,12.7,6.8,7.8,0.8,12.1,50.5,9.2,32.2,17.1,15.1,0.7,33.1,23.0,10.1,32.2,30.5,0.3,1.0,0.5,1.8,E09000007,Camden,matched_reference,E09000007,Camden
E09000001,City of London,-10.892853307150412,-7.099074214007032,3,0.9993870610168344,-10.892853307150412,-7.099074214007032,-4.989981319766874,-0.5902690372303053,1.7981940212143694,-3.6360073868489247,4.0798280201927287e-26,0.0006129389831643058,2.0980807652556382e-70,0.9993870610168344,8.830151057704467e-99,8.452788251733483e-24,55.8,32.2,8.7,3.34,78.8,5.7,51.5,0.5,4.5,3.4,8.1,3.0,2.3,21.2,9.2,5.8,2.4,1.8,2.0,6.7,4.3,6.6,0.7,7.2,68.4,6.2,42.3,24.9,17.4,0.3,16.5,10.4,6.1,35.9,33.1,0.4,1.4,1.0,5.0,E09000001,City of London,matched_reference,E09000001,City of London
E09000012,Hackney,-11.42092066374167,2.6730483712425284,3,0.9999999995626645,-11.42092066374167,2.6730483712425284,-0.9826362585580001,-3.0413795808565194,-0.6127465325937763,-1.7311236358483948,4.3733606011953193e-10,9.222632302871993e-23,6.191670463786591e-40,0.9999999995626645,9.844205105390659e-46,1.2388213674849344e-53,52.2,30.7,10.9,6.21,71.4,11.4,36.6,0.5,1.6,3.4,6.9,7.0,3.9,28.6,5.6,8.8,4.9,5.2,4.1,19.6,9.0,10.0,1.0,9.3,41.8,9.4,23.8,8.5,15.3,2.3,43.7,23.8,19.9,29.0,27.6,0.1,0.9,0.3,1.2,E09000012,Hackney,matched_reference,E09000012,Hackney
E09000013,Hammersmith and Fulham,-11.819143453636729,-0.8103032032225483,3,0.9999999969220195,-11.819143453636729,-0.8103032032225483,-0.8321369268697335,-0.6265819130879187,-0.6648533619470577,-2.400489439600155,3.077981323133247e-09,3.8175927017473245e-17,1.143945870947706e-34,0.9999999969220195,4.084631456083634e-54,4.751443173994496e-47,56.5,29.2,9.4,4.87,74.0,7.6,45.8,0.4,2.1,3.4,6.4,4.9,3.5,26.0,6.3,8.2,4.6,3.9,3.0,12.8,7.0,8.3,1.2,10.7,49.6,10.5,34.0,15.9,18.1,1.6,31.2,15.7,15.4,31.7,30.0,0.2,1.2,0.3,1.5,E09000013,Hammersmith and Fulham,matched_reference,E09000013,Hammersmith and Fulham
E09000014,Haringey,-9.542028608705802,0.7012820203871438,3,0.9999999998196216,-9.542028608705802,0.7012820203871438,-1.4058170335266802,-2.9238521906340127,-1.4579087555405232,0.8006618358646199,1.590451622421709e-10,2.1332903017650617e-11,6.529145809887532e-26,0.9999999998196216,1.29416919152905e-35,4.5795916750992e-45,49.6,33.6,11.2,5.66,71.6,11.2,36.5,0.5,2.0,4.3,7.1,6.1,3.9,28.4,6.9,8.3,5.0,4.4,3.9,17.8,8.7,10.1,1.0,9.6,40.8,12.0,38.8,16.0,22.8,1.5,26.7,17.0,9.8,31.5,30.3,0.1,0.7,0.3,1.5,E09000014,Haringey,matched_reference,E09000014,Haringey
E09000019,Islington,-11.005055289290047,2.197251542917615,3,0.9999998501502644,-11.005055289290047,2.197251542917615,-0.5748278453958366,-0.7600164927076755,-0.42947487025169473,-3.2164493268907406,1.4984973630936833e-07,3.4219376780428444e-27,1.3847489683890557e-40,0.9999998501502644,1.2433815303181707e-43,1.241320305243318e-53,51.6,30.7,11.2,6.43,71.1,8.2,42.3,0.3,1.9,2.9,6.2,5.4,3.8,28.9,6.2,10.0,4.0,5.3,3.4,17.0,8.0,8.4,1.0,9.8,48.1,7.8,28.4,11.3,17.1,1.3,42.1,26.7,15.3,27.0,25.6,0.1,0.9,0.3,1.3,E09000019,Islington,matched_reference,E09000019,Islington
E09000020,Kensington and Chelsea,-12.721631832680888,-2.1496500348520136,3,0.9999999999999947,-12.721631832680888,-2.1496500348520136,-4.898838877530978,-2.4408590060307165,-1.8871132580821781,-2.6410673047780877,1.2739672419968674e-18,5.284011465239097e-15,6.971661071809065e-49,0.9999999999999947,3.436017983447588e-76,5.865704570219671e-53,57.8,28.5,9.1,4.56,69.4,6.8,40.6,0.6,3.7,4.1,7.0,4.3,2.3,30.6,8.0,8.7,6.1,3.6,4.1,10.1,5.8,7.9,0.7,10.0,52.7,12.9,35.7,22.8,12.8,0.9,24.5,9.2,15.4,35.8,34.0,0.4,0.9,0.5,3.1,E09000020,Kensington and Chelsea,matched_reference,E09000020,Kensington and Chelsea
E09000022,Lambeth,-10.68292212539588,-0.22084635270422642,3,0.9999999339675534,-10.68292212539588,-0.22084635270422642,0.8151282445380001,-1.6185978984956353,0.6102580077754144,-1.5769604957656078,6.603234405478213e-08,1.0230881163267834e-13,7.023647713938229e-26,0.9999999339675534,2.1169257402488392e-43,6.523464869565979e-37,52.9,32.1,10.3,4.71,77.1,9.5,46.5,0.4,1.6,3.0,6.3,6.0,3.8,22.9,5.6,6.8,3.5,3.8,3.3,14.2,8.5,9.8,1.1,9.7,46.6,10.1,33.0,11.4,21.6,1.5,35.1,19.6,15.5,29.3,27.7,0.2,1.1,0.4,1.1,E09000022,Lambeth,matched_reference,E09000022,Lambeth
E09000023,Lewisham,-7.326096308122385,1.2678957256020902,3,0.999337494979889,-7.326096308122385,1.2678957256020902,0.8277767057426669,-1.3390406276863107,-0.06834982723060733,0.07269584587503963,0.0006624693864306969,3.563353301841047e-08,1.4765216846191804e-13,0.999337494979889,1.5787059804363642e-19,6.0350381058512266e-27,49.1,34.0,11.7,5.19,73.6,11.7,40.1,0.4,1.6,3.0,5.7,6.2,4.9,26.4,7.3,7.3,4.5,4.3,3.1,17.7,11.1,12.5,1.4,10.8,38.0,8.5,42.4,14.9,27.5,1.2,31.1,15.6,15.5,24.3,23.0,0.1,1.0,0.3,1.0,E09000023,Lewisham,matched_reference,E09000023,Lewisham
E09000025,Newham,-11.040292054548427,4.64511480478167,3,0.9999999997054587,-11.040292054548427,4.64511480478167,-1.0116930467801242,-2.6166163095005412,-0.8322195052578533,3.9647667681485532,2.9454239277770537e-10,1.093913809096829e-28,2.3308535605598293e-49,0.9999999997054587,5.7510651951631825e-37,2.3676666265755944e-95,48.5,34.6,11.3,5.63,67.2,11.5,30.9,0.5,1.5,2.6,4.8,6.9,8.4,32.8,5.8,10.9,7.2,4.2,4.7,20.6,11.4,11.2,1.0,9.9,30.1,15.7,33.3,12.8,20.5,1.8,29.6,18.3,11.3,34.1,32.6,0.1,0.9,0.5,1.2,E09000025,Newham,matched_reference,E09000025,Newham
E09000028,Southwark,-10.771180177286764,1.8550266554743906,3,0.9999912605322491,-10.771180177286764,1.8550266554743906,1.2065640008478742,-0.43907330163203545,0.5113108322637654,-2.050602873927718,8.7394677516706e-06,2.3136362602587325e-21,4.569333956372995e-31,0.9999912605322491,8.42366545443836e-39,3.673315547792625e-46,53.5,31.2,10.4,4.9,73.0,9.9,42.2,0.3,1.6,2.7,5.4,6.0,4.9,27.0,5.8,9.9,3.8,4.3,3.3,16.3,9.4,10.2,1.1,10.5,43.1,9.3,29.3,9.8,19.5,2.0,43.7,31.2,12.5,23.7,22.2,0.2,0.9,0.3,1.2,E09000028,Southwark,matched_reference,E09000028,Southwark
E09000030,Tower Hamlets,-12.461527094722442,3.673690761883411,3,0.9999999979900878,-12.461527094722442,3.673690761883411,-0.275842581838922,-2.6243064658634667,-0.09238604988797966,-0.01138398306492603,2.0099127453607524e-09,8.464233541346038e-25,1.039400953751009e-42,0.9999999979900878,1.3153394528489866e-46,3.2905164048522566e-69,50.6,32.7,10.7,6.04,69.8,9.6,39.7,0.5,1.2,2.1,4.5,6.7,5.5,30.2,4.7,9.9,7.0,4.5,4.0,20.0,9.3,8.7,0.9,10.1,41.0,10.0,24.2,8.5,15.7,2.4,39.6,17.3,22.3,32.6,30.8,0.1,1.0,0.6,1.2,E09000030,Tower Hamlets,matched_reference,E09000030,Tower Hamlets
E09000032,Wandsworth,-10.432292099654772,-3.289814899300361,3,0.9999931095552927,-10.432292099654772,-3.289814899300361,0.9321290176385706,-0.14752389656390816,-1.007664924379479,-1.8974838934498994,6.66568064090219e-06,2.2476406587957377e-07,7.209701467766237e-18,0.9999931095552927,5.328892227471402e-45,3.548434649625409e-30,57.4,29.9,8.9,3.77,77.9,7.8,50.9,0.4,2.2,3.2,6.4,3.8,3.3,22.1,6.2,6.0,4.3,2.9,2.7,11.6,6.6,8.4,1.0,10.0,53.6,8.9,45.5,18.4,27.1,1.5,20.3,12.8,7.5,31.7,30.0,0.2,1.2,0.2,1.0,E09000032,Wandsworth,matched_reference,E09000032,Wandsworth
E09000033,Westminster,-12.780492985058348,0.06056802494746133,3,1.0,-12.780492985058348,0.06056802494746133,-4.657220980018597,-2.2166499393039953,-0.642249511813547,-1.964473560509703,4.740927876973237e-17,8.186362089555389e-21,4.1813547730918983e-54,1.0,5.8247670669211836e-68,9.041661436219712e-59,54.2,30.0,10.0,5.81,68.6,7.2,41.5,0.6,2.8,3.1,6.0,4.5,2.8,31.4,6.8,10.2,5.4,4.8,4.1,12.8,6.6,7.8,0.8,9.2,50.3,12.6,30.5,17.7,12.9,0.8,25.9,11.9,14.0,39.7,37.6,0.4,1.0,0.6,3.1,E09000033,Westminster,matched_reference,E09000033,Westminster
E09000002,Barking and Dagenham,-4.995883548330332,5.019072718537533,3,0.9982518754908015,-4.995883548330332,5.019072718537533,1.4394056501953783,-3.618739553733826,-0.15261299041383503,0.5316420367890086,0.0017481182974722232,5.752793527382703e-10,5.337069696814276e-15,0.9982518754908015,5.636441455259266e-09,7.384787086489688e-24,47.2,33.7,12.9,6.09,67.7,12.2,34.9,0.4,1.5,2.4,4.7,7.3,4.3,32.3,8.6,7.4,7.4,5.1,3.7,27.9,15.2,15.0,2.1,9.3,20.9,9.7,46.4,17.1,29.3,1.3,33.7,28.4,5.3,17.7,16.6,0.1,0.8,0.3,1.0,E09000002,Barking and Dagenham,matched_reference,E09000002,Barking and Dagenham
E09000003,Barnet,-6.239847805999246,-2.4155655962771054,3,0.9999968611609699,-6.239847805999246,-2.4155655962771054,-2.2192352455785005,-2.052227081273037,-2.612989205873787,0.9630953247174476,7.699082063664983e-09,3.131135354021194e-06,4.593496513209517e-12,0.9999968611609699,1.4614740720610786e-25,1.0512349108745087e-22,51.5,33.0,11.0,4.56,71.4,11.8,36.1,0.7,3.0,4.6,7.3,4.4,3.5,28.6,8.9,8.2,5.5,3.1,3.0,15.5,9.7,12.1,1.3,10.2,40.3,10.9,57.6,28.0,29.6,0.9,14.2,8.6,5.6,25.6,24.4,0.2,0.8,0.3,1.6,E09000003,Barnet,matched_reference,E09000003,Barnet
E09000004,Bexley,1.1458570707084061,-0.2100404064633707,5,0.6495390552375616,1.1458570707084061,-0.2100404064633707,2.7602049887092974,-0.6459279610870243,-0.7393472847013817,0.35159313741834275,0.006018918507124334,0.0004576616304958353,0.33193896337918344,0.001092650031100897,0.010952751214534026,0.6495390552375616,48.0,34.7,12.5,4.83,71.6,13.9,40.3,0.3,1.6,2.2,5.7,4.4,3.2,28.4,13.2,5.5,4.6,3.0,2.0,23.0,16.8,17.7,3.8,11.6,21.8,5.4,72.5,32.5,40.0,0.8,14.4,1.8,12.6,11.4,10.5,0.0,0.7,0.1,0.8,E09000004,Bexley,matched_reference,E09000004,Bexley
E09000005,Brent,-8.746401311897184,1.0786684806883087,3,0.9999999999967937,-8.746401311897184,1.0786684806883087,-1.7428549784642855,-3.6056417737824473,-1.4460263097364376,2.2311814893904094,2.7195623880525857e-12,4.859235478820911e-13,3.930338521873854e-27,0.9999999999967937,1.1470523568483799e-30,1.5824607937372641e-50,48.1,34.8,11.8,5.34,70.2,11.0,35.8,0.6,2.2,3.5,6.6,5.8,4.7,29.8,8.0,8.5,5.6,3.9,3.9,19.2,10.4,10.9,1.2,9.7,33.3,15.4,42.9,20.3,22.6,1.5,24.1,9.7,14.4,30.1,28.8,0.1,0.8,0.4,1.4,E09000005,Brent,matched_reference,E09000005,Brent
E09000006,Bromley,-0.592208421604087,-2.426676874387079,2,0.954956060499874,-0.592208421604087,-2.426676874387079,1.6762680528806413,-0.8028624109174135,-1.8438858747424105,-0.48209236450790005,0.00047966250892276857,9.773285684830564e-05,0.954956060499874,0.0001574824062971163,3.434536725873916e-08,0.0443090273826901,50.1,34.1,11.7,4.11,72.5,13.0,41.1,0.4,2.2,3.2,6.2,3.9,2.5,27.5,13.3,4.8,4.8,2.7,1.9,17.9,13.6,16.1,2.7,11.5,33.1,5.1,70.9,33.4,37.5,0.8,14.1,1.5,12.6,13.3,12.4,0.1,0.6,0.1,0.9,E09000006,Bromley,matched_reference,E09000006,Bromley
E09000008,Croydon,-3.592870640728202,0.048327775608500906,3,0.9800364045852206,-3.592870640728202,0.048327775608500906,1.6333317189204013,-1.3740399496605182,-0.4707171880132932,1.4429055484943494,0.017629886909395306,0.0013255067878425602,0.001007965664842835,0.9800364045852206,2.360520646009601e-07,6.340390370932393e-13,48.0,35.4,12.0,4.59,72.3,12.6,40.2,0.4,1.8,2.7,5.4,5.5,3.8,27.7,9.9,6.3,5.0,3.5,2.8,17.6,13.8,15.2,2.1,11.4,31.8,8.0,58.8,24.1,34.7,1.3,17.9,9.9,7.9,21.0,19.8,0.1,0.8,0.2,1.1,E09000008,Croydon,matched_reference,E09000008,Croydon
E09000009,Ealing,-8.009114815161618,-0.21494386252798178,3,0.9999999977438705,-8.009114815161618,-0.21494386252798178,-0.3310537658459381,-3.0744245986637018,-1.660978210603133,1.936091086695789,1.0736877474603536e-09,1.182442295097199e-09,1.538942215516348e-18,0.9999999977438705,1.3290302475896107e-28,4.220083816445469e-41,49.2,34.5,11.4,5.0,71.5,10.2,39.7,0.5,1.9,3.5,6.5,5.2,3.9,28.5,8.3,7.4,5.8,3.6,3.5,16.5,9.9,10.5,1.4,9.6,37.0,15.1,51.1,22.9,28.2,1.8,18.1,10.5,7.6,27.5,26.4,0.1,0.8,0.3,1.5,E09000009,Ealing,matched_reference,E09000009,Ealing
E09000010,Enfield,-4.052697827616192,1.573920304205068,3,0.9999943654315053,-4.052697827616192,1.573920304205068,-0.7030666980515032,-2.68976349589829,-1.731239423376715,1.6746962074116714,9.460433075348773e-07,4.688520604756163e-06,1.8424582486632716e-13,0.9999943654315053,4.398086116728885e-12,8.878182642951934e-19,46.8,35.0,12.7,5.45,68.4,13.0,34.5,0.6,2.1,3.1,5.4,5.9,3.8,31.6,9.8,7.7,6.0,4.1,3.9,23.0,12.9,13.8,1.9,10.5,28.7,9.2,57.9,26.2,31.7,0.9,17.6,11.4,6.2,22.2,21.2,0.1,0.7,0.2,1.4,E09000010,Enfield,matched_reference,E09000010,Enfield
E09000011,Greenwich,-6.950953832581685,2.4151378983961878,3,0.998294712417334,-6.950953832581685,2.4151378983961878,1.1131523464738187,-1.4898719249832666,-0.13132923499864826,-0.5941007562756464,0.0017052870985692116,4.84090355169014e-10,6.336588328501509e-15,0.998294712417334,3.5323044868911033e-17,4.8970614386567334e-26,50.1,32.9,11.5,5.36,70.7,11.1,38.5,0.4,1.7,2.5,5.2,6.2,5.2,29.3,8.4,7.5,5.1,4.6,3.6,20.6,12.0,13.1,1.9,10.7,33.2,8.5,43.3,16.4,26.9,1.6,34.3,22.6,11.7,19.8,18.5,0.2,0.8,0.3,1.1,E09000011,Greenwich,matched_reference,E09000011,Greenwich
E09000015,Harrow,-4.027715237250728,-1.5642836335193098,3,0.9999985755762835,-4.027715237250728,-1.5642836335193098,-0.8414780423735573,-1.838811490406698,-2.0489335552378334,2.195715802542099,1.4027167316518702e-06,2.0005516997766674e-08,1.7014155721483967e-09,0.9999985755762835,5.2416410843844013e-14,1.3961896642536644e-19,47.6,36.0,11.9,4.57,70.6,12.3,37.5,0.6,2.6,3.3,6.3,4.5,3.7,29.4,10.4,7.7,5.5,2.9,2.9,16.8,10.9,12.8,1.7,10.4,36.8,10.7,65.3,31.1,34.1,1.0,10.6,6.1,4.5,21.7,20.4,0.2,0.8,0.3,1.4,E09000015,Harrow,matched_reference,E09000015,Harrow
E09000016,Havering,1.937269310781398,0.12249737100683447,5,0.764137355719383,1.937269310781398,0.12249737100683447,2.119837335226674,-1.3126587297146806,-0.6567359114651179,0.6432791449051357,0.006453800436110393,3.3724078705438526e-05,0.20040622717368387,0.001031406334224233,0.027937486257892545,0.764137355719383,46.0,35.6,13.3,5.16,71.1,13.7,39.7,0.4,1.8,2.4,5.9,4.5,2.7,28.9,14.3,4.6,4.9,3.2,2.0,26.4,16.7,17.4,3.8,11.3,19.4,5.0,73.8,35.6,38.1,0.6,14.2,10.8,3.4,10.6,9.9,0.1,0.6,0.1,0.8,E09000016,Havering,matched_reference,E09000016,Havering
E09000017,Hillingdon,-3.291727283016814,-0.17759364512115944,0,0.5753840009815088,-3.291727283016814,-0.17759364512115944,1.883272460960047,-0.13368173712319595,-0.24467442974243503,1.6648845305837063,0.5753840009815088,0.0002163235847475129,0.0023468043314362596,0.42204393461624634,8.936485927132517e-06,1.3376313595360798e-13,48.8,35.3,11.5,4.44,70.8,11.9,40.4,0.4,1.7,2.4,4.9,4.3,4.8,29.2,10.2,8.4,5.2,2.9,2.5,19.1,14.0,14.2,2.9,12.5,28.0,9.2,62.9,27.9,35.0,1.3,16.7,10.5,6.3,18.1,16.7,0.4,0.6,0.4,1.0,E09000017,Hillingdon,matched_reference,E09000017,Hillingdon
E09000018,Hounslow,-7.282474897011716,-0.08689153985643883,3,0.9999986389263132,-7.282474897011716,-0.08689153985643883,1.212844309659659,-2.902624790456605,-0.7947311362925429,1.8545950593219716,1.175394920928047e-06,1.8567453886914622e-07,4.22759747804137e-12,0.9999986389263132,3.4380963766109034e-22,1.292610898151682e-34,49.0,35.1,11.2,4.69,72.5,10.8,41.9,0.5,1.8,2.9,5.6,4.6,4.4,27.5,8.3,6.7,5.9,3.4,3.2,17.3,11.7,11.5,1.7,9.8,34.6,13.4,50.1,21.1,29.0,2.4,22.8,15.1,7.8,23.4,22.2,0.1,0.8,0.3,1.3,E09000018,Hounslow,matched_reference,E09000018,Hounslow
E09000021,Kingston upon Thames,-5.013357556235146,-2.7297170216202247,0,0.9994206541498006,-5.013357556235146,-2.7297170216202247,0.8822288449163378,1.9975516956596917,-1.304929239743972,1.0945052773657893,0.9994206541498006,8.148445451105496e-10,2.771512369550876e-07,0.0005790678841024446,1.4700312886398536e-14,7.312384416150907e-23,52.7,33.5,10.3,3.56,73.0,11.4,41.4,0.4,2.0,3.3,6.0,3.2,5.3,27.0,9.4,8.6,4.7,2.2,2.1,13.4,9.8,12.2,2.0,13.5,41.4,7.8,64.1,27.9,36.2,0.7,11.8,8.3,3.5,22.5,21.0,0.3,0.8,0.4,1.0,E09000021,Kingston upon Thames,matched_reference,E09000021,Kingston upon Thames
E09000024,Merton,-5.97114581888365,-2.438170490270781,3,0.9981986565268159,-5.97114581888365,-2.438170490270781,0.9501190081909432,-1.422283036620237,-1.6929658313704297,0.6021420784515877,0.00024069999814150346,0.0015242848509246856,3.6358624117869724e-05,0.9981986565268159,3.114265328046394e-20,2.1661287450009696e-17,52.0,33.6,10.5,3.85,74.9,11.0,44.0,0.4,2.1,3.4,6.5,4.1,3.4,25.1,8.6,6.1,5.3,2.5,2.6,15.2,9.9,11.7,1.7,9.9,41.1,10.6,59.3,25.6,33.7,0.9,14.1,3.7,10.4,24.8,23.5,0.1,1.0,0.2,1.0,E09000024,Merton,matched_reference,E09000024,Merton
E09000026,Redbridge,-4.438260210845309,0.04693302788456093,3,0.9999999053863933,-4.438260210845309,0.04693302788456093,-0.5356335775106139,-2.166596776955777,-2.4335830231641853,2.321184890595023,5.053733939459255e-08,4.407626244883542e-08,4.1764340474849505e-15,0.9999999053863933,4.5929382608678207e-17,1.1642209489687561e-23,48.1,35.0,12.0,4.9,69.0,12.0,35.9,0.6,2.4,3.1,5.6,5.3,4.1,31.0,9.5,8.1,6.6,3.3,3.4,18.5,12.2,13.1,1.7,10.3,33.9,10.3,63.6,28.2,35.4,1.0,11.4,6.3,5.1,22.9,21.6,0.1,0.9,0.2,1.2,E09000026,Redbridge,matched_reference,E09000026,Redbridge
E09000027,Richmond upon Thames,-6.12938989932337,-5.577108811410358,1,0.9670983637520467,-6.12938989932337,-5.577108811410358,0.1319935567271683,0.03520678741622848,-2.9474781354465365,-2.066100311606227,0.0004982988892250717,0.9670983637520467,0.009403984117375471,0.022999352843539756,3.890267763463581e-30,3.978127471084417e-10,57.3,30.5,8.9,3.22,75.5,10.3,44.6,0.5,2.6,4.5,7.2,3.0,2.7,24.5,10.0,5.4,5.1,2.0,2.0,10.6,7.4,10.6,1.5,10.6,53.0,6.2,63.6,29.8,33.8,0.8,12.6,3.1,9.5,21.8,20.6,0.2,0.8,0.3,1.2,E09000027,Richmond upon Thames,matched_reference,E09000027,Richmond upon Thames
E09000029,Sutton,-1.0083838754853407,-1.9631617930314424,2,0.9856354056093493,-1.0083838754853407,-1.9631617930314424,2.6154516949347406,-0.6969864134405545,-0.5769539075729154,0.8555992746376765,0.007814475607652865,0.0003217075427854034,0.9856354056093493,0.004263003275776492,9.505763662141366e-05,0.0018703503278140225,48.7,35.5,11.6,4.1,75.0,13.3,43.3,0.4,1.9,2.9,6.2,3.9,3.0,25.0,11.1,4.7,4.5,2.8,1.9,18.6,14.2,16.1,2.9,11.8,30.1,6.3,68.0,28.6,39.4,0.8,14.6,8.2,6.4,15.9,14.9,0.1,0.8,0.1,0.7,E09000029,Sutton,matched_reference,E09000029,Sutton
E09000031,Waltham Forest,-6.425239425984689,1.3641380903975298,3,0.9999999826295448,-6.425239425984689,1.3641380903975298,-0.06057549885409459,-3.2140978216084797,-1.2879299311249417,2.3495984506514036,1.48143681682681e-08,2.556087778819945e-09,5.362262765988567e-18,0.9999999826295448,1.7266795628789974e-19,1.0297611276751767e-35,47.1,35.6,12.1,5.23,70.7,11.5,36.3,0.5,1.8,3.4,6.7,6.1,4.4,29.3,8.0,8.0,6.0,3.8,3.6,20.8,12.3,12.7,1.7,10.0,30.0,12.5,49.9,20.0,29.9,1.1,22.1,10.7,11.3,25.9,24.7,0.1,0.8,0.3,1.0,E09000031,Waltham Forest,matched_reference,E09000031,Waltham Forest
E06000036,Bracknell Forest UA,-0.9632148596771664,-3.5717189573819756,5,0.9995449304279214,-0.9632148596771664,-3.5717189573819756,4.617274763239696,0.05045879957632771,1.5680537442070903,-0.6715015618341835,5.976312140435928e-05,0.00036421624558050976,2.62253904591001e-05,4.75806421182357e-06,1.0675042263286467e-07,0.9995449304279214,52.4,34.3,10.1,3.25,78.4,13.3,49.0,0.3,1.5,2.5,5.5,3.4,2.8,21.6,10.2,3.6,4.2,2.1,1.5,16.3,15.3,16.9,3.4,12.7,30.3,5.1,68.5,24.9,43.6,1.1,16.7,5.7,11.1,12.5,10.6,0.6,0.8,0.4,1.1,E06000036,Bracknell Forest,matched_reference,E06000036,Bracknell Forest
E06000043,Brighton and Hove UA,-4.94514017317634,-0.4613229228220457,0,0.9999999989346353,-4.94514017317634,-0.4613229228220457,-1.5719014921722014,3.2609746881929813,-0.30048188438213713,2.21689657264334,0.9999999989346353,7.061416436963075e-24,5.380587103813029e-19,1.0653640520753113e-09,8.558171770127563e-17,7.788530842046673e-45,49.3,33.6,11.8,5.28,71.6,13.0,36.1,0.4,2.0,3.8,6.7,3.7,5.8,28.4,9.3,9.8,3.4,4.2,1.7,16.1,11.0,12.6,2.1,16.0,36.9,5.4,53.3,23.4,29.9,0.9,15.0,9.8,5.1,29.6,28.0,0.1,1.3,0.2,1.3,E06000043,Brighton and Hove,matched_reference,E06000043,Brighton and Hove
E06000046,Isle of Wight UA,2.9946742257690615,1.7914008494880564,4,0.5025311987284167,2.9946742257690615,1.7914008494880564,-3.6250725270605555,-1.0278684897245756,-0.8792703163503571,2.018218719133825,4.515153794294741e-06,6.220266729789003e-10,1.188103273457849e-09,1.9623013133409742e-06,0.5025311987284167,0.4974623220063464,40.8,36.5,16.2,6.48,64.4,15.8,30.4,0.5,2.1,3.3,5.7,4.4,2.2,35.6,20.5,3.7,3.9,4.5,3.0,24.3,14.6,16.8,5.0,12.2,22.6,4.5,70.1,41.1,29.0,0.6,10.7,1.0,9.7,17.4,15.8,0.2,1.3,0.2,1.2,E06000046,Isle of Wight,matched_reference,E06000046,Isle of Wight
E06000035,Medway UA,0.8640770645677525,0.8530040728184336,4,0.6458821343397025,0.8640770645677525,0.8530040728184336,2.2549451979642905,-0.6287672039970695,1.0184974048155497,1.8433056665477514,0.02940873931129883,0.0003916773817587232,0.32335181113976463,0.0007481158401516095,0.6458821343397025,0.00021752198732381717,45.7,36.3,13.0,5.03,71.1,14.0,40.1,0.3,1.4,1.9,5.1,4.9,3.4,28.9,12.7,5.1,5.2,3.8,2.1,22.9,16.9,18.4,4.7,12.7,19.1,5.3,67.7,28.9,38.8,1.0,13.2,3.9,9.3,17.1,15.7,0.3,0.9,0.3,1.0,E06000035,Medway,matched_reference,E06000035,Medway
E06000042,Milton Keynes UA,-3.5769305043963113,-1.6484154760289402,2,0.9962872333309039,-3.5769305043963113,-1.6484154760289402,5.191612339320552,-1.9389353250386934,1.3401575305108697,2.1314085428340968,0.002893827661435028,0.00020441069277250687,0.9962872333309039,0.0006145143766606313,1.3938227811814748e-08,5.484700616160995e-18,50.2,34.9,10.8,4.13,75.9,13.0,46.3,0.3,1.4,2.2,4.8,4.8,3.1,24.1,10.3,3.9,4.6,3.2,2.1,18.0,15.9,16.7,3.4,11.5,28.2,6.3,57.7,21.5,36.3,6.1,18.0,11.0,7.1,17.3,16.2,0.1,0.9,0.2,0.9,E06000042,Milton Keynes,matched_reference,E06000042,Milton Keynes
E06000044,Portsmouth UA,-2.9151148704597745,2.202187240835594,0,0.9999999999999982,-2.9151148704597745,2.202187240835594,0.23888638537469045,4.2210864000142685,2.397019666331293,2.5561696885517007,0.9999999999999982,1.1035455550350371e-24,1.8150361042958518e-17,1.9396044855376854e-15,8.352185586795878e-19,1.2039344827938453e-47,47.7,34.8,12.4,5.05,68.9,13.4,37.6,0.2,1.3,1.6,4.3,4.3,6.1,31.1,10.7,10.7,4.1,3.8,1.9,21.2,13.1,15.0,3.9,18.0,23.7,5.1,54.9,24.1,30.7,1.0,18.3,11.7,6.6,24.7,22.3,0.6,1.3,0.5,1.2,E06000044,Portsmouth,matched_reference,E06000044,Portsmouth
E06000038,Reading UA,-5.393233591840552,-0.18267363508017062,0,0.9998192351248925,-5.393233591840552,-0.18267363508017062,2.6704182889931753,1.3031175967109072,0.6762950265371819,2.130536486358428,0.9998192351248925,2.5299982360195144e-11,2.1608523891791924e-08,0.00018074324007915025,1.2048872449146757e-12,1.5341246914842689e-31,50.2,35.3,10.8,3.75,73.9,11.9,44.6,0.2,1.2,2.0,4.6,4.6,5.0,26.1,8.6,8.0,4.6,2.8,2.2,17.4,12.2,12.3,2.5,13.4,34.8,7.4,54.8,22.6,32.2,1.8,16.3,10.1,6.2,26.1,24.7,0.1,1.0,0.3,1.0,E06000038,Reading,matched_reference,E06000038,Reading
E06000039,Slough UA,-5.6479668517353465,1.2203471006473365,3,0.9999169457871516,-5.6479668517353465,1.2203471006473365,2.7237518567203507,-3.3834243198913128,0.06777514279953792,2.5919213294672425,8.022977730273098e-05,2.807962058876703e-06,1.647326465976011e-08,0.9999169457871516,2.2141732811424835e-13,6.912273748251308e-32,47.9,36.0,11.6,4.49,73.5,11.8,43.4,0.4,1.4,2.5,4.6,5.4,3.9,26.5,7.5,5.8,6.5,3.4,3.4,20.1,14.7,13.4,2.2,10.1,25.8,13.7,52.7,18.7,34.0,1.4,20.6,13.1,7.5,24.3,23.1,0.1,0.9,0.2,1.0,E06000039,Slough,matched_reference,E06000039,Slough
E06000045,Southampton UA,-4.137225339646716,3.0907448227441634,0,0.9999999999999201,-4.137225339646716,3.0907448227441634,0.7608716308639449,3.90957044880837,1.4069316517270019,2.5325465931756073,0.9999999999999201,1.446277310833099e-26,1.0264473024577789e-21,8.027971899739603e-14,7.456409957867472e-20,5.895714552433617e-55,47.6,35.0,12.4,5.1,68.4,12.7,37.8,0.2,1.1,1.6,4.2,4.2,6.5,31.6,9.9,11.6,4.1,4.1,2.0,21.0,12.9,13.9,3.7,17.3,24.6,6.6,49.7,21.7,28.1,1.0,23.3,16.9,6.3,24.9,23.4,0.1,1.1,0.3,1.1,E06000045,Southampton,matched_reference,E06000045,Southampton
E06000037,West Berkshire UA,-0.2866025442208997,-4.029881989208072,5,0.9995707109297228,-0.2866025442208997,-4.029881989208072,2.6331571300419356,-0.1346126362988903,0.8189198767140377,-0.6500948124670244,0.00026074052672314587,3.6814144514783167e-05,0.00011766364755315224,1.3638054648811078e-05,4.3269683782178265e-07,0.9995707109297228,51.6,34.5,10.7,3.16,76.2,13.9,45.6,0.3,2.0,3.0,5.9,2.9,2.5,23.8,12.6,3.4,4.3,2.2,1.4,17.2,14.2,16.2,3.9,12.2,32.1,4.3,69.7,31.2,38.5,1.1,13.8,0.9,12.9,13.7,12.0,0.7,0.7,0.3,1.6,E06000037,West Berkshire,matched_reference,E06000037,West Berkshire
E06000040,Windsor and Maidenhead UA,-2.4010911429425077,-4.670048305805116,5,0.9521198854135463,-2.4010911429425077,-4.670048305805116,0.8654448906400288,-0.3724649137689038,0.11530403969917667,-1.9848011757932817,0.003996937596874975,0.0166832595207072,1.4305248511800317e-05,0.02718561222012458,2.354333041012957e-13,0.9521198854135463,54.5,32.2,9.8,3.43,74.5,12.2,44.4,0.4,2.2,3.5,6.2,3.2,2.3,25.5,12.8,4.4,4.8,1.8,1.7,15.6,11.6,14.4,3.0,11.2,38.4,5.8,68.0,32.6,35.4,0.6,13.3,1.2,12.1,16.2,13.9,1.0,0.6,0.6,1.9,E06000040,Windsor and Maidenhead,matched_reference,E06000040,Windsor and Maidenhead
E06000041,Wokingham UA,-0.2416015320085956,-5.093547415487469,5,0.9605113344792222,-0.2416015320085956,-5.093547415487469,3.6354725837386956,1.6335125455470876,-1.1673766915295272,-0.5971434426323761,0.006027782974552445,1.1766631286178436e-05,0.03343209920094493,9.217309284868177e-06,7.799404708891602e-06,0.9605113344792222,54.3,33.6,9.4,2.75,75.6,13.6,45.7,0.3,1.8,3.0,5.6,2.6,3.0,24.4,13.3,4.0,4.3,1.6,1.2,13.2,11.8,15.1,3.4,12.4,40.0,4.2,79.7,35.6,44.2,1.1,7.0,4.7,2.3,11.2,9.9,0.4,0.6,0.2,0.9,E06000041,Wokingham,matched_reference,E06000041,Wokingham
E07000004,Aylesbury Vale,-0.257492386727523,-3.6687387514551384,5,0.9423050356491567,-0.257492386727523,-3.6687387514551384,1.9845236559191175,-0.1153455409537387,0.004129687796374204,-0.27264079308056105,0.0021098576465599485,3.412186412550092e-05,0.05543546907729028,8.726847613794475e-05,2.824728672978299e-05,0.9423050356491567,51.4,34.2,11.0,3.46,75.1,14.0,43.2,0.4,2.1,3.3,6.4,3.1,2.7,24.9,12.4,4.1,4.2,2.2,1.9,17.4,13.8,16.5,3.6,12.2,32.0,4.6,71.6,31.1,40.5,0.9,12.9,3.4,9.6,13.3,11.7,0.5,0.8,0.3,1.3,E07000004,Aylesbury Vale,matched_reference,E07000004,Aylesbury Vale
E07000005,Chiltern,-0.2831199261440228,-5.063664459446223,2,0.9998532886719594,-0.2831199261440228,-5.063664459446223,0.4446707890303443,-0.2199709190053478,-3.6025571330580433,-1.5319969835043943,2.331596002546027e-06,2.2098011881280103e-07,0.9998532886719594,4.6306618178363906e-08,2.4899048910956338e-17,0.0001441124453015793,53.8,32.8,10.2,3.22,71.9,13.6,38.4,0.5,2.8,4.7,6.7,2.7,2.5,28.1,15.4,4.2,5.1,1.9,1.6,14.7,10.7,15.1,3.3,11.1,41.0,4.2,76.9,41.1,35.8,0.7,12.4,1.8,10.6,9.0,8.2,0.2,0.4,0.1,1.0,E07000005,Chiltern,matched_reference,E07000005,Chiltern
E07000006,South Bucks,-1.1660328826408652,-4.975037080082579,2,0.9866181900468005,-1.1660328826408652,-4.975037080082579,0.08733400263289304,-1.1631340202546754,-2.0676068600325994,-1.1640846646173018,0.0001861873413472222,5.065193532050816e-06,0.9866181900468005,0.00010391189003264551,1.6554405150626799e-13,0.013086645528122436,52.4,33.3,10.5,3.77,72.3,11.8,41.1,0.6,3.4,3.7,6.6,2.7,2.4,27.7,14.5,4.5,5.1,1.8,1.8,16.5,11.8,14.8,3.4,11.1,36.9,5.5,73.4,38.1,35.3,1.5,12.3,1.0,11.3,11.4,10.0,0.5,0.5,0.3,1.4,E07000006,South Bucks,matched_reference,E07000006,South Bucks
E07000007,Wycombe,-1.4203803038437104,-3.3984396039891154,2,0.72787762409247,-1.4203803038437104,-3.3984396039891154,1.3267423453641736,0.3619541950552321,0.14822183857573382,0.24203917614395135,0.11385674208839415,0.001927475831759472,0.72787762409247,0.0071448397239403105,0.00015176754744015698,0.14904155071599662,51.6,34.2,10.8,3.49,73.5,12.9,41.6,0.4,1.9,3.6,6.2,3.2,3.6,26.5,12.7,5.1,4.9,2.0,1.8,17.4,12.5,15.2,3.6,12.4,33.6,5.4,69.7,32.3,37.4,1.0,12.7,8.5,4.2,15.2,13.1,0.8,0.7,0.5,1.4,E07000007,Wycombe,matched_reference,E07000007,Wycombe
E07000061,Eastbourne,0.26087931109832935,1.4189343439419484,4,0.9777706156613776,0.26087931109832935,1.4189343439419484,-1.6601329183649765,0.18366294817889148,0.28389519971429605,1.9683840216500705,0.022117809337482853,2.236521624440443e-07,5.85598644044695e-06,0.00010519361034557984,0.9777706156613776,3.017521912000657e-07,43.1,35.4,15.3,6.19,68.0,14.8,35.0,0.4,1.6,2.7,5.6,4.1,3.8,32.0,16.8,5.2,3.8,4.5,1.8,23.2,13.8,16.6,3.5,12.6,24.4,5.8,61.7,33.5,28.3,0.7,13.2,7.4,5.8,23.3,21.7,0.4,1.0,0.3,1.1,E07000061,Eastbourne,matched_reference,E07000061,Eastbourne
E07000062,Hastings,-0.2057049364015295,3.441631117074833,4,0.9995727230220499,-0.2057049364015295,3.441631117074833,-1.8848381484468058,-1.7470360688537268,0.4602093275367317,2.3389421989894332,0.00018629452805554419,3.0040701731118165e-07,3.1096725515996065e-09,0.00024067425533953315,0.9995727230220499,4.6778653829110465e-09,40.5,36.2,15.8,7.44,67.8,14.8,33.5,0.3,1.6,3.0,6.2,5.5,2.8,32.2,14.3,4.1,4.7,6.6,2.5,25.4,15.8,17.5,3.0,12.1,21.2,5.0,55.2,26.9,28.3,0.5,14.5,1.9,12.7,28.8,27.2,0.2,1.2,0.2,1.0,E07000062,Hastings,matched_reference,E07000062,Hastings
E07000063,Lewes,1.7621426592226315,-1.2056618217079818,5,0.8578060950893216,1.7621426592226315,-1.2056618217079818,-1.535464056981467,-0.31083141652880447,-1.14509683778053,1.2107598937811905,0.000685275014226709,4.672667166183589e-08,0.001039321725853975,0.00017366609098430077,0.14029559535294178,0.8578060950893216,44.8,35.5,14.3,5.38,69.6,15.3,34.3,0.4,2.2,4.2,7.0,3.3,2.7,30.4,17.6,3.7,3.9,3.5,1.8,21.5,13.8,15.7,3.4,11.8,29.4,4.4,72.7,39.8,32.8,0.7,10.9,7.6,3.3,14.5,13.2,0.2,1.0,0.2,1.3,E07000063,Lewes,matched_reference,E07000063,Lewes
E07000064,Rother,3.226248120235983,-0.03165575578088366,5,0.9999567623410912,3.226248120235983,-0.03165575578088366,-4.538085823402422,-1.6210536241994236,-2.2598454778357024,1.4068074699343214,1.4587518584201212e-09,8.285139704172833e-13,3.8358723984287424e-11,8.781457041637217e-08,4.314834640001636e-05,0.9999567623410912,40.6,36.6,16.5,6.34,63.4,13.8,29.4,0.6,2.5,4.2,7.5,3.2,2.1,36.6,22.5,3.8,4.3,4.1,1.9,24.7,13.8,16.5,3.8,11.2,25.5,4.6,73.5,45.4,28.1,0.5,10.4,1.7,8.6,14.0,12.7,0.3,0.9,0.2,1.5,E07000064,Rother,matched_reference,E07000064,Rother
E07000065,Wealden,2.4459020953993957,-3.3507399786943424,5,0.9979538775224976,2.4459020953993957,-3.3507399786943424,-1.557917664721572,-0.28782622826507703,-1.6582859342313039,0.9202952761239992,0.00013086809559433079,2.4167056969312213e-11,0.0006086553582106564,3.10003964301268e-05,0.0012755986030993946,0.9979538775224976,47.6,34.9,13.0,4.45,70.1,14.8,34.4,0.5,2.8,4.6,7.9,2.5,2.6,29.9,18.0,3.4,4.3,2.7,1.5,19.9,13.8,17.3,3.7,12.2,28.9,4.1,78.7,42.3,36.5,0.8,7.7,4.7,3.0,11.1,9.9,0.2,0.9,0.2,1.7,E07000065,Wealden,matched_reference,E07000065,Wealden
E07000084,Basingstoke and Deane,-0.41153746443371997,-3.105385303914622,5,0.965732890864159,-0.41153746443371997,-3.105385303914622,4.0517955320626,-0.24189557845191617,0.43849211767868557,-0.6469868514585922,0.0009261419748556836,0.00010349290251880224,0.03317877746966679,2.8799924963236355e-05,2.9896863836537068e-05,0.965732890864159,50.7,35.1,10.8,3.46,76.9,13.4,47.9,0.3,1.5,2.5,5.2,3.2,2.8,23.1,12.5,2.7,4.0,2.4,1.4,17.3,14.7,16.4,3.8,12.6,30.5,4.7,67.7,28.2,39.6,1.4,17.8,0.8,17.0,11.8,10.8,0.2,0.7,0.1,1.3,E07000084,Basingstoke and Deane,matched_reference,E07000084,Basingstoke and Deane
E07000085,East Hampshire,0.6214946967957131,-4.238417036903152,5,0.9938868636087536,0.6214946967957131,-4.238417036903152,0.5404562809733524,0.3139423681063885,-0.35684264446903524,-0.35633467296361415,0.0012973363683896912,1.0535294762069782e-06,0.00472578395118712,2.5229953618362473e-05,6.373258857479871e-05,0.9938868636087536,50.5,34.7,11.1,3.7,73.0,14.3,40.2,0.4,2.3,3.8,6.7,2.6,2.6,27.0,15.3,3.9,4.3,2.3,1.3,16.9,12.5,16.6,3.6,12.7,33.9,3.9,73.9,37.1,36.8,0.9,12.0,1.6,10.5,11.7,9.8,0.7,0.7,0.4,1.5,E07000085,East Hampshire,matched_reference,E07000085,East Hampshire
E07000086,Eastleigh,1.8420694838070026,-2.6302871424058196,5,0.6866011002466633,1.8420694838070026,-2.6302871424058196,3.0485697107731204,1.0709680601882159,0.2647577292746974,0.4397320147514844,0.016290360881005907,1.0532566367151515e-05,0.02563489501732666,4.423486647916313e-05,0.27141887642215756,0.6866011002466633,49.2,35.3,11.6,3.92,75.4,15.9,43.8,0.3,1.7,2.5,5.2,3.0,3.0,24.6,14.1,3.1,3.6,2.6,1.2,17.6,14.2,17.2,5.7,13.3,27.9,4.0,73.5,33.0,40.5,1.1,12.3,1.1,11.2,12.3,11.2,0.1,0.9,0.1,0.8,E07000086,Eastleigh,matched_reference,E07000086,Eastleigh
E07000087,Fareham,2.939501605115285,-2.957834664513456,4,0.9030099357978941,2.939501605115285,-2.957834664513456,1.8088601852687864,2.0185286375461486,0.10376588832190327,0.25610358695044266,0.06221174007516282,4.1418434084460957e-07,0.002649152737280043,9.250449725649525e-06,0.9030099357978941,0.032119506755595655,48.5,35.2,12.2,4.02,72.7,15.2,42.4,0.4,1.6,2.6,4.8,2.6,3.2,27.3,17.3,3.4,3.2,2.2,1.2,17.6,13.1,17.0,5.5,13.5,29.8,3.6,80.4,39.2,41.2,0.6,8.1,5.1,3.0,10.0,8.4,0.5,0.8,0.3,0.9,E07000087,Fareham,matched_reference,E07000087,Fareham
E07000088,Gosport,1.2360985799898245,-0.0005062251078960574,1,0.997435751850307,1.2360985799898245,-0.0005062251078960574,1.8285732967145218,0.2971246943629322,4.383882841330864,0.8092997196035663,4.4239178859279496e-07,0.997435751850307,4.5192728490234685e-09,5.15542055021447e-10,1.0605199493637448e-14,0.0025638007230793466,45.3,36.2,13.6,4.88,72.2,14.4,43.4,0.2,1.1,1.9,4.3,4.2,2.7,27.8,14.5,3.6,4.3,3.6,1.7,21.6,16.2,18.1,5.0,13.4,21.5,4.2,65.2,29.4,35.9,1.1,16.4,9.3,7.1,16.3,12.7,1.6,1.1,0.9,1.0,E07000088,Gosport,matched_reference,E07000088,Gosport
E07000089,Hart,-0.08142400497337529,-6.075675757773631,5,0.9998517715310503,-0.08142400497337529,-6.075675757773631,2.4832337014842203,1.174523868267661,0.5806969421736492,-1.0522998436736557,0.00014397276237491049,1.2688556014949404e-06,3.435417682644785e-08,2.9297997598447603e-06,2.2697036282071834e-08,0.9998517715310503,55.0,33.1,9.3,2.64,75.5,13.9,45.3,0.4,2.0,3.2,5.8,2.4,2.6,24.5,14.3,3.3,4.4,1.3,1.2,13.5,12.4,16.2,3.5,13.0,37.5,3.9,78.1,35.5,42.6,1.1,7.7,0.6,7.0,12.1,9.5,1.3,0.6,0.7,1.0,E07000089,Hart,matched_reference,E07000089,Hart
E07000090,Havant,2.589775550237836,1.0925831160017594,4,0.7896025661445536,2.589775550237836,1.0925831160017594,0.8897468507881934,-0.3108941903328416,-0.22013835853092328,0.0525168665396459,0.007865934628472813,9.959005764837542e-06,0.18763460224094083,2.6815514943260612e-05,0.7896025661445536,0.014860122465325061,44.3,35.9,14.2,5.59,69.1,15.2,37.5,0.3,1.7,2.3,5.3,4.0,2.9,30.9,17.3,3.4,4.4,4.2,1.6,25.0,14.8,17.1,4.8,12.0,22.3,4.0,69.0,35.4,33.6,0.5,19.6,10.3,9.2,9.9,8.8,0.1,0.8,0.1,1.0,E07000090,Havant,matched_reference,E07000090,Havant
E07000091,New Forest,3.2044396809372664,-1.893960234361043,5,0.8801290817860449,3.2044396809372664,-1.893960234361043,-1.209284078025005,0.026668798034428357,-0.5408040168667924,0.7816267270918263,0.0005934462390585014,2.6258021856957833e-09,0.0006519003079775038,3.2320747376469736e-06,0.11862233696637953,0.8801290817860449,45.1,35.9,14.1,4.88,69.5,15.8,36.5,0.5,2.1,3.5,5.9,2.6,2.6,30.5,19.7,2.7,3.8,2.8,1.4,21.1,13.3,16.7,5.4,12.0,27.2,4.2,75.0,43.5,31.5,0.6,11.0,6.7,4.2,12.1,10.6,0.4,0.8,0.3,1.3,E07000091,New Forest,matched_reference,E07000091,New Forest
E07000092,Rushmoor,-1.7626004884441042,-2.9989449340648986,1,0.9999998514375686,-1.7626004884441042,-2.9989449340648986,3.7332795456035432,-0.5163212549680362,6.216755942698881,0.19622562988145936,8.589465952099187e-19,0.9999998514375686,3.702628992688924e-30,1.9087271197223257e-16,5.793236057813594e-41,1.4856242992243222e-07,50.1,35.5,10.8,3.62,77.7,13.4,49.4,0.2,1.2,1.9,4.6,3.7,3.2,22.3,9.8,3.8,4.0,2.7,2.0,18.6,16.5,17.2,3.6,12.5,24.7,6.9,63.5,23.2,40.3,1.8,16.3,2.1,14.2,17.6,12.7,2.1,0.9,1.8,0.8,E07000092,Rushmoor,matched_reference,E07000092,Rushmoor
E07000093,Test Valley,0.8502024715524197,-3.558867784327924,5,0.9997955270422919,0.8502024715524197,-3.558867784327924,0.8624541358206755,0.3482172622483769,1.5931715864807243,-0.7966134875811072,4.17169758560401e-05,0.00015977014348698387,1.0642848292376999e-08,2.927786883484511e-06,4.740863309657999e-08,0.9997955270422919,50.0,34.6,11.6,3.77,73.4,14.7,42.8,0.4,2.0,3.1,5.3,2.5,2.6,26.6,15.5,3.4,4.0,2.4,1.3,18.4,13.6,16.5,4.5,12.5,30.5,4.1,70.3,34.5,35.9,0.7,14.4,4.4,10.0,12.9,10.4,1.2,0.7,0.6,1.7,E07000093,Test Valley,matched_reference,E07000093,Test Valley
E07000094,Winchester,-1.9887585821473777,-3.884524248298574,0,0.9988246389526265,-1.9887585821473777,-3.884524248298574,-0.872215760628764,2.550874437556228,-0.304572376763267,-0.8795598736487772,0.9988246389526265,0.0002512164208294473,0.0001453742243830746,0.0007767748386705027,2.64518253899388e-07,1.7310452364087406e-06,53.2,32.8,10.6,3.43,71.0,13.5,38.3,0.5,2.5,3.6,5.6,2.3,4.7,29.0,14.5,6.7,3.9,2.2,1.6,14.5,9.6,14.6,3.1,13.9,40.7,3.5,67.5,35.0,32.6,0.9,15.5,10.6,4.9,14.1,12.0,0.9,0.7,0.5,2.0,E07000094,Winchester,matched_reference,E07000094,Winchester
E07000105,Ashford,0.7733746447123612,-1.31027444556577,2,0.47588750536796054,0.7733746447123612,-1.31027444556577,1.0654585266142016,-0.8465379347132498,0.32779124180046126,1.114927857882114,0.012525593718139778,5.179340960286408e-05,0.47588750536796054,0.000993950677794524,0.3207927045141414,0.18974845231236076,47.6,35.1,12.7,4.59,72.6,14.6,39.4,0.4,2.1,3.1,6.3,3.6,3.1,27.4,14.4,3.3,4.9,3.1,1.7,21.2,15.6,17.8,3.9,12.0,24.6,4.9,68.4,31.8,36.6,1.3,14.5,9.8,4.6,14.3,12.9,0.2,1.0,0.2,1.5,E07000105,Ashford,matched_reference,E07000105,Ashford
E07000106,Canterbury,-1.453483299894567,1.3795005233378297,0,1.0,-1.453483299894567,1.3795005233378297,-2.149071072152794,5.2210319349733645,-0.3974528797464088,2.78826418175605,1.0,6.746594979727011e-33,9.265353833296955e-26,8.534858074861427e-18,4.935696306400864e-18,1.6025727554074868e-52,46.8,34.6,13.4,5.18,63.8,12.8,31.2,0.3,1.8,2.6,4.9,3.0,7.1,36.2,15.0,12.5,3.6,3.3,1.8,20.5,11.8,14.3,3.3,17.6,27.3,5.2,66.0,35.5,30.5,0.8,12.2,8.3,3.9,19.5,17.5,0.4,1.1,0.4,1.4,E07000106,Canterbury,matched_reference,E07000106,Canterbury
E07000107,Dartford,0.32870741336835224,-1.0117636279742528,2,0.9681472083678941,0.32870741336835224,-1.0117636279742528,3.7570020553005694,-1.0849611996694855,0.8979424181773883,0.7158482131581833,0.003289151834794583,0.00036736809462852477,0.9681472083678941,0.0001260825471129224,0.00873553827105491,0.019334650884515567,48.6,34.9,12.2,4.43,75.5,13.9,44.6,0.3,1.8,2.2,5.6,4.4,2.8,24.5,11.9,3.5,4.4,3.0,1.8,21.1,17.3,18.1,4.3,11.5,22.0,5.5,66.9,27.5,39.4,1.3,14.8,10.8,4.0,15.9,15.0,0.1,0.7,0.1,1.0,E07000107,Dartford,matched_reference,E07000107,Dartford
E07000108,Dover,1.6044803454786265,1.5296545745695582,4,0.9630535384048056,1.6044803454786265,1.5296545745695582,-1.4865264201148003,-0.7463708973806291,0.6000466881716315,0.8043313903117432,0.0013450702799036015,1.3409556650990085e-05,0.0005447466831196238,5.494647861925821e-06,0.9630535384048056,0.03503774042765759,43.4,35.4,15.0,6.29,67.4,14.7,36.1,0.4,1.9,2.7,4.8,4.5,2.4,32.6,17.6,4.0,4.4,4.5,2.1,25.0,14.6,17.4,3.7,12.1,22.0,5.1,66.5,35.3,31.3,0.5,14.2,8.9,5.4,17.1,15.3,0.3,1.1,0.4,1.7,E07000108,Dover,matched_reference,E07000108,Dover
E07000109,Gravesham,0.2735511300242838,1.075725401843631,2,0.5568560537569642,0.2735511300242838,1.075725401843631,1.5177338044161754,-1.832180779506009,0.25521678568423556,0.878638585387614,0.015222784300161106,0.0005385509948100998,0.5568560537569642,0.0033114455256651265,0.4170238146197969,0.007047350802601937,46.5,35.0,13.4,5.13,70.9,14.4,39.1,0.4,1.9,2.2,5.1,5.1,2.8,29.1,13.5,4.2,5.3,3.8,2.3,24.4,16.4,17.0,4.3,11.1,20.0,7.0,64.6,30.7,33.9,0.8,17.3,13.9,3.4,16.1,15.1,0.1,0.7,0.2,1.2,E07000109,Gravesham,matched_reference,E07000109,Gravesham
E07000110,Maidstone,0.7837079318668606,-1.960098549343442,5,0.6580494884751896,0.7837079318668606,-1.960098549343442,1.26050070704723,-0.7294752520826816,0.26942546660796546,0.6483319376842995,0.005901259258091678,3.151824797221269e-05,0.29888791250227914,0.00029098217366177345,0.03683883934280501,0.6580494884751896,48.1,35.1,12.4,4.4,72.9,14.4,41.3,0.4,2.0,2.9,5.9,3.4,2.6,27.1,14.4,3.6,4.5,2.7,1.9,20.7,14.6,17.6,4.1,12.2,25.6,5.3,70.5,32.9,37.5,1.1,12.7,2.4,10.4,14.6,13.0,0.4,0.9,0.3,1.2,E07000110,Maidstone,matched_reference,E07000110,Maidstone
E07000111,Sevenoaks,0.2059388049895464,-3.7805901343106214,2,0.9468821181710316,0.2059388049895464,-3.7805901343106214,0.5411029603003725,-1.348819303165478,-1.7064970434435875,-0.6931250485416995,0.0004305271013467847,4.2482335431396044e-07,0.9468821181710316,5.1108994569577824e-05,1.0650835393872153e-08,0.05263581025886188,51.2,33.4,11.5,3.98,71.5,14.0,38.8,0.5,2.6,3.8,6.7,2.8,2.2,28.5,15.3,4.1,5.4,2.2,1.6,19.2,13.7,16.4,3.4,11.1,32.0,4.1,72.7,37.5,35.2,1.7,13.2,1.7,11.5,10.8,9.7,0.4,0.5,0.2,1.6,E07000111,Sevenoaks,matched_reference,E07000111,Sevenoaks
E07000112,Shepway,1.2627194055336395,1.8313717282692112,4,0.999058565617592,1.2627194055336395,1.8313717282692112,-2.0211776725225774,-0.8332497619927329,0.8600858064482713,1.956492202372973,0.00042140449908476555,1.070678461001115e-06,4.6857256893277935e-06,5.005458329394909e-06,0.999058565617592,0.0005092680208439032,42.2,36.1,15.2,6.42,67.2,14.3,35.1,0.4,1.8,2.5,5.5,4.6,2.9,32.8,17.7,3.7,4.5,4.9,2.1,24.7,14.9,17.5,3.8,11.9,21.8,5.4,64.8,35.3,29.5,0.5,11.2,6.9,4.3,22.2,20.2,0.4,1.2,0.5,1.3,E07000112,Shepway,matched_reference,E07000112,Shepway
E07000113,Swale,1.4858187496942064,1.460140264665705,4,0.8631952235169638,1.4858187496942064,1.460140264665705,0.8513017021557091,-1.9588049428890857,0.04030824035002371,0.8372162497512572,0.005963996952021552,2.7523359324092843e-05,0.08885745872422003,0.00045122383770899104,0.8631952235169638,0.04150457360976227,44.3,35.9,14.1,5.74,68.9,14.0,38.1,0.3,1.8,2.3,5.4,4.6,2.3,31.1,15.1,3.7,5.2,4.4,2.7,27.4,16.3,17.0,4.4,11.2,18.9,4.8,68.3,31.4,36.9,1.0,14.3,2.2,12.1,15.2,13.9,0.2,0.9,0.2,1.2,E07000113,Swale,matched_reference,E07000113,Swale
E07000114,Thanet,1.218054002381677,3.7955435849270955,4,0.9999421674459311,1.218054002381677,3.7955435849270955,-2.9477204722258223,-1.2690469142397114,-0.12460098158138738,1.7609336225100418,4.0956289246256956e-05,3.230223492233515e-08,1.9228030305234369e-10,3.3020832191498604e-06,0.9999421674459311,1.3541687088173288e-05,40.7,35.1,16.7,7.5,64.9,14.4,31.7,0.4,1.8,2.6,5.3,5.7,3.0,35.1,18.2,4.3,4.9,5.6,2.1,28.4,14.8,16.4,3.9,11.3,19.6,5.6,62.0,33.4,28.6,0.3,12.7,5.1,7.6,23.8,22.0,0.3,1.3,0.2,1.2,E07000114,Thanet,matched_reference,E07000114,Thanet
E07000115,Tonbridge and Malling,0.9663915289661886,-2.675619146045345,5,0.594485735349185,0.9663915289661886,-2.675619146045345,2.299627829847306,-0.5348053109493389,-0.5426626672754458,-0.3246606208273439,0.0021260553503468596,3.7102772907384013e-06,0.402751888394972,4.058953457444456e-05,0.0005920210936305134,0.594485735349185,49.9,34.3,11.8,3.94,72.9,14.7,41.3,0.4,2.0,3.1,5.8,3.0,2.7,27.1,14.5,4.0,4.7,2.5,1.4,20.0,15.0,17.7,4.0,12.2,27.1,4.0,71.1,32.6,38.6,1.5,16.1,1.9,14.2,10.1,9.0,0.3,0.6,0.2,1.1,E07000115,Tonbridge and Malling,matched_reference,E07000115,Tonbridge and Malling
E07000116,Tunbridge Wells,-1.431021506076413,-3.3824354501438223,2,0.8914020942396221,-1.431021506076413,-3.3824354501438223,0.14816882167289658,-0.6750161238678074,-1.219075339730321,-0.4138569566159323,0.002179699321772841,0.00042276116183805084,0.8914020942396221,0.0029406976189169914,4.9086183160942026e-08,0.10305469857166698,51.4,33.6,11.1,3.87,73.1,13.7,40.4,0.5,2.5,3.9,6.6,3.0,2.5,26.9,12.6,4.8,5.1,2.7,1.7,17.1,12.4,16.6,2.8,12.1,34.6,4.5,65.7,32.0,33.7,0.8,15.2,1.2,14.0,16.9,15.7,0.3,0.8,0.2,1.4,E07000116,Tunbridge Wells,matched_reference,E07000116,Tunbridge Wells
E07000177,Cherwell,-0.14756122073053232,-2.7359752448777086,5,0.9855614195326606,-0.14756122073053232,-2.7359752448777086,2.3340594287884424,-0.4613219632826047,1.0821601202101039,-0.034082145297574876,0.0017142886275844692,0.0005459357139478276,0.012024915705469106,7.817117271702312e-05,7.526924762147217e-05,0.9855614195326606,50.3,34.7,11.2,3.85,75.7,14.6,45.3,0.3,1.8,2.8,5.4,2.8,2.6,24.3,12.3,3.4,3.8,2.5,2.3,19.7,15.2,15.8,4.1,11.6,28.1,5.5,69.3,30.9,38.4,0.8,12.1,2.6,9.6,16.2,14.6,0.4,0.8,0.4,1.6,E07000177,Cherwell,matched_reference,E07000177,Cherwell
E07000178,Oxford,-9.108629907272897,0.8056168496319909,0,1.0,-9.108629907272897,0.8056168496319909,-1.529531948405664,6.962468177835539,-0.06943655915498673,1.0177080490925738,1.0,3.469964442733187e-54,2.158836007165455e-49,1.0256948605084723e-24,1.5145958769440405e-49,4.66659989907537e-111,55.2,31.7,9.4,3.61,63.3,10.4,36.2,0.3,1.1,2.2,3.3,3.2,6.5,36.7,7.0,21.6,3.5,2.6,1.9,13.6,8.3,8.9,1.8,17.8,42.6,6.9,46.7,24.0,22.7,1.7,21.4,13.6,7.8,28.2,26.1,0.5,0.9,0.7,2.0,E07000178,Oxford,matched_reference,E07000178,Oxford
E07000179,South Oxfordshire,-0.33230667215662024,-5.171009011790668,5,0.9997854554715352,-0.33230667215662024,-5.171009011790668,0.6724274737976278,0.2056643349463567,0.3284867976868861,-1.3072711694922219,0.0001506646416036626,2.5702294240419477e-05,4.302597242263077e-07,3.7746535153997045e-05,7.977418901966255e-10,0.9997854554715352,52.6,33.4,10.7,3.35,75.2,14.0,43.3,0.4,2.4,4.0,6.2,2.5,2.2,24.8,13.9,3.5,4.0,1.9,1.6,16.5,12.1,14.9,3.8,12.0,36.7,4.0,72.9,37.2,35.8,0.8,11.4,1.6,9.8,13.3,11.1,1.0,0.7,0.6,1.5,E07000179,South Oxfordshire,matched_reference,E07000179,South Oxfordshire
E07000180,Vale of White Horse,-0.5752266705476583,-4.829204052175372,5,0.9996620488924117,-0.5752266705476583,-4.829204052175372,1.0414719826198664,0.38772333714139934,1.477961319069728,-1.4469131272898912,4.718728445333156e-06,0.00032274013349512903,6.991832213419017e-12,1.0492238099977316e-05,5.567031886206675e-13,0.9996620488924117,51.9,34.0,10.8,3.36,75.1,14.3,44.8,0.4,2.1,3.0,5.4,2.5,2.7,24.9,13.9,3.9,3.9,1.9,1.3,16.7,11.8,14.6,4.1,11.5,37.2,4.1,70.3,35.8,34.5,1.0,13.3,2.5,10.8,13.6,11.0,1.3,0.6,0.8,1.7,E07000180,Vale of White Horse,matched_reference,E07000180,Vale of White Horse
E07000181,West Oxfordshire,-0.2013398840106753,-5.375457275734341,5,0.9994682822424628,-0.2013398840106753,-5.375457275734341,0.8285827166426484,0.1437024037516092,2.419896257270758,-1.0137883516854271,1.5262962303200665e-08,0.0005314412243275431,2.3701469986665365e-18,2.612702478545398e-07,5.155541314251703e-18,0.9994682822424628,51.5,33.8,11.2,3.5,76.8,14.3,45.4,0.4,2.4,3.5,6.1,2.3,2.4,23.2,13.7,3.0,3.4,1.8,1.2,17.6,13.3,15.8,3.9,12.3,32.9,4.1,69.7,34.5,35.2,1.3,12.5,1.7,10.8,14.9,11.8,1.5,0.8,0.8,1.7,E07000181,West Oxfordshire,matched_reference,E07000181,West Oxfordshire
E07000207,Elmbridge,-2.862453250113536,-5.326342162459138,2,0.9997812849206192,-2.862453250113536,-5.326342162459138,0.8612432274896973,-0.5478206523719463,-3.511891119800751,-1.593638561692866,2.9936679925471246e-06,0.00020317661774543622,0.9997812849206192,1.4977215155792654e-06,3.050105917673405e-23,1.104707212756406e-05,56.5,31.0,9.4,3.12,73.4,11.9,41.8,0.5,2.9,4.5,6.9,2.7,2.3,26.6,12.2,4.5,6.4,1.8,1.8,13.2,10.1,13.9,2.2,11.1,43.9,5.6,73.1,34.2,38.8,0.7,9.9,2.1,7.7,15.1,14.1,0.2,0.6,0.1,1.2,E07000207,Elmbridge,matched_reference,E07000207,Elmbridge
E07000208,Epsom and Ewell,-0.36898148394922586,-3.9565724233747153,2,0.8001988391535722,-0.36898148394922586,-3.9565724233747153,1.9029389549303275,0.9205802894593955,-1.8642341759864531,0.09171898494987336,0.012875208423809684,1.9812541135870034e-05,0.8001988391535722,0.00023988116852936738,1.3809539130832328e-06,0.18666487775903895,52.2,33.8,10.6,3.4,73.6,13.7,41.9,0.4,2.1,3.2,6.0,2.7,3.5,26.4,13.4,5.1,4.2,2.1,1.6,15.8,12.2,15.7,2.9,12.1,36.0,5.3,77.0,36.8,40.2,0.9,8.0,0.6,7.5,13.3,12.2,0.3,0.7,0.1,0.8,E07000208,Epsom and Ewell,matched_reference,E07000208,Epsom and Ewell
E07000209,Guildford,-3.2057888923241578,-3.6997727412822807,0,0.9997821167712224,-3.2057888923241578,-3.6997727412822807,0.9207680083356378,2.677252008958344,-0.4230379609423762,0.12402803389382422,0.9997821167712224,2.2365719948857465e-07,0.00017082571294951607,4.683048559843866e-05,3.3692959027414857e-09,3.734006371311017e-12,53.9,33.1,9.8,3.15,72.2,12.2,41.1,0.4,2.1,3.4,5.5,2.7,4.9,27.8,11.3,8.5,4.4,1.9,1.7,14.2,10.7,13.5,2.8,14.2,39.5,5.1,68.8,33.7,35.1,1.3,12.8,9.1,3.7,15.8,13.8,0.7,0.7,0.6,1.3,E07000209,Guildford,matched_reference,E07000209,Guildford
E07000210,Mole Valley,-0.03790160395746881,-4.761023720165005,2,0.7806269317401445,-0.03790160395746881,-4.761023720165005,-0.25167980075252017,-0.3961788208168066,-2.0049492944836125,-0.7498000830030372,0.00036424712295522277,6.555526052039982e-07,0.7806269317401445,5.04000740842834e-05,2.6933092456801157e-09,0.21895776281690105,51.5,33.7,11.3,3.56,72.7,13.9,39.2,0.5,2.6,4.5,7.1,2.5,2.4,27.3,15.7,3.8,4.4,2.1,1.4,16.0,11.7,16.1,2.8,11.3,37.9,4.2,73.6,39.1,34.5,0.9,12.2,1.5,10.7,11.9,10.6,0.4,0.7,0.2,1.4,E07000210,Mole Valley,matched_reference,E07000210,Mole Valley
E07000211,Reigate and Banstead,-0.5467484228801768,-3.824877544227241,2,0.8182081558933586,-0.5467484228801768,-3.824877544227241,2.6172311215303052,-0.4898999020552594,-1.4227416741910743,-0.37340965672147564,0.0006090030556607327,9.936885993463441e-06,0.8182081558933586,4.492928813987014e-05,2.5499933177602654e-08,0.18112794937691373,51.5,34.0,10.8,3.63,75.2,13.5,44.0,0.4,2.2,3.3,6.3,2.9,2.5,24.8,12.4,3.5,4.4,2.3,2.1,16.6,13.2,16.6,2.9,12.0,34.0,4.8,73.0,33.2,39.9,1.2,11.9,2.4,9.5,12.9,12.0,0.1,0.6,0.1,0.9,E07000211,Reigate and Banstead,matched_reference,E07000211,Reigate and Banstead
E07000212,Runnymede,-1.7871532587697836,-2.4245368110537235,0,0.9996565153608897,-1.7871532587697836,-2.4245368110537235,1.397198144870093,2.634589975833751,-0.27526415741718835,0.8308973854343396,0.9996565153608897,3.048947399823475e-08,0.0003139226726110352,1.1137815880407072e-05,1.839365557986409e-05,5.565470749815013e-12,51.3,34.1,10.9,3.69,71.6,12.1,41.3,0.4,1.8,2.8,5.7,2.7,4.8,28.4,11.9,9.2,3.9,1.9,1.5,18.3,12.7,14.4,3.4,15.1,29.9,6.1,69.5,33.1,36.4,1.0,12.9,8.9,4.0,15.2,13.7,0.5,0.6,0.3,1.4,E07000212,Runnymede,matched_reference,E07000212,Runnymede
E07000213,Spelthorne,0.5893924692901645,-2.469518824032833,2,0.7674437024298991,0.5893924692901645,-2.469518824032833,3.5328554114764446,-1.0892314446616482,-0.013654424908400336,0.4508002735940333,0.006229776744962879,2.0977784550760914e-05,0.7674437024298991,0.0002709148507674,0.0014134477196243453,0.2246211804701955,48.0,35.8,12.0,4.1,75.5,13.3,46.4,0.3,1.6,2.7,5.4,3.3,2.5,24.5,13.3,3.2,3.9,2.3,1.8,20.4,16.1,16.1,3.9,11.4,25.9,6.2,72.6,33.9,38.6,1.4,12.4,1.6,10.8,12.7,11.7,0.2,0.6,0.1,1.0,E07000213,Spelthorne,matched_reference,E07000213,Spelthorne
E07000214,Surrey Heath,-0.16187284140141503,-4.89488562121704,5,0.9970452059117758,-0.16187284140141503,-4.89488562121704,2.517495816173034,0.27176741154872364,-0.20557737186721167,-0.8485752977219072,0.0007454062628020135,2.985632544281861e-06,0.002193134955469189,1.2617691564742946e-05,6.495458435024702e-07,0.9970452059117758,53.5,33.3,10.0,3.23,75.1,13.6,44.2,0.4,2.1,3.3,5.9,2.8,2.9,24.9,13.5,3.5,4.4,1.7,1.8,15.0,13.5,16.3,3.5,12.2,34.5,5.1,76.8,34.8,42.0,0.8,9.2,1.2,8.0,12.1,10.2,0.9,0.5,0.5,1.0,E07000214,Surrey Heath,matched_reference,E07000214,Surrey Heath
E07000215,Tandridge,0.6363836805340053,-4.562288457526257,5,0.8547386712170045,0.6363836805340053,-4.562288457526257,0.6721265145020038,-0.45003354078974,-1.1769799887301629,-0.22837919895262476,0.0013280196761458626,1.1059634572908806e-07,0.14385819091254995,7.190809964651446e-05,3.0994983071466888e-06,0.8547386712170045,50.5,34.4,11.4,3.76,73.5,13.5,40.7,0.6,2.7,4.0,7.1,2.8,2.2,26.5,14.1,4.3,4.3,2.2,1.6,17.1,13.4,17.5,2.9,12.3,33.0,3.9,75.9,36.2,39.7,0.9,10.8,7.7,3.1,11.0,9.7,0.5,0.6,0.2,1.4,E07000215,Tandridge,matched_reference,E07000215,Tandridge
E07000216,Waverley,-0.9802453662650291,-4.800612529791022,2,0.9684171728246231,-0.9802453662650291,-4.800612529791022,-0.09485620250483513,0.6357386430616175,-2.032099077184266,-0.9887616743821563,0.001412304144846878,2.3784921581394834e-05,0.9684171728246231,6.192995669138789e-05,1.0690045611653111e-09,0.03008480708325252,53.5,32.7,10.5,3.26,72.0,13.6,38.6,0.5,2.8,4.4,6.8,2.4,2.9,28.0,14.3,5.1,4.9,2.1,1.5,15.2,10.3,15.1,2.9,12.2,40.1,4.1,73.7,37.7,36.0,1.0,12.3,9.5,2.9,11.3,10.1,0.5,0.6,0.2,1.7,E07000216,Waverley,matched_reference,E07000216,Waverley
E07000217,Woking,-2.1276875283609713,-3.622586055209362,2,0.9968232346511973,-2.1276875283609713,-3.622586055209362,2.61594002978054,-0.5196408680155192,-1.1499983051110887,0.14767784832037845,0.0013949333450394862,0.00017457955316299765,0.9968232346511973,0.0006724227555614313,1.2829980788745051e-09,0.0009348284120402012,51.8,34.6,10.3,3.39,75.4,12.5,45.1,0.4,1.9,3.3,5.9,3.2,3.0,24.6,11.5,3.6,5.5,2.3,1.8,15.2,12.0,14.3,2.6,11.3,38.4,6.3,70.5,31.6,38.9,0.9,11.9,8.4,3.5,15.7,14.6,0.3,0.7,0.2,1.0,E07000217,Woking,matched_reference,E07000217,Woking
E07000223,Adur,3.3339028073184456,-0.06180638858622566,5,0.7810136864736582,3.3339028073184456,-0.06180638858622566,0.19712157597971272,-0.8133413166429557,-0.1863654237423967,1.28628177557896,0.0016307430216061073,1.1193310618962405e-07,0.0038436132962713283,3.602384195896816e-05,0.2134758214333988,0.7810136864736582,42.7,36.6,15.0,5.75,70.8,16.0,37.5,0.4,1.7,3.1,6.2,3.3,2.5,29.2,16.8,3.3,3.9,3.6,1.5,25.6,15.9,16.5,4.4,11.2,22.0,4.5,73.8,37.8,36.0,0.6,13.1,9.8,3.2,11.4,10.2,0.1,1.0,0.1,1.2,E07000223,Adur,matched_reference,E07000223,Adur
E07000224,Arun,2.9433708033583255,0.11790812730162603,5,0.6716485015744836,2.9433708033583255,0.11790812730162603,-1.4514647382517,-0.6689583449887988,-0.8814037544406371,1.9577648132157235,0.00035493234379751777,2.955644237383952e-09,1.0824503897661055e-05,0.000150527825823319,0.32783521079635325,0.6716485015744836,42.0,36.8,15.6,5.66,67.5,14.8,35.5,0.4,1.9,3.2,5.7,3.3,2.7,32.5,20.4,3.1,3.7,3.5,1.8,24.9,14.2,16.8,4.0,11.6,22.8,5.9,73.8,42.8,31.0,0.8,8.8,4.8,4.0,15.3,14.1,0.1,0.9,0.2,1.2,E07000224,Arun,matched_reference,E07000224,Arun
E07000225,Chichester,0.07931496119533113,-2.9949961518494885,5,0.9997165625367604,0.07931496119533113,-2.9949961518494885,-2.97743187393207,-0.01199923293464663,-0.34772110143158963,0.243171572259495,0.00010494970450385718,6.023083968338719e-06,6.62624056904179e-06,0.00010069047977026503,6.51479544283685e-05,0.9997165625367604,47.6,34.9,13.1,4.32,69.2,14.0,34.4,0.5,2.8,4.3,6.9,2.8,3.5,30.8,18.2,4.4,4.2,2.4,1.5,19.5,11.6,15.9,3.4,12.8,32.4,4.4,67.2,40.5,26.6,0.9,14.9,2.2,12.7,14.9,12.8,0.8,0.8,0.5,2.2,E07000225,Chichester,matched_reference,E07000225,Chichester
E07000226,Crawley,-1.3408036367093574,0.1318447761813925,2,0.9982113673888078,-1.3408036367093574,0.1318447761813925,4.995171656281277,-2.0573981533412584,1.8127409134320278,0.8867840108821646,0.0005829278978457546,0.0011582986933580217,0.9982113673888078,2.7092902635409045e-05,1.9845197244704318e-05,4.679201090100063e-07,47.6,35.9,12.1,4.42,76.9,14.4,47.2,0.3,1.2,1.9,4.4,4.5,3.1,23.1,9.5,3.3,4.9,3.2,2.1,20.1,18.0,17.1,3.4,11.3,21.5,8.5,59.0,22.2,36.9,1.4,23.9,18.6,5.2,14.5,13.5,0.1,0.7,0.1,1.2,E07000226,Crawley,matched_reference,E07000226,Crawley
E07000227,Horsham,1.0312333448528102,-4.252996797845542,5,0.9529768758175098,1.0312333448528102,-4.252996797845542,0.6828290599137778,0.08428005698833145,-0.9309935585641653,-0.05703745156201269,0.0017025128990382035,7.433382592568431e-08,0.045154182962456525,3.361363386467275e-05,0.0001327403533048502,0.9529768758175098,50.6,34.8,11.1,3.53,73.4,14.8,40.3,0.5,2.3,3.9,6.3,2.7,2.7,26.6,15.5,3.5,4.2,2.2,1.3,16.3,13.3,17.8,3.4,12.7,32.6,4.0,74.5,37.3,37.2,0.7,11.6,1.2,10.3,11.8,10.5,0.4,0.7,0.2,1.5,E07000227,Horsham,matched_reference,E07000227,Horsham
E07000228,Mid Sussex,0.5308620971958717,-4.446799024036033,5,0.9145664807886407,0.5308620971958717,-4.446799024036033,1.7410849615560327,0.5919749560963204,-0.8507816835649591,-0.15421457176163078,0.0040067370685121445,5.132337877951955e-07,0.08127849580180431,3.295240449547321e-05,0.00011482070276042292,0.9145664807886407,51.8,34.0,10.7,3.54,74.8,15.1,42.2,0.4,2.1,3.6,6.3,2.4,2.6,25.2,14.2,3.6,4.0,2.0,1.4,14.8,13.4,17.3,3.4,13.2,33.6,4.2,74.3,35.5,38.8,1.0,10.6,0.5,10.1,12.8,11.7,0.3,0.7,0.1,1.4,E07000228,Mid Sussex,matched_reference,E07000228,Mid Sussex
E07000229,Worthing,1.4616033804527162,-0.4041928877219759,4,0.9777855921994001,1.4616033804527162,-0.4041928877219759,0.24904859380719907,0.12314944324296173,0.10213069107615129,1.656082257061645,0.011261522056378809,7.04770897539343e-07,0.006198968271031675,0.0001389323211727936,0.9777855921994001,0.004614280381118376,44.2,36.1,14.4,5.26,72.1,15.0,39.7,0.3,1.7,3.1,5.7,3.5,3.2,27.9,15.4,3.1,3.7,4.2,1.6,21.3,14.3,17.4,3.7,12.5,26.0,4.8,69.3,34.8,34.5,0.5,10.0,2.1,7.9,19.3,17.9,0.1,1.1,0.2,0.9,E07000229,Worthing,matched_reference,E07000229,Worthing
E06000022,Bath and North East Somerset UA,-1.2260901511989852,-1.329292523824773,0,0.9999999874999617,-1.2260901511989852,-1.329292523824773,-1.1194821645635376,4.198401740732749,-1.0776329831500593,0.7070451610269497,0.9999999874999617,1.5985589411546698e-14,2.6873583791251173e-10,4.6109794975835827e-10,1.1770188144016333e-08,8.587716731669524e-24,50.5,33.4,11.8,4.22,68.7,14.4,35.5,0.4,1.9,3.2,5.5,2.7,5.1,31.3,13.7,10.1,3.3,2.8,1.4,17.2,11.0,14.2,3.7,16.5,33.4,4.0,66.7,35.1,31.6,0.5,14.4,3.4,11.0,16.9,15.5,0.2,1.0,0.2,1.4,E06000022,Bath and North East Somerset,matched_reference,E06000022,Bath and North East Somerset
E06000028,Bournemouth UA,-2.4080322220858137,1.0455243167526567,0,0.9999999894235074,-2.4080322220858137,1.0455243167526567,-1.392493127345276,2.500295155466761,0.673126170415412,2.947581888407107,0.9999999894235074,7.066935627724224e-20,2.0056041832086442e-14,4.572742114843994e-09,6.003730923725477e-09,2.608678414361493e-33,46.3,34.5,13.6,5.67,69.8,13.3,37.2,0.4,1.7,2.7,5.4,3.8,5.3,30.2,12.2,8.1,3.6,4.5,1.9,19.1,13.0,15.5,3.8,15.7,26.4,6.5,57.1,27.7,29.4,0.7,11.2,5.9,5.2,30.0,28.2,0.2,1.3,0.3,1.0,E06000028,Bournemouth,matched_reference,E06000028,Bournemouth
E06000023,"Bristol, City of UA",-3.8423972436365275,1.4646748839524792,0,0.9999937571388867,-3.8423972436365275,1.4646748839524792,0.28824415548088667,2.403545347799962,0.4280173572661494,0.5858503357902084,0.9999937571388867,2.7398716681334155e-11,4.604856554970349e-11,6.242467959997909e-06,3.197059329871513e-10,4.126604203536716e-26,48.8,33.5,12.2,5.48,70.6,13.4,39.8,0.3,1.4,2.3,4.5,4.3,4.8,29.4,9.8,9.0,3.9,4.3,2.3,20.2,11.9,12.8,2.9,14.6,32.8,4.9,54.0,24.6,29.4,0.8,20.3,14.5,5.8,23.5,22.1,0.1,1.1,0.2,1.4,E06000023,"Bristol, City of",matched_reference,E06000023,"Bristol, City of"
E06000052,Cornwall UA,2.0087466486165777,-0.0760285434568292,4,0.8484405764908339,2.0087466486165777,-0.0760285434568292,-3.7923842142162036,0.36121310250475336,-0.2481598741135904,0.8037211183383776,0.0005024060192157529,2.5368517904686234e-07,2.5847530054739047e-06,9.46773592674574e-07,0.8484405764908339,0.15105323227817366,45.2,33.6,14.9,6.3,66.7,15.4,31.7,0.5,2.6,3.6,6.9,3.3,2.8,33.3,18.9,4.3,4.0,4.4,1.7,22.4,13.4,17.4,4.5,13.1,25.0,4.2,68.8,40.0,28.8,0.8,12.0,5.6,6.4,16.8,14.7,0.4,1.4,0.3,1.7,E06000052,Cornwall,matched_reference,E06000052,Cornwall
E06000053,Isles of Scilly UA,-4.3874120117858055,-12.610379520550907,1,1.0,-4.3874120117858055,-12.610379520550907,-13.331462427264817,-2.535046499751375,14.997912196595252,-2.6547125180918654,2.1262416767043236e-251,1.0,0.0,3.840418213028169e-138,0.0,7.633748606663311e-78,51.5,34.2,11.3,3.0,82.1,13.6,40.3,1.0,7.6,5.1,12.9,1.1,0.4,17.9,12.9,0.8,1.6,0.9,1.8,14.2,10.8,16.6,4.2,16.4,33.0,4.7,41.7,31.6,10.0,0.8,18.1,12.2,5.9,29.7,20.6,3.6,1.3,4.1,9.7,E06000053,Isles of Scilly,matched_reference,E06000053,Isles of Scilly
E06000024,North Somerset UA,2.2996630204549335,-1.0532327324910973,4,0.826514723807113,2.2996630204549335,-1.0532327324910973,-0.2525148889086516,0.8659866689519776,-0.518325111915825,0.7797373439409321,0.019210619010288782,7.678956419835139e-07,0.022738747722914888,2.8319525935959142e-05,0.826514723807113,0.13150682203810535,46.3,34.8,13.7,5.26,70.6,15.9,38.2,0.4,2.0,2.9,5.3,3.0,2.8,29.4,17.5,3.2,3.5,3.9,1.4,19.6,13.7,17.2,4.4,12.7,28.4,4.1,73.0,36.8,36.1,0.6,9.2,3.5,5.7,16.2,14.8,0.1,1.1,0.1,1.1,E06000024,North Somerset,matched_reference,E06000024,North Somerset
E06000026,Plymouth UA,-0.26154272260924716,2.8858768843846097,0,0.999999958460509,-0.26154272260924716,2.8858768843846097,-0.5514920464968512,3.1534692399167263,1.8656815473768915,0.7552199979636438,0.999999958460509,9.763541789087485e-11,1.2023315369030438e-08,1.2998923197271517e-09,2.8118647755107415e-08,9.897422826496446e-22,46.0,33.5,13.9,6.51,66.6,14.8,36.1,0.3,1.3,1.7,3.6,4.2,4.6,33.4,14.1,8.4,3.9,5.2,1.8,22.3,13.5,16.8,5.2,16.6,21.5,4.3,58.7,27.2,31.5,0.8,19.3,8.6,10.7,20.2,17.8,0.6,1.2,0.5,1.1,E06000026,Plymouth,matched_reference,E06000026,Plymouth
E06000029,Poole UA,1.568180274707925,-0.8199799257673057,4,0.8272892144799451,1.568180274707925,-0.8199799257673057,0.3901387256009731,0.3405726840053062,0.14110801226198907,0.9685106869560528,0.013501842076101465,7.071398573111228e-06,0.05100123671129949,6.297169357898619e-05,0.8272892144799451,0.10813766364050105,46.5,34.9,13.4,5.16,71.2,15.2,39.5,0.4,1.8,2.8,5.2,3.2,3.0,28.8,16.1,3.8,4.1,3.3,1.6,21.4,14.4,16.6,4.9,12.5,25.5,4.7,70.4,35.8,34.6,0.9,11.5,6.5,5.0,16.2,14.6,0.3,1.0,0.2,1.1,E06000029,Poole,matched_reference,E06000029,Poole
E06000025,South Gloucestershire UA,2.0434452265656295,-2.0494789522462624,4,0.8613679751482797,2.0434452265656295,-2.0494789522462624,2.325881027225854,1.8823126680931332,0.7172893963549196,0.608003530319254,0.09841184809661345,2.058904282985905e-05,0.016526173835082092,2.0507086527750892e-05,0.8613679751482797,0.023652906790666398,49.1,34.9,11.8,4.19,74.4,16.3,42.9,0.3,1.6,2.2,4.8,2.8,3.5,25.6,14.2,4.1,3.2,2.5,1.5,18.6,14.9,16.7,5.4,13.7,26.7,4.1,74.9,34.5,40.5,0.5,9.9,1.9,8.0,13.6,12.2,0.2,1.0,0.2,1.1,E06000025,South Gloucestershire,matched_reference,E06000025,South Gloucestershire
E06000030,Swindon UA,0.18758302872273191,-0.3307817617074894,2,0.9656397005359163,0.18758302872273191,-0.3307817617074894,4.311031819822246,-0.45896141210651,1.930384646689964,0.7125058709567137,0.0029277985033937153,0.011019620407449918,0.9656397005359163,4.3935533916421287e-05,0.005646496163394454,0.014722448855929916,48.3,35.2,12.0,4.58,76.0,14.4,46.7,0.2,1.3,1.9,4.4,4.2,2.9,24.0,11.6,3.2,4.1,3.4,1.8,20.5,17.4,17.3,4.5,11.6,22.7,5.8,65.5,25.7,39.8,1.3,16.3,11.6,4.7,16.0,14.7,0.2,1.0,0.2,0.9,E06000030,Swindon,matched_reference,E06000030,Swindon
E06000027,Torbay UA,2.5149998170632686,2.371799342009347,4,0.992032186575647,2.5149998170632686,2.371799342009347,-3.2444694629593744,-0.48233533626685593,-0.29681914810898674,1.8800543064649766,7.799942892913509e-05,7.455341423135237e-09,1.1450004434404319e-08,7.834109227932168e-07,0.992032186575647,0.007889011679155991,41.7,34.4,16.3,7.55,65.7,15.7,31.4,0.4,2.1,2.9,6.0,4.5,2.6,34.3,19.6,3.2,3.9,5.8,1.8,25.8,15.0,17.3,4.7,11.8,20.6,4.8,66.8,36.4,30.4,0.9,8.1,0.9,7.2,23.2,21.4,0.1,1.5,0.2,1.0,E06000027,Torbay,matched_reference,E06000027,Torbay
E06000054,Wiltshire UA,0.2766200792767532,-3.5562234957124397,5,0.9726781442706101,0.2766200792767532,-3.5562234957124397,0.06934062762976202,0.04176677045151534,3.124763814229563,-0.8256369563966341,3.4587562457652346e-09,0.027321812657640356,7.164089486248812e-19,3.9612993100309665e-08,8.636048389618396e-19,0.9726781442706101,49.8,34.0,12.1,4.05,73.9,15.0,42.2,0.4,2.1,3.1,5.7,2.9,2.6,26.1,14.7,3.3,4.0,2.7,1.5,18.6,14.0,17.2,3.8,12.7,29.5,4.1,67.5,33.8,33.7,0.8,14.7,3.9,10.8,15.4,11.8,1.7,0.8,1.1,1.6,E06000054,Wiltshire,matched_reference,E06000054,Wiltshire
E07000040,East Devon,3.4998697841163366,-2.0412859241053827,5,0.985218798192251,3.4998697841163366,-2.0412859241053827,-3.82460008555502,-0.27292268920618595,-1.0529495805218596,1.2363096338117818,1.4559340496489256e-06,7.972232904551787e-13,5.485402881141064e-08,1.1834310102906294e-07,0.014779572675773034,0.985218798192251,43.8,36.0,15.1,5.12,67.3,16.0,32.5,0.6,2.8,3.9,6.8,2.4,2.3,32.7,22.4,2.9,3.3,2.8,1.3,21.1,13.1,17.0,4.1,11.3,29.1,4.3,75.0,47.1,27.8,0.5,9.3,6.6,2.7,13.6,11.9,0.4,1.1,0.3,1.5,E07000040,East Devon,matched_reference,E07000040,East Devon
E07000041,Exeter,-2.431542377108034,1.1377694388141801,0,1.0,-2.431542377108034,1.1377694388141801,0.19724531796971373,5.519697780901837,0.48785120673682214,1.6472655941017336,1.0,5.462106065445501e-26,2.4129898998963803e-20,1.8680588879658403e-16,4.2470883476322015e-18,2.4011944032943063e-49,49.9,33.4,12.0,4.77,68.0,14.9,36.9,0.2,1.3,2.1,3.9,3.1,5.6,32.0,11.1,12.8,2.9,3.5,1.6,18.3,12.6,14.1,3.2,18.2,28.6,5.0,59.8,30.1,29.7,1.0,17.0,9.7,7.3,21.0,19.6,0.2,1.1,0.2,1.2,E07000041,Exeter,matched_reference,E07000041,Exeter
E07000042,Mid Devon,1.6351981601787957,-2.6024404574308715,5,0.9894901839776574,1.6351981601787957,-2.6024404574308715,-1.6556062533547196,-0.7900359225589199,-0.08442900682623339,0.954636587907011,8.392585773311119e-05,3.017699454981035e-08,7.554810995431947e-05,2.10835617810271e-05,0.01032922831587953,0.9894901839776574,46.6,35.4,13.4,4.55,72.0,15.7,36.1,0.5,2.8,3.9,8.1,2.7,2.1,28.0,16.5,3.2,3.7,3.1,1.5,22.7,13.8,17.1,3.8,12.1,26.4,4.1,69.1,37.3,31.8,0.9,12.6,8.7,3.9,15.5,14.1,0.3,1.0,0.2,1.8,E07000042,Mid Devon,matched_reference,E07000042,Mid Devon
E07000043,North Devon,2.146870877979224,-1.4742411522407672,5,0.999879119176723,2.146870877979224,-1.4742411522407672,-3.346499622079063,-0.4173175465603523,0.7881338150890761,0.7865520215172792,9.652760217382517e-07,1.56433465715777e-07,2.110237069656233e-09,3.3871861122313754e-08,0.0001197231316921634,0.999879119176723,46.4,33.8,14.2,5.61,69.8,16.4,33.3,0.5,2.8,3.6,7.7,3.0,2.5,30.2,18.2,3.0,3.8,3.7,1.6,24.1,14.4,17.2,4.7,12.4,22.9,4.3,68.5,39.1,29.4,0.7,10.8,2.4,8.4,18.4,15.9,0.7,1.3,0.5,1.7,E07000043,North Devon,matched_reference,E07000043,North Devon
E07000044,South Hams,1.6855004132394795,-3.725746735693375,5,0.999971996120553,1.6855004132394795,-3.725746735693375,-4.355368806087481,-0.23424322143447174,-2.0572869250800707,0.5951195822500461,7.054730317387437e-07,1.78015890278979e-11,1.793516915932562e-06,3.449309883306848e-06,2.2055561813634068e-05,0.999971996120553,47.4,34.4,13.3,4.9,68.7,15.1,31.3,0.7,3.2,5.3,8.3,2.3,2.4,31.3,20.2,3.3,3.2,3.1,1.5,17.2,12.1,16.3,4.4,12.1,34.3,3.7,71.7,42.8,28.9,1.1,11.4,1.7,9.6,14.3,12.6,0.3,1.2,0.2,1.5,E07000044,South Hams,matched_reference,E07000044,South Hams
E07000045,Teignbridge,2.575471235780141,-1.3229659883277987,5,0.9000842630379292,2.575471235780141,-1.3229659883277987,-2.2913992256517406,-0.1664561687528109,-0.9480606803728908,1.0488610420062046,9.504372058829074e-05,1.931259316901138e-09,7.362064467918814e-05,4.0516350659355995e-06,0.09974301903047829,0.9000842630379292,44.9,34.9,14.7,5.49,69.1,16.0,34.6,0.5,2.5,3.6,6.5,2.8,2.5,30.9,19.0,3.0,3.3,3.6,2.0,21.5,13.5,16.6,4.5,11.8,28.0,4.2,73.5,40.8,32.7,0.9,8.9,2.2,6.7,15.5,13.9,0.2,1.2,0.2,1.2,E07000045,Teignbridge,matched_reference,E07000045,Teignbridge
E07000046,Torridge,3.30692991228462,-0.7905938731011223,5,0.9960192235522477,3.30692991228462,-0.7905938731011223,-4.650777008223364,-1.144952856432747,-1.0174591582682673,1.356554863665648,1.1895591880130114e-08,1.5950135496829795e-12,2.738474060375776e-10,1.2134684701780428e-08,0.003980752142033829,0.9960192235522477,43.5,34.8,15.4,6.21,67.0,15.6,30.0,0.6,3.1,4.0,8.4,3.4,1.9,33.0,20.5,3.1,3.9,4.0,1.6,25.4,14.3,17.5,4.9,12.1,21.7,4.2,71.5,42.9,28.6,0.7,9.0,1.9,7.1,17.0,15.3,0.2,1.3,0.1,1.9,E07000046,Torridge,matched_reference,E07000046,Torridge
E07000047,West Devon,2.1257644220368266,-2.349340925953467,5,0.9994993061797582,2.1257644220368266,-2.349340925953467,-4.215254530818428,-0.6905383295230192,-1.5623082790687612,0.8741124710441405,1.9270537637275296e-07,3.171441888549326e-11,1.361866980885552e-07,6.94273397839925e-07,0.0004996706230541838,0.9994993061797582,45.9,34.7,14.3,5.14,68.2,15.2,31.1,0.6,3.1,4.5,8.4,3.1,2.2,31.8,19.6,3.3,3.4,3.4,2.1,20.3,12.9,16.8,3.9,11.9,30.0,4.1,73.2,44.0,29.2,0.7,9.5,2.6,6.9,15.0,13.3,0.3,1.2,0.2,1.7,E07000047,West Devon,matched_reference,E07000047,West Devon
E07000048,Christchurch,3.9875621053249524,-0.14030737895610626,5,0.9988621799621126,3.9875621053249524,-0.14030737895610626,-2.231161472250478,-0.5410737941397087,-1.9416361698558016,0.6823485879435162,3.656541060987053e-05,1.1885442404873868e-09,3.9075050802330395e-05,1.5996469275209928e-06,0.0010605787410029141,0.9988621799621126,42.3,35.8,16.1,5.76,65.6,15.6,33.0,0.5,2.0,3.3,5.7,3.1,2.4,34.4,22.9,3.3,3.6,3.2,1.4,23.4,13.7,16.7,5.2,11.3,25.1,4.6,74.4,45.7,28.7,0.8,13.0,0.9,12.0,10.8,9.8,0.1,0.8,0.1,1.0,E07000048,Christchurch,matched_reference,E07000048,Christchurch
E07000049,East Dorset,4.266444228358481,-2.526934193687519,5,0.9894120521625149,4.266444228358481,-2.526934193687519,-1.5297359611984753,0.07516144091643936,-1.6670553006984454,0.4794826015949183,0.0012148582054688618,4.697063000518185e-11,0.0018019743366743345,6.531986202608859e-06,0.007564583262168038,0.9894120521625149,45.3,35.8,14.3,4.64,68.1,15.8,34.9,0.5,2.2,3.6,6.3,2.1,2.7,31.9,22.1,2.6,3.7,2.2,1.3,21.5,13.5,16.4,5.3,11.6,27.7,4.1,80.9,48.0,32.9,0.3,8.3,0.8,7.5,9.2,8.1,0.3,0.6,0.3,1.3,E07000049,East Dorset,matched_reference,E07000049,East Dorset
E07000050,North Dorset,1.375282872680613,-3.3499638679931554,5,0.9999884890048271,1.375282872680613,-3.3499638679931554,-1.7567508416784847,-0.5980098642508542,1.5254274997461483,0.07296113778254766,2.9733540634307667e-07,1.1074277961697417e-05,6.233623331468907e-12,1.3837482455405366e-07,1.0007474027648924e-09,0.9999884890048271,47.8,35.2,12.8,4.15,71.0,14.6,38.1,0.5,2.4,3.7,7.0,2.6,2.0,29.0,17.0,3.9,3.7,2.6,1.8,20.0,14.2,17.8,4.1,12.6,26.9,4.4,69.8,39.4,30.4,0.8,13.5,1.0,12.5,14.3,11.3,1.4,0.9,0.7,1.7,E07000050,North Dorset,matched_reference,E07000050,North Dorset
E07000051,Purbeck,2.5430411075497417,-2.2497584539479956,5,0.999993446221957,2.5430411075497417,-2.2497584539479956,-2.764312518441926,-0.5265135882096462,1.9832334871791688,0.5270401876070208,3.762011249007591e-08,6.51349731587219e-06,6.644883095700675e-14,1.871006571667478e-09,7.895410537939009e-10,0.999993446221957,45.0,35.9,14.1,5.01,69.2,16.1,35.7,0.5,2.3,3.4,6.0,2.8,2.3,30.8,20.1,2.8,3.5,2.9,1.5,21.6,14.3,16.8,5.0,12.1,25.7,4.5,69.5,42.4,27.1,0.8,12.5,2.3,10.2,15.3,12.2,1.5,0.9,0.8,1.8,E07000051,Purbeck,matched_reference,E07000051,Purbeck
E07000052,West Dorset,2.340736310298209,-2.480470263334493,5,0.9996653026758302,2.340736310298209,-2.480470263334493,-3.814376854438788,-0.7455196693794349,-1.1787640086742006,0.42123641188168187,6.302921917488605e-07,3.4185327469561726e-10,6.278953202555005e-07,3.3333399513283395e-07,0.00033310546080948333,0.9996653026758302,44.4,35.9,14.7,4.99,67.6,15.5,32.9,0.6,2.7,4.3,7.0,2.3,2.3,32.4,21.2,3.4,3.4,2.9,1.5,20.1,12.6,16.5,4.4,11.8,30.8,3.9,69.4,44.1,25.4,0.8,13.9,0.8,13.0,13.7,12.2,0.5,0.8,0.2,2.1,E07000052,West Dorset,matched_reference,E07000052,West Dorset
E07000053,Weymouth and Portland,2.5660211539126516,1.9564341829559193,4,0.9872653112256682,2.5660211539126516,1.9564341829559193,-1.1715604472643657,-0.17053572170678166,0.3645919604781298,1.675859791541655,0.0036667484684840255,8.705582369267201e-07,0.0001449841871443874,5.523523505268245e-06,0.9872653112256682,0.008916562036961697,42.3,36.7,15.0,5.94,67.1,17.1,34.4,0.3,1.8,2.3,4.7,3.9,2.5,32.9,18.2,3.1,3.7,4.9,3.0,22.5,14.9,17.4,5.2,13.1,22.5,4.4,66.8,36.5,30.3,0.6,13.6,4.5,9.1,17.8,16.3,0.1,1.1,0.2,1.2,E07000053,Weymouth and Portland,matched_reference,E07000053,Weymouth and Portland
E07000078,Cheltenham,-2.0422608023956594,-1.4421588994655217,0,0.9999615935913296,-2.0422608023956594,-1.4421588994655217,0.9025311125844258,2.5597242251978294,-0.23438001115019974,0.952397026085292,0.9999615935913296,9.718458955949175e-09,2.4128723867347712e-05,9.134088054396093e-06,5.133878279492162e-06,1.0788729186638828e-14,49.9,34.3,11.8,3.99,72.9,13.4,41.9,0.3,1.6,2.7,4.9,3.3,4.7,27.1,12.7,6.3,3.5,3.0,1.6,16.6,11.4,14.4,3.1,13.8,36.2,4.6,64.6,32.1,32.4,0.7,12.2,8.0,4.2,21.5,20.1,0.1,1.0,0.2,1.1,E07000078,Cheltenham,matched_reference,E07000078,Cheltenham
E07000079,Cotswold,-0.2449773041829126,-4.623289159238105,5,0.9999457272054797,-0.2449773041829126,-4.623289159238105,-2.8945444417956234,-1.104721048085538,0.12384015195264335,-0.07900750398549532,2.8376009457406156e-07,6.650433734843146e-06,3.1922346219163304e-10,4.733824787377706e-05,3.3593522251008275e-11,0.9999457272054797,48.8,35.1,12.3,3.81,71.9,14.5,36.5,0.6,3.2,4.6,7.7,2.5,2.4,28.1,16.2,4.4,3.9,2.1,1.4,18.5,12.8,15.8,3.2,11.9,33.7,4.1,65.7,37.8,27.9,1.2,14.9,1.7,13.1,15.2,13.2,0.8,0.8,0.4,3.0,E07000079,Cotswold,matched_reference,E07000079,Cotswold
E07000080,Forest of Dean,2.8922436148649093,-0.7099817729420305,5,0.7310425643629378,2.8922436148649093,-0.7099817729420305,-1.482655286080234,-0.26191181436435446,-0.08687226476577513,0.4297926051755073,0.0006982643051114334,2.8500229419522795e-07,0.0016501279695362156,1.8648333897872737e-06,0.2666068935267309,0.7310425643629378,44.3,35.8,14.5,5.44,68.8,14.9,35.4,0.4,2.3,3.2,6.4,3.5,2.6,31.2,17.7,4.4,3.9,3.7,1.6,24.5,14.3,16.8,4.5,12.0,24.0,3.9,74.3,40.9,33.4,0.5,12.4,2.3,10.1,11.2,9.5,0.4,1.0,0.4,1.6,E07000080,Forest of Dean,matched_reference,E07000080,Forest of Dean
E07000081,Gloucester,0.8552644396038565,0.5842638505502975,2,0.8545585443457969,0.8552644396038565,0.5842638505502975,3.137890964085802,0.5599065331371952,1.6704888030610296,1.342863451226588,0.04730260899403946,0.0036540884278787635,0.8545585443457969,7.634967638290771e-05,0.09407715662051497,0.00033125193538761254,46.6,35.5,13.1,4.89,73.9,16.1,43.2,0.2,1.2,1.6,3.9,4.3,3.3,26.1,12.1,4.2,4.0,4.0,1.9,21.8,16.1,17.3,4.3,13.2,22.2,5.2,67.2,29.2,38.0,1.1,13.3,7.8,5.5,17.4,15.9,0.2,1.0,0.2,1.0,E07000081,Gloucester,matched_reference,E07000081,Gloucester
E07000082,Stroud,1.693579235716619,-3.148013562858319,5,0.9314062682429507,1.693579235716619,-3.148013562858319,0.162633700781203,0.32294807760380867,-0.9759843776488787,0.12824381779225108,0.0023588538165393662,1.1904068554789256e-07,0.060207148727216504,2.427297146670292e-05,0.006003337201141248,0.9314062682429507,47.7,35.2,12.8,4.3,73.2,15.7,38.9,0.5,2.3,4.0,6.4,2.8,2.5,26.8,15.6,3.6,3.5,2.8,1.3,18.2,12.9,15.6,4.7,12.2,32.9,3.6,73.2,38.1,35.2,0.6,12.8,10.1,2.7,12.1,11.1,0.2,0.7,0.1,1.3,E07000082,Stroud,matched_reference,E07000082,Stroud
E07000083,Tewkesbury,1.8125543247122073,-3.03295954377594,5,0.996353930687946,1.8125543247122073,-3.03295954377594,0.6836896668147138,0.12678146417400202,0.6282537182065947,-0.01127518531197804,0.0009249067209703708,1.9613040761527977e-06,0.0003444896578046681,5.8562406668461375e-06,0.002368855388536268,0.996353930687946,47.6,35.6,12.5,4.28,72.8,15.1,41.7,0.4,2.1,3.0,5.3,2.8,2.4,27.2,16.9,3.0,3.6,2.4,1.4,18.8,13.7,16.7,4.4,12.2,30.2,4.1,73.6,38.1,35.5,0.9,11.9,2.1,9.9,12.4,10.3,0.7,0.8,0.5,1.2,E07000083,Tewkesbury,matched_reference,E07000083,Tewkesbury
E07000187,Mendip,1.575710819575047,-2.291588905564026,5,0.9670335077226442,1.575710819575047,-2.291588905564026,-1.5114898112495314,-0.39480423197083786,-0.7244765691263994,0.888216841070287,0.0002810450545110582,2.5854023000847114e-08,0.0012956621068473592,4.381093252625966e-05,0.031345948329448176,0.9670335077226442,46.8,35.0,13.4,4.79,71.8,16.2,35.9,0.5,2.5,4.2,7.1,2.9,2.5,28.2,15.3,4.2,3.7,3.3,1.6,21.4,13.5,17.1,4.1,12.0,27.9,4.0,70.3,37.7,32.6,0.8,11.9,2.9,9.0,15.5,14.0,0.2,1.1,0.1,1.6,E07000187,Mendip,matched_reference,E07000187,Mendip
E07000188,Sedgemoor,2.6636920960293784,0.01138951905375502,4,0.5611900320410519,2.6636920960293784,0.01138951905375502,-0.8530741233824117,-0.3497325488676556,0.09843956545261806,0.9209218326169771,0.0010672894605088263,6.285012779533725e-07,0.0030031388161296667,4.686122482706035e-06,0.5611900320410519,0.4347342250585489,44.5,35.2,14.8,5.52,69.9,15.8,36.3,0.4,2.2,2.9,6.0,3.6,2.7,30.1,17.0,3.4,4.0,4.0,1.6,25.1,14.7,17.1,4.7,11.8,22.1,4.5,71.3,37.5,33.8,0.6,12.2,7.5,4.7,14.6,13.1,0.2,1.1,0.2,1.4,E07000188,Sedgemoor,matched_reference,E07000188,Sedgemoor
E07000189,South Somerset,2.4258040619357892,-1.7372773784790971,5,0.9935065919781241,2.4258040619357892,-1.7372773784790971,-0.7886460014289324,-0.12670653098530532,0.9366100570890149,0.5454644341731578,0.00029113417528679823,1.772558058536337e-06,4.712702326553825e-05,1.0335593966643724e-06,0.006152340705868335,0.9935065919781241,45.4,35.9,13.8,4.82,71.2,15.8,38.6,0.4,2.1,3.1,6.1,2.7,2.4,28.8,17.9,3.0,3.6,3.1,1.4,21.9,13.7,17.0,5.2,12.4,25.1,4.7,70.3,38.4,31.9,0.8,14.0,4.0,9.9,13.3,11.3,0.6,1.0,0.4,1.6,E07000189,South Somerset,matched_reference,E07000189,South Somerset
E07000190,Taunton Deane,1.1793572437660405,-1.1203903464282858,5,0.5573886396665991,1.1793572437660405,-1.1203903464282858,-0.17964311518362394,0.620881490494646,0.6604169918016284,0.1888398665161884,0.03831592304040066,0.00039777797816249304,0.044416158287199,7.541775884659442e-05,0.3594060832687929,0.5573886396665991,47.1,34.5,13.5,4.88,72.0,16.3,39.3,0.4,2.0,2.8,5.5,2.8,3.0,28.0,15.6,4.0,3.4,3.6,1.5,20.5,13.0,17.9,3.7,12.3,28.1,4.6,66.9,34.8,32.1,0.5,15.6,11.6,4.0,15.4,13.9,0.3,1.0,0.3,1.5,E07000190,Taunton Deane,matched_reference,E07000190,Taunton Deane
E07000191,West Somerset,2.8382472259816396,-0.5391524667560408,5,0.9999404745534048,2.8382472259816396,-0.5391524667560408,-6.222244783984676,-2.036753988321473,-0.8476771860353193,0.9829587687904794,1.509154888973617e-11,7.915729024125094e-12,1.817859492836902e-14,3.8632408147881917e-10,5.9525037245520636e-05,0.9999404745534048,40.6,36.4,16.6,6.44,64.7,14.6,29.3,0.6,3.0,4.5,8.3,2.8,1.8,35.3,23.1,3.0,3.4,4.2,1.6,24.8,13.6,16.7,4.0,10.7,24.8,5.3,66.7,45.0,21.7,0.5,14.6,1.2,13.5,16.1,14.0,0.4,1.2,0.4,2.1,E07000191,West Somerset,matched_reference,E07000191,West Somerset
W06000001,Isle of Anglesey,1.6155271957186483,1.4537975188541892,4,0.8382758860815066,1.6155271957186483,1.4537975188541892,-3.5874532031504933,0.8343024385160754,0.03575788423431289,-1.9470553667295043,0.16171912313849957,1.9957991674192932e-07,1.63302973485805e-06,3.1581695304947205e-06,0.8382758860815066,8.115378559432968e-13,48.0,30.6,15.1,6.32,65.0,13.7,34.0,0.5,2.2,2.3,5.2,4.7,2.4,35.0,20.0,4.5,3.7,5.1,1.8,24.2,12.7,16.2,4.7,11.9,26.1,4.2,68.5,40.7,27.9,0.2,14.7,12.7,1.9,14.1,12.1,0.3,1.3,0.4,2.4,W06000001,Isle of Anglesey,matched_reference,W06000001,Isle of Anglesey
W06000002,Gwynedd,-0.18899137384290854,0.6462111218763112,0,0.9998314941055995,-0.18899137384290854,0.6462111218763112,-4.317167578176263,2.8631136806450654,-0.09020713943539767,-0.8582609486797582,0.9998314941055995,4.384640745967461e-08,5.405704308386154e-10,1.873528840882613e-07,0.00016827415453771823,6.832435415010648e-17,50.4,30.7,13.6,5.34,65.2,13.8,31.3,0.4,2.8,2.6,6.5,3.6,4.2,34.8,16.4,8.8,3.4,4.3,1.8,23.2,11.8,16.1,3.7,14.5,26.4,4.3,65.4,40.3,25.1,0.3,16.3,8.4,8.0,15.4,13.3,0.3,1.5,0.3,2.6,W06000002,Gwynedd,matched_reference,W06000002,Gwynedd
W06000003,Conwy,1.9531765965768524,1.415918524506189,4,0.9977693761932882,1.9531765965768524,1.415918524506189,-3.0939985003966792,0.2920922102751024,-0.919033674649978,-0.6281153591632105,0.0021665227570351313,3.227403694228743e-07,6.251296690936997e-05,4.2907965428548276e-07,0.9977693761932882,8.362627443832082e-07,45.4,32.1,15.5,6.98,65.7,15.1,32.6,0.4,2.5,2.4,5.8,4.1,2.7,34.3,19.8,4.2,3.3,5.3,1.8,25.6,13.1,16.1,3.9,11.3,25.5,4.6,69.4,39.9,29.5,0.7,11.6,5.1,6.6,16.7,15.1,0.1,1.2,0.2,1.6,W06000003,Conwy,matched_reference,W06000003,Conwy
W06000004,Denbighshire,1.6759298749604146,1.7881944714997697,4,0.9922959136854304,1.6759298749604146,1.7881944714997697,-2.396603598078632,0.5007636469325991,-0.40360652298286315,-1.294562398878862,0.007644043464717566,3.796026767306389e-08,5.962623974072553e-05,3.7854088810609124e-07,0.9922959136854304,1.0895537889007348e-10,46.6,31.4,14.7,7.31,65.6,14.3,34.2,0.4,2.3,2.2,5.3,4.2,2.6,34.4,18.5,4.8,3.4,6.0,1.7,25.4,14.0,16.8,3.8,11.4,24.2,4.3,68.5,36.8,31.7,0.7,13.1,8.1,5.0,15.9,14.3,0.2,1.2,0.2,1.8,W06000004,Denbighshire,matched_reference,W06000004,Denbighshire
W06000005,Flintshire,2.5405283778066106,0.7025844702757655,4,0.9261901268796726,2.5405283778066106,0.7025844702757655,1.5405547825621595,1.2209899144255068,0.27119636177947587,-1.1421921236812942,0.00625862323742448,1.968229469676651e-06,0.06754676511079408,2.4549961544097166e-06,0.9261901268796726,6.15464855206517e-08,48.7,32.5,13.2,5.69,70.3,15.0,40.8,0.3,1.6,1.8,4.1,3.9,2.7,29.7,16.8,3.8,3.4,4.3,1.4,23.5,15.4,17.3,4.9,12.2,22.4,4.3,72.8,35.1,37.7,0.5,15.1,11.3,3.8,10.6,9.3,0.1,1.1,0.1,1.0,W06000005,Flintshire,matched_reference,W06000005,Flintshire
W06000006,Wrexham,0.7822403568907769,2.3118910295852717,4,0.9778239585940871,0.7822403568907769,2.3118910295852717,0.6645048015991052,0.4736141942550991,0.6059413584338178,-1.6648483448369722,0.02138029640945063,6.509492222607036e-09,0.000783434761347919,1.2303720437582848e-05,0.9778239585940871,5.185193382960646e-12,47.2,32.5,14.1,6.21,69.3,14.8,39.5,0.3,1.8,1.7,3.8,4.2,3.2,30.7,15.2,4.5,3.8,5.3,1.8,26.7,13.9,16.1,3.9,11.5,22.8,5.0,63.6,30.4,33.2,0.4,22.4,19.2,3.3,11.9,10.6,0.1,1.0,0.1,1.7,W06000006,Wrexham,matched_reference,W06000006,Wrexham
W06000023,Powys,1.8909651147906357,-1.4742029709796813,5,0.9999602955525032,1.8909651147906357,-1.4742029709796813,-4.61828803552099,-0.7314003760089842,-0.07319037785007168,-0.023621463051679205,2.4990644778573473e-07,3.2039974081361013e-07,4.667737128025634e-10,6.29830744759002e-08,3.90706914600735e-05,0.9999602955525032,44.8,34.2,14.9,6.13,69.6,14.5,32.5,0.5,3.2,3.5,10.1,3.0,2.1,30.4,18.0,3.7,3.2,4.1,1.5,24.8,12.6,16.4,3.8,11.5,26.3,4.5,68.7,43.9,24.8,0.3,14.0,9.2,4.8,14.8,12.9,0.4,1.3,0.3,2.2,W06000023,Powys,matched_reference,W06000023,Powys
W06000008,Ceredigion,-0.9019582658736786,0.7464882836527913,0,1.0,-0.9019582658736786,0.7464882836527913,-6.195586390357615,5.959410639403899,-1.2135933108512633,1.4891856999819046,1.0,2.3198113767958962e-33,3.573218498607271e-28,8.023769780175394e-21,1.3316119631311477e-17,1.1427476856672552e-52,47.1,32.1,14.4,6.34,61.1,11.5,26.4,0.4,2.8,3.1,8.1,2.6,6.2,38.9,16.6,13.6,2.8,4.4,1.4,19.8,10.5,15.0,3.2,19.2,27.9,4.3,67.6,43.8,23.8,0.3,10.1,3.2,6.9,19.9,17.9,0.2,1.3,0.5,2.1,W06000008,Ceredigion,matched_reference,W06000008,Ceredigion
W06000009,Pembrokeshire,2.2953171952437614,0.9381413121522848,4,0.9989480747579897,2.2953171952437614,0.9381413121522848,-3.940669435949342,-0.41548183024087015,-0.6071169621897221,-0.6940401423516301,0.0007994032572790483,6.484175260525959e-07,1.397628700778237e-05,4.78321342094863e-07,0.9989480747579897,0.0002374189588554211,45.4,32.6,15.3,6.8,66.0,15.3,30.9,0.5,3.0,3.0,6.9,4.0,2.2,34.0,18.7,3.8,4.3,5.3,1.9,24.6,13.6,16.8,4.3,11.8,24.8,4.1,68.8,42.0,26.8,0.3,15.6,11.0,4.7,13.5,11.6,0.4,1.3,0.2,1.7,W06000009,Pembrokeshire,matched_reference,W06000009,Pembrokeshire
W06000010,Carmarthenshire,2.4225463289526616,2.5181171665017192,4,0.9971812489465118,2.4225463289526616,2.5181171665017192,-2.8960560787660325,0.3391527151438665,-1.0775339615585617,-2.335561089695397,0.002816622122192832,6.029390181945171e-13,2.1248698218089528e-06,4.060869953973737e-09,0.9971812489465118,1.7834391559765883e-20,45.0,30.3,16.3,8.44,64.9,13.9,33.7,0.4,2.2,2.2,6.2,3.7,2.5,35.1,18.1,4.5,3.8,6.8,1.9,26.8,13.1,16.4,4.3,11.2,23.9,4.4,71.5,41.4,30.0,0.2,14.8,11.2,3.6,11.8,10.4,0.1,1.1,0.2,1.7,W06000010,Carmarthenshire,matched_reference,W06000010,Carmarthenshire
W06000011,Swansea,-0.08183176020063579,4.1299711227880715,0,0.9989815392322732,-0.08183176020063579,4.1299711227880715,-1.7657924224381425,3.395628393600218,-0.5576484810059721,-2.177246977242007,0.9989815392322732,2.5477871355946888e-15,1.7734382212339472e-12,1.0279148765607574e-08,0.00101845048680196,1.3438779373717297e-37,48.7,29.3,14.0,8.09,63.0,14.2,33.7,0.3,1.5,1.6,3.1,3.9,4.6,37.0,15.6,8.7,3.7,6.9,2.1,23.9,12.3,15.3,4.3,13.9,25.8,4.4,64.0,33.4,30.6,0.3,19.2,12.7,6.5,14.7,13.2,0.1,1.2,0.2,1.7,W06000011,Swansea,matched_reference,W06000011,Swansea
W06000012,Neath Port Talbot,2.6432661079829303,6.004953267774215,4,0.9998548932668381,2.6432661079829303,6.004953267774215,-1.4835281577978465,0.43509919539521036,-0.5352077405632871,-4.262267598783801,0.00014510673293540095,1.1594164576922037e-34,1.2435903280231839e-15,2.255880678753232e-13,0.9998548932668381,9.800637522283247e-56,45.0,28.4,16.2,10.46,62.3,13.9,35.9,0.3,1.2,1.3,2.9,4.5,2.2,37.7,17.3,4.3,4.3,9.6,2.3,30.9,14.4,16.0,5.1,11.0,18.8,3.9,68.7,36.4,32.3,0.2,19.1,12.4,6.7,10.2,8.9,0.1,1.1,0.1,1.8,W06000012,Neath Port Talbot,matched_reference,W06000012,Neath Port Talbot
W06000013,Bridgend,2.0876409573488517,4.117642720299652,4,0.999373742130408,2.0876409573488517,4.117642720299652,-0.8629254983417473,0.1995157077504878,-0.8532041640037379,-3.0226006815035866,0.0006262495286050146,4.888312060560395e-20,7.735868681002262e-09,6.051178975341206e-10,0.999373742130408,4.814753514147858e-31,46.1,29.9,15.1,8.9,64.6,14.2,37.0,0.3,1.5,1.5,3.3,4.6,2.3,35.4,16.7,4.1,3.9,7.7,3.0,28.3,14.0,16.0,4.2,10.8,22.6,4.1,72.4,35.0,37.4,0.2,13.8,4.0,9.9,12.3,10.8,0.1,1.2,0.2,1.3,W06000013,Bridgend,matched_reference,W06000013,Bridgend
W06000014,The Vale of Glamorgan,1.5759509563727987,0.24517328991124154,4,0.9508717234086637,1.5759509563727987,0.24517328991124154,-0.6380432662753485,1.122295645277708,-0.17009006450948266,-1.3233061034289535,0.030166531837213996,3.90155321891256e-06,0.018952317027106556,5.465336850927071e-06,0.9508717234086637,6.083694533739033e-08,48.0,32.0,13.6,6.39,69.0,14.9,38.1,0.4,2.2,2.3,4.4,4.3,2.5,31.0,16.2,4.6,3.7,4.8,1.6,20.5,12.9,16.9,4.2,11.9,29.8,4.0,72.2,35.4,36.8,0.2,11.9,7.5,4.4,14.6,12.7,0.4,1.2,0.3,1.1,W06000014,The Vale of Glamorgan,matched_reference,W06000014,Vale of Glamorgan
W06000015,Cardiff,-3.6855284864185958,2.544148735352058,0,0.9999999962209287,-3.6855284864185958,2.544148735352058,-0.5240552308416019,3.9279830096887727,-0.390454568196617,-0.37411777903595544,0.9999999962209287,1.0956886169468e-16,4.5229653026629506e-18,3.7788970080786865e-09,1.749448315749732e-13,6.507008685856841e-40,50.4,31.1,12.1,6.43,67.1,12.5,37.3,0.3,1.5,1.8,3.5,4.4,5.9,32.9,10.4,10.9,4.0,5.2,2.4,20.7,11.0,13.0,2.8,15.2,32.3,5.0,59.1,26.5,32.6,0.4,17.1,9.5,7.6,21.9,20.3,0.1,1.2,0.3,1.4,W06000015,Cardiff,matched_reference,W06000015,Cardiff
W06000016,Rhondda Cynon Taf,1.870146952516638,5.395672057637419,4,0.9976829543137501,1.870146952516638,5.395672057637419,-1.112639073612917,0.9776240056521388,-0.9751705476483532,-2.7305044630028483,0.0023170446694139933,1.132461645515931e-19,6.827687074034912e-11,9.485589376631835e-10,0.9976829543137501,1.0434839097946953e-34,44.9,29.7,15.9,9.6,63.2,13.4,35.6,0.2,1.4,1.3,3.5,4.7,3.1,36.8,16.0,5.8,4.1,8.6,2.3,31.8,14.1,15.6,3.5,11.4,19.6,4.0,71.0,36.5,34.5,0.2,13.7,6.9,6.9,13.7,12.4,0.0,1.1,0.1,1.5,W06000016,Rhondda Cynon Taf,matched_reference,W06000016,Rhondda Cynon Taf
W06000024,Merthyr Tydfil,1.453433474227039,6.259576845921527,4,0.999689186176824,1.453433474227039,6.259576845921527,-1.3528889369851615,-0.5385694472435824,-0.25862844421347647,-4.465525386867179,0.0003108138216919796,4.850852991392291e-39,7.305878321662401e-19,1.4843030521233815e-12,0.999689186176824,1.9234418441240562e-55,44.1,28.8,15.9,11.17,64.2,13.6,36.6,0.3,1.4,1.2,3.0,5.7,2.5,35.8,15.4,4.8,3.9,9.5,2.3,34.3,14.3,15.1,3.7,10.1,17.8,4.9,65.3,34.1,31.2,0.2,21.1,9.8,11.3,11.6,10.3,0.1,1.0,0.2,1.9,W06000024,Merthyr Tydfil,matched_reference,W06000024,Merthyr Tydfil
W06000018,Caerphilly,2.2521941837319317,5.175742350459244,4,0.9997701206461831,2.2521941837319317,5.175742350459244,0.2857921955821084,0.09075623214106991,-0.639500747493818,-3.072509162996239,0.00022987857688726727,3.067076328384976e-23,4.561339985833147e-10,3.2079514450462407e-10,0.9997701206461831,1.2971560341578663e-34,44.4,30.4,15.9,9.32,64.9,13.2,38.3,0.3,1.4,1.3,3.1,5.1,2.2,35.1,16.1,4.5,4.3,8.2,2.1,31.4,14.9,16.2,3.9,11.2,18.7,3.7,69.3,32.5,36.8,0.3,18.7,14.0,4.7,10.7,9.6,0.0,1.0,0.1,0.9,W06000018,Caerphilly,matched_reference,W06000018,Caerphilly
W06000019,Blaenau Gwent,1.6791571057129535,7.841927749171356,4,0.9998672270046272,1.6791571057129535,7.841927749171356,-1.1812513444547996,-1.5175184266710189,-0.2882510975395525,-3.5696586091004243,0.00013277299523694515,3.642071044836146e-39,7.871895704963921e-20,1.3547348476983651e-13,0.9998672270046272,7.774234998524194e-50,41.9,30.6,16.8,10.69,62.0,13.1,35.0,0.3,1.1,1.0,2.6,6.9,2.1,38.0,16.8,4.3,4.5,9.6,2.7,36.0,15.8,15.5,3.5,9.8,15.2,4.2,62.1,32.9,29.1,0.1,23.9,11.1,12.9,12.8,11.4,0.1,1.0,0.3,1.0,W06000019,Blaenau Gwent,matched_reference,W06000019,Blaenau Gwent
W06000020,Torfaen,2.257429695751638,4.305139294311197,4,0.9994550181175927,2.257429695751638,4.305139294311197,0.7914929821998654,-0.3821377579956645,-0.18162590500835815,-2.5599148755392362,0.0005446423931369529,4.6715138409355745e-19,3.348810433797433e-07,4.608226220346615e-09,0.9994550181175927,4.480862091690001e-25,43.3,32.5,15.5,8.68,66.3,14.4,38.7,0.3,1.3,1.2,3.1,4.8,2.6,33.7,16.8,4.0,4.4,6.7,1.8,28.9,15.0,16.3,4.3,11.2,20.3,4.0,66.2,31.6,34.6,0.5,23.6,10.0,13.7,8.6,7.5,0.0,0.9,0.2,1.0,W06000020,Torfaen,matched_reference,W06000020,Torfaen
W06000021,Monmouthshire,1.6905830876010914,-0.9007247373549179,2,0.9199687296432334,1.6905830876010914,-0.9007247373549179,-1.287151372004094,-0.06841517376625744,-1.523635419488051,-1.3359072144645898,0.014491541464320943,4.686969263561331e-06,0.9199687296432334,2.4731784203441744e-05,0.06538191184061429,0.00012839829836377832,46.4,33.7,14.0,5.93,68.5,14.1,36.7,0.4,2.5,3.0,6.1,3.4,2.3,31.5,17.6,4.3,3.7,4.0,1.9,20.7,12.6,15.4,3.9,10.8,33.1,3.6,73.6,39.9,33.7,0.4,13.8,4.2,9.7,10.8,9.5,0.2,0.9,0.2,1.4,W06000021,Monmouthshire,matched_reference,W06000021,Monmouthshire
W06000022,Newport,0.43936662841870844,3.3648629153117575,4,0.9908168210650191,0.43936662841870844,3.3648629153117575,0.6563386585317871,-0.00018257481386893166,-0.15281502907760644,-1.3818785372334688,0.009131302352316828,6.397025898563652e-10,4.1864818114175097e-05,1.0011124642360202e-05,0.9908168210650191,2.0408534803668965e-13,45.7,32.8,14.1,7.36,67.5,14.8,37.3,0.3,1.5,1.5,3.2,5.3,3.6,32.5,14.6,5.3,4.4,5.7,2.3,27.0,14.1,15.3,4.0,11.3,23.4,4.8,64.2,29.8,34.4,0.5,19.8,9.8,10.0,14.0,12.9,0.1,0.8,0.2,1.4,W06000022,Newport,matched_reference,W06000022,Newport
