area_code,area_name,umap1,umap2,bgmm_cluster,bgmm_confidence,cluster_prob_0,cluster_prob_1,cluster_prob_2,cluster_prob_3,cluster_prob_4,cluster_prob_5,pct_very_good,pct_good,pct_fair,pct_bad_or_very_bad,pct_active_total,pct_employee_part_time,pct_employee_full_time,pct_self_emp_with_employees_part_time,pct_self_emp_with_employees_full_time,pct_self_emp_without_employees_part_time,pct_self_emp_without_employees_full_time,pct_unemployed,pct_full_time_student_active,pct_inactive_total,pct_retired,pct_student_inactive,pct_looking_after_home_family,pct_long_term_sick_disabled,pct_other_inactive,pct_no_qualifications,pct_level_1,pct_level_2,pct_apprenticeship,pct_level_3,pct_level_4_and_above,pct_other_qualifications,pct_owned_total,pct_owned_outright,pct_owned_mortgage_loan,pct_shared_ownership,pct_social_rented_total,pct_social_rented_council,pct_social_rented_other,pct_private_rented_total,pct_private_rented_landlord_agency,pct_private_rented_employer,pct_private_rented_relative_friend,pct_private_rented_other,pct_living_rent_free,area_code_map,area_name_map,tableau_lad_match_status,LAD_Code,LAD_Name
E06000047,County Durham UA,8.502304,1.176964,4,0.9971903395903395,1.725298862671059e-07,2.638713451391359e-10,0.002787379828676992,2.0375560258311116e-11,0.9971903395903395,2.210776685037324e-05,42.4,33.4,16.1,8.16,64.4,13.2,37.5,0.3,1.5,1.5,3.3,4.4,2.7,35.6,17.1,6.2,3.7,6.5,2.2,27.5,13.4,16.0,4.2,13.6,21.5,3.9,65.8,31.0,34.8,0.2,20.1,12.8,7.3,12.6,11.4,0.1,0.9,0.2,1.3,E06000047,County Durham,matched_reference,E06000047,County Durham
E06000005,Darlington UA,8.074884,2.477538,4,0.8228362125057372,4.334503271858324e-05,1.7382859927059526e-05,0.1070621024044399,0.00034461017647961827,0.8228362125057372,0.06969634702069755,44.6,35.2,14.3,5.88,69.7,15.1,39.6,0.3,1.6,1.7,3.7,5.2,2.5,30.3,15.9,3.6,4.0,4.9,1.9,24.8,13.4,15.9,5.1,12.7,23.7,4.3,64.9,29.6,35.3,0.4,15.5,11.2,4.3,18.2,16.6,0.2,1.2,0.2,1.0,E06000005,Darlington,matched_reference,E06000005,Darlington
E06000001,Hartlepool UA,7.9705706,0.97051936,4,0.999219235778051,1.4668072666544852e-05,4.3800929400552175e-11,0.0007460473466030695,2.0975683786398223e-12,0.999219235778051,2.004875678102136e-05,43.3,32.7,15.9,8.14,65.1,15.1,33.9,0.3,1.3,1.3,2.8,7.8,2.7,34.9,15.9,4.6,4.9,7.1,2.4,30.7,13.5,16.2,5.5,12.5,17.6,4.0,59.8,27.4,32.4,0.5,23.5,9.9,13.6,14.8,13.7,0.1,0.9,0.2,1.4,E06000001,Hartlepool,matched_reference,E06000001,Hartlepool
E06000002,Middlesbrough UA,7.385112,0.9736777,4,0.9975681021047338,0.0019268602010377456,4.065659380187315e-11,0.0004152701077760375,1.2455611121690858e-11,0.9975681021047338,8.976753334021914e-05,45.4,32.7,14.2,7.62,63.2,15.0,31.1,0.3,1.1,1.3,2.5,7.6,4.4,36.8,13.8,7.4,5.5,6.8,3.2,29.9,13.6,15.3,4.4,13.2,18.5,5.0,57.2,26.6,30.6,0.6,23.9,10.6,13.3,16.6,15.1,0.2,1.0,0.3,1.7,E06000002,Middlesbrough,matched_reference,E06000002,Middlesbrough
E06000048,Northumberland UA,9.117931,3.4228213,2,0.9231578966079845,7.131035809889815e-10,4.554323248058119e-05,0.9231578966079845,0.00018311792485033144,0.01253475967224846,0.06407868184933235,44.0,34.3,15.4,6.33,67.9,14.7,37.0,0.4,2.3,2.2,4.5,4.4,2.2,32.1,18.8,3.5,3.6,4.4,1.8,23.9,13.7,16.5,4.5,12.1,25.6,3.8,65.8,33.3,32.6,0.4,18.7,10.7,8.0,13.3,11.7,0.3,1.0,0.3,1.8,E06000048,Northumberland,matched_reference,E06000048,Northumberland
E06000003,Redcar and Cleveland UA,8.312485,1.2094918,4,0.9977538251261826,9.776803749751051e-07,3.5732169749502826e-10,0.0022067425803274352,4.799011024944702e-11,0.9977538251261826,3.845420780299367e-05,42.4,33.9,15.9,7.84,64.1,15.4,33.6,0.3,1.2,1.4,2.9,6.6,2.5,35.9,19.4,4.2,4.4,5.9,2.1,28.4,13.5,16.4,5.7,13.1,18.9,3.9,66.6,33.2,33.4,0.4,19.4,10.1,9.3,12.5,11.2,0.1,1.0,0.2,1.1,E06000003,Redcar and Cleveland,matched_reference,E06000003,Redcar and Cleveland
E06000004,Stockton-on-Tees UA,7.9637475,1.8935441,4,0.9848811407890532,4.9122610572373546e-05,1.5686419397400436e-07,0.011199251038293839,1.3363553689758871e-06,0.9848811407890532,0.0038689923425174392,46.3,33.5,13.8,6.33,68.4,15.7,37.6,0.3,1.4,1.5,3.1,5.7,3.0,31.6,14.8,5.2,4.2,4.9,2.5,23.8,13.9,16.9,5.2,13.6,22.8,3.9,68.5,29.4,39.1,0.3,17.2,9.2,8.0,13.1,11.9,0.1,1.0,0.2,0.8,E06000004,Stockton-on-Tees,matched_reference,E06000004,Stockton-on-Tees
E08000020,Gateshead,8.82112,1.5856978,4,0.983974432977245,1.6894896312594356e-08,6.433738954189758e-09,0.015881094361711815,4.828240048809381e-09,0.983974432977245,0.000144444504168091,42.6,33.9,15.6,7.96,67.7,14.2,39.8,0.2,1.3,1.4,3.0,5.0,2.7,32.3,15.9,4.6,3.8,6.0,2.0,28.0,14.3,15.5,5.2,11.3,21.5,4.1,58.2,25.9,32.3,0.4,28.0,22.4,5.6,12.5,11.4,0.1,0.9,0.1,0.9,E08000020,Gateshead,matched_reference,E08000020,Gateshead
E08000021,Newcastle upon Tyne,5.691662,1.0934874,0,0.997814018449769,0.997814018449769,2.038708841613623e-13,1.350221129384873e-06,7.128500376938668e-10,0.0020755443578612362,0.00010908625818650236,47.8,31.8,13.6,6.83,62.9,12.1,32.8,0.3,1.4,1.5,2.9,5.0,6.8,37.1,11.5,13.7,4.2,5.4,2.3,23.6,11.3,12.5,3.4,17.1,27.2,4.9,49.5,22.4,27.1,0.4,29.7,23.3,6.4,19.1,17.5,0.1,1.1,0.4,1.3,E08000021,Newcastle upon Tyne,matched_reference,E08000021,Newcastle upon Tyne
E08000022,North Tyneside,8.465603,2.1082141,4,0.9470222437254301,9.36450235507663e-07,5.583014523968521e-07,0.04787306450177014,4.410983541634994e-06,0.9470222437254301,0.005098786037570289,44.8,33.3,15.0,6.8,70.5,14.8,41.5,0.2,1.4,1.5,3.3,4.9,2.8,29.5,15.9,3.6,3.4,5.0,1.6,23.7,14.0,16.1,5.3,11.9,25.3,3.7,64.8,28.1,36.7,0.4,21.6,16.0,5.6,12.4,11.1,0.1,1.1,0.1,0.9,E08000022,North Tyneside,matched_reference,E08000022,North Tyneside
E08000023,South Tyneside,8.755932,1.4424636,4,0.9907598725811831,2.4781636123385062e-08,2.1445609172080618e-09,0.009171504270562209,7.338422501608163e-10,0.9907598725811831,6.859548821553289e-05,42.8,33.0,16.0,8.25,66.7,14.2,37.5,0.3,1.3,1.2,2.7,6.6,3.0,33.3,15.9,4.2,4.3,6.6,2.2,28.0,14.6,16.2,6.1,12.0,19.2,3.9,57.1,25.3,31.8,0.4,31.6,25.3,6.3,10.1,9.0,0.1,0.9,0.1,0.9,E08000023,South Tyneside,matched_reference,E08000023,South Tyneside
E08000024,Sunderland,8.179666,0.9781279,4,0.9989695023890653,2.405008248612062e-06,4.815621310210231e-11,0.0010149474557350378,1.4729270223639206e-12,0.9989695023890653,1.3145097321639605e-05,42.6,32.9,16.0,8.58,65.9,14.2,36.9,0.3,1.2,1.4,2.7,5.8,3.4,34.1,15.7,5.2,4.2,6.9,2.1,29.1,15.5,16.2,5.0,12.0,18.2,4.0,59.8,27.1,32.7,0.3,27.1,14.0,13.1,12.2,10.9,0.1,0.9,0.3,0.7,E08000024,Sunderland,matched_reference,E08000024,Sunderland
E06000008,Blackburn with Darwen UA,7.4751945,1.3596171,4,0.9967933291250307,0.0013544904050154711,1.6143985901416576e-09,0.0012459737752724066,4.538635894165489e-09,0.9967933291250307,0.0006062005416469858,45.4,33.2,14.1,7.3,64.2,13.9,34.1,0.5,1.6,2.0,3.6,5.3,3.2,35.8,12.7,5.8,6.8,7.1,3.5,28.7,14.3,15.2,3.9,11.4,19.8,6.6,64.2,31.5,32.7,0.5,18.1,5.6,12.5,15.7,14.1,0.1,1.1,0.3,1.5,E06000008,Blackburn with Darwen,matched_reference,E06000008,Blackburn with Darwen
E06000009,Blackpool UA,9.8026085,2.9488997,2,0.9663646280844937,7.93012370485595e-13,7.889295723537442e-07,0.9663646280844937,3.065091392433029e-05,0.02758185343108481,0.00602207864013153,39.8,33.8,16.9,9.48,66.0,14.3,33.0,0.3,1.6,2.3,5.3,6.1,3.1,34.0,16.2,3.7,3.8,7.9,2.4,31.3,15.5,17.1,4.2,11.6,15.5,4.7,61.6,30.0,31.6,0.4,10.9,7.5,3.4,26.1,24.2,0.1,1.6,0.2,1.1,E06000009,Blackpool,matched_reference,E06000009,Blackpool
E06000049,Cheshire East UA,7.956166,5.18793,2,0.8456522645486049,5.7047688679226035e-08,0.04715446880426259,0.8456522645486049,1.0232785353750291e-08,4.578689990464318e-07,0.10719274149765963,49.1,33.2,12.8,4.91,70.6,14.4,39.4,0.4,2.4,2.8,5.0,3.2,2.8,29.4,17.1,4.2,3.5,3.1,1.5,19.6,12.1,16.0,4.1,12.4,32.0,3.8,74.5,37.5,37.0,0.5,11.4,2.7,8.7,12.5,11.4,0.1,0.8,0.2,1.1,E06000049,Cheshire East,matched_reference,E06000049,Cheshire East
E06000050,Cheshire West and Chester UA,7.8819833,4.574047,2,0.6054010446885325,1.1663421519120847e-06,0.03852355254133403,0.6054010446885325,1.5122161351233122e-05,3.4965134040916626e-05,0.35602414913258934,48.5,33.1,12.9,5.54,70.2,14.9,39.3,0.4,1.9,2.3,4.3,3.7,3.3,29.8,16.4,4.4,3.5,3.9,1.5,21.0,13.3,15.7,4.0,12.9,29.4,3.8,70.8,34.7,36.0,0.8,14.7,7.4,7.3,12.5,11.3,0.2,0.8,0.2,1.2,E06000050,Cheshire West and Chester,matched_reference,E06000050,Cheshire West and Chester
E06000006,Halton UA,8.160215,0.89265615,4,0.9991774289930311,2.605548889813022e-06,2.2614908749617796e-11,0.0008116300588133441,3.5506528650570056e-13,0.9991774289930311,8.335376295907864e-06,46.7,31.6,13.9,7.85,68.4,14.1,40.1,0.2,1.1,1.3,3.2,5.6,2.7,31.6,14.4,4.2,4.2,7.0,1.9,26.9,16.8,18.6,3.8,12.5,17.6,3.7,63.4,27.1,36.3,0.6,25.2,4.7,20.5,9.8,8.9,0.0,0.7,0.1,1.0,E06000006,Halton,matched_reference,E06000006,Halton
E06000007,Warrington UA,7.748766,4.70415,2,0.5789209157624753,1.8672688278898411e-06,0.07547279531383112,0.5789209157624753,6.939734260772617e-06,1.4382439720951886e-05,0.34558309948088384,49.8,32.7,12.1,5.35,72.1,14.6,42.7,0.3,1.6,1.9,3.9,4.0,3.0,27.9,14.8,3.6,3.3,4.1,2.1,20.7,14.6,16.5,4.1,12.6,27.4,4.1,71.5,32.0,39.6,0.7,15.6,7.2,8.4,11.2,10.2,0.1,0.8,0.1,0.8,E06000007,Warrington,matched_reference,E06000007,Warrington
E07000026,Allerdale,8.753421,4.733854,2,0.9335846203087304,3.6213532633897423e-10,0.0007507973972261117,0.9335846203087304,1.190260600350616e-07,6.1290525044559985e-06,0.06565833385334383,44.5,34.5,14.7,6.25,68.9,16.4,36.5,0.5,2.5,2.2,5.1,3.6,2.1,31.1,18.9,3.0,3.2,4.5,1.5,27.0,13.7,16.2,5.0,11.5,22.8,3.8,69.0,39.4,29.6,0.5,19.1,2.7,16.4,9.8,8.5,0.2,0.9,0.2,1.6,E07000026,Allerdale,matched_reference,E07000026,Allerdale
E07000027,Barrow-in-Furness,8.126621,1.7871838,4,0.9889306391055324,1.0699061133767514e-05,5.4901529875432363e-08,0.00952159919240262,2.394173375111269e-07,0.9889306391055324,0.0015367683220638645,42.8,33.1,15.8,8.37,66.3,16.6,36.6,0.3,1.3,1.6,2.9,4.6,2.3,33.7,17.9,3.2,3.5,7.3,1.7,25.4,13.6,15.7,9.2,13.7,19.0,3.4,73.5,36.6,36.9,0.1,11.1,8.7,2.4,14.2,12.8,0.2,1.1,0.2,1.1,E07000027,Barrow-in-Furness,matched_reference,E07000027,Barrow-in-Furness
E07000028,Carlisle,8.358695,4.064622,2,0.7062683371215155,1.5390910495030202e-07,0.002949797695200523,0.7062683371215155,0.00014703909784500704,0.0007757358991788305,0.2898589362771552,45.2,34.9,14.0,5.96,71.9,16.7,39.2,0.4,2.1,1.9,4.8,3.6,3.3,28.1,15.5,3.5,2.9,4.7,1.5,24.9,14.8,16.4,4.6,12.6,22.2,4.6,68.3,34.7,33.6,0.7,15.3,2.7,12.6,14.3,12.9,0.2,1.0,0.2,1.5,E07000028,Carlisle,matched_reference,E07000028,Carlisle
E07000029,Copeland,8.3424635,1.3306743,4,0.9967172156896732,8.758077203983686e-07,9.976989406213036e-10,0.0032084549374328036,2.8705497282205184e-10,0.9967172156896732,7.345228041953316e-05,44.4,33.9,14.9,6.83,67.0,15.1,38.9,0.3,1.6,1.4,3.6,4.2,1.7,33.0,18.3,3.0,3.6,5.4,2.5,27.0,14.2,15.7,5.9,12.4,21.0,3.9,71.0,37.1,33.9,0.3,18.6,7.1,11.4,8.7,7.6,0.2,0.8,0.2,1.4,E07000029,Copeland,matched_reference,E07000029,Copeland
E07000030,Eden,9.676825,6.0238237,2,0.9995115501067341,1.0021165979354275e-16,1.817721743917766e-07,0.9995115501067341,9.113409488779725e-18,3.510647668602473e-11,0.00048826808598528306,46.1,35.8,13.7,4.47,73.4,16.0,35.2,0.7,3.9,3.7,9.0,2.1,2.7,26.6,17.6,2.8,2.4,2.8,1.1,22.7,13.4,16.5,3.7,12.0,27.4,4.2,70.6,43.6,26.9,0.9,10.1,1.3,8.7,16.0,14.0,0.4,1.3,0.2,2.5,E07000030,Eden,matched_reference,E07000030,Eden
E07000031,South Lakeland,9.705285,5.953359,2,0.9994220024918892,1.0153705898293384e-16,1.8148559963771265e-07,0.9994220024918892,3.3146325016866767e-17,6.091882286836358e-11,0.0005778159615922186,46.8,35.1,13.6,4.53,70.4,15.8,35.4,0.6,3.2,3.6,7.3,2.0,2.5,29.6,20.4,3.0,2.3,2.6,1.2,18.9,12.0,15.4,4.6,11.8,33.4,3.9,73.0,44.7,28.3,0.5,10.4,6.8,3.6,14.2,12.5,0.4,1.1,0.2,1.9,E07000031,South Lakeland,matched_reference,E07000031,South Lakeland
E08000001,Bolton,7.729993,1.6018282,4,0.9952427331993673,0.00022778455473063586,1.3818535045531851e-08,0.0032711261894464833,6.388366249559154e-08,0.9952427331993673,0.0012582783542581712,45.4,33.9,14.1,6.62,67.2,13.8,37.2,0.4,1.7,2.0,4.0,4.9,3.1,32.8,14.7,5.1,4.7,5.8,2.4,26.3,14.2,15.8,4.3,12.0,22.2,5.2,63.7,30.4,33.3,0.5,20.5,14.2,6.2,13.7,12.5,0.1,0.9,0.2,1.6,E08000001,Bolton,matched_reference,E08000001,Bolton
E08000002,Bury,8.0720005,3.6671665,5,0.5107074748473099,5.815473271826272e-06,0.0033312619727285174,0.47518633340872407,0.0023753622121050503,0.008393752085860432,0.5107074748473099,47.1,33.3,13.7,5.87,70.3,14.2,40.1,0.4,1.9,2.3,4.5,4.3,2.7,29.7,14.5,4.5,3.8,4.9,1.9,22.6,14.1,17.2,3.5,12.3,25.7,4.7,69.6,31.8,37.8,0.3,15.0,9.4,5.6,13.8,12.6,0.1,1.0,0.1,1.3,E08000002,Bury,matched_reference,E08000002,Bury
E08000003,Manchester,5.799563,1.0239928,0,0.9955592032669849,0.9955592032669849,1.9863458182451152e-13,2.131143736868403e-06,2.332761280366879e-10,0.004334515335723585,0.00010415002007975624,48.8,31.7,12.5,7.09,63.5,10.8,33.7,0.3,1.1,1.8,3.0,5.7,7.1,36.5,7.6,14.1,4.9,6.6,3.3,23.1,11.1,12.0,1.7,16.0,28.9,7.1,37.8,15.2,22.6,0.7,31.6,13.5,18.1,28.4,26.9,0.1,1.1,0.4,1.6,E08000003,Manchester,matched_reference,E08000003,Manchester
E08000004,Oldham,7.5180216,1.2908396,4,0.9976788758839057,0.0008916869875217069,8.382514434481554e-10,0.0010588798510659148,1.3840151829829562e-09,0.9976788758839057,0.00037055505524007364,45.1,33.3,14.6,6.94,66.6,13.9,36.6,0.4,1.6,1.9,3.8,5.4,3.0,33.4,14.0,5.1,5.7,5.8,2.9,29.6,14.6,15.8,4.2,11.7,18.6,5.5,64.9,30.3,34.6,0.4,21.1,9.7,11.4,12.2,10.8,0.1,1.1,0.2,1.4,E08000004,Oldham,matched_reference,E08000004,Oldham
E08000005,Rochdale,7.6004643,1.2311802,4,0.998392452957724,0.0004283281212783206,4.744932981622356e-10,0.0009638031913676619,4.202323683356669e-10,0.998392452957724,0.00021541483490418594,44.5,33.1,14.8,7.56,66.1,13.2,36.4,0.4,1.6,2.0,4.0,5.9,2.7,33.9,13.7,5.3,5.1,6.8,3.0,28.7,14.7,16.4,3.7,11.7,19.4,5.4,61.8,27.8,34.1,0.4,23.1,15.6,7.5,13.2,12.0,0.1,1.0,0.1,1.4,E08000005,Rochdale,matched_reference,E08000005,Rochdale
E08000006,Salford,7.20857,0.95821005,4,0.9917586747499599,0.0077518760111407615,3.342916900192156e-11,0.000354581987490143,1.7828264813302927e-11,0.9917586747499599,0.00013486720015218622,46.0,32.4,14.0,7.57,68.2,12.5,39.3,0.2,1.2,1.5,3.6,5.2,4.7,31.8,12.1,5.8,4.1,6.9,2.9,27.1,13.9,15.4,3.4,12.6,22.3,5.3,50.3,21.8,28.5,0.5,28.8,17.8,11.0,18.8,17.6,0.1,0.8,0.2,1.6,E08000006,Salford,matched_reference,E08000006,Salford
E08000007,Stockport,7.8195577,4.44601,2,0.5228210141002071,2.879812604397311e-06,0.038432155098903624,0.5228210141002071,5.714714062592432e-05,7.788022122462868e-05,0.4386089236264345,47.8,33.3,13.3,5.62,71.3,14.6,40.5,0.4,2.0,2.4,4.9,3.9,2.7,28.7,15.3,4.2,3.5,4.2,1.6,20.6,13.5,16.0,4.0,12.1,29.8,3.9,73.2,35.1,38.2,0.8,13.6,8.7,5.0,11.4,10.4,0.1,0.8,0.1,1.0,E08000007,Stockport,matched_reference,E08000007,Stockport
E08000008,Tameside,8.001857,1.0132748,4,0.9991043417778073,1.1715797093471194e-05,6.457019749140606e-11,0.0008600689749206495,3.996644496444398e-12,0.9991043417778073,2.3873381611946294e-05,44.0,33.7,15.1,7.29,68.8,13.2,40.6,0.3,1.4,1.7,4.1,5.0,2.5,31.2,14.7,4.3,4.0,6.2,2.2,28.1,16.1,17.3,4.5,12.1,17.5,4.5,63.8,28.1,35.7,0.3,21.5,5.2,16.3,13.2,11.9,0.1,1.0,0.2,1.1,E08000008,Tameside,matched_reference,E08000008,Tameside
E08000009,Trafford,7.693786,4.9852433,2,0.6457742971620365,8.981830445437551e-07,0.12951022594377778,0.6457742971620365,3.80424746998433e-07,2.019292822754515e-06,0.2247121789935715,51.0,31.6,12.2,5.23,72.5,14.0,41.9,0.4,2.1,2.5,4.7,3.8,3.1,27.5,13.3,4.4,3.9,4.0,1.8,18.6,12.4,15.8,3.4,11.7,33.8,4.3,69.3,32.1,37.2,0.6,16.4,4.6,11.8,12.7,11.8,0.1,0.7,0.1,1.0,E08000009,Trafford,matched_reference,E08000009,Trafford
E08000010,Wigan,8.795696,1.8641626,4,0.9627705669681736,3.309816572541198e-08,5.751120648596223e-08,0.03646738086505843,1.6467650720292217e-07,0.9627705669681736,0.0007617968808883584,45.4,32.7,14.7,7.18,68.8,13.9,40.0,0.3,1.4,1.7,4.0,4.9,2.7,31.2,16.2,3.5,3.5,6.2,1.8,27.3,15.3,17.1,4.7,12.2,19.5,3.8,67.9,31.1,36.7,0.2,18.9,16.2,2.7,11.6,10.7,0.0,0.8,0.1,1.3,E08000010,Wigan,matched_reference,E08000010,Wigan
E07000117,Burnley,8.132376,1.7544649,4,0.990128316077434,9.716499001987988e-06,4.131005615208219e-08,0.008599431644127652,1.5663115818764963e-07,0.990128316077434,0.0012623378382219275,42.9,33.6,15.7,7.72,66.1,14.4,36.6,0.3,1.4,2.0,3.6,5.3,2.6,33.9,15.4,4.3,4.5,7.0,2.7,29.3,14.4,15.8,4.6,12.3,18.7,4.8,65.0,31.5,33.5,0.2,14.1,3.8,10.3,19.4,17.7,0.1,1.3,0.2,1.4,E07000117,Burnley,matched_reference,E07000117,Burnley
E07000118,Chorley,7.8598447,4.9237256,2,0.7227181571466774,3.597521559511353e-07,0.06373442595575186,0.7227181571466774,4.270881654451834e-07,3.2533339366548976e-06,0.21354337672331247,47.9,33.3,13.3,5.53,70.8,14.4,41.5,0.4,2.1,2.1,4.6,3.2,2.6,29.2,16.1,3.2,2.9,4.1,2.8,21.2,13.4,16.2,4.8,12.6,27.8,3.8,75.2,35.4,39.8,0.6,13.0,3.1,9.9,10.2,9.1,0.1,0.9,0.2,0.9,E07000118,Chorley,matched_reference,E07000118,Chorley
E07000119,Fylde,9.644383,4.5086894,2,0.9877518260939195,6.73725366449373e-14,4.265041479886326e-06,0.9877518260939195,5.518627438337865e-08,5.196269458670276e-06,0.01223865740880003,44.6,33.8,15.3,6.25,66.8,13.5,37.1,0.5,2.4,2.5,5.0,3.1,2.7,33.2,20.6,3.3,3.1,4.0,2.2,21.2,12.0,16.6,4.2,12.3,29.8,4.0,73.4,40.7,32.7,0.4,7.5,1.4,6.0,17.4,15.5,0.4,1.2,0.3,1.3,E07000119,Fylde,matched_reference,E07000119,Fylde
E07000120,Hyndburn,8.163471,1.9432784,4,0.9793951595423357,9.855692994721689e-06,2.0032428321646648e-07,0.017139611751813374,1.4221924373927991e-06,0.9793951595423357,0.0034537504961355734,43.1,34.2,15.1,7.61,67.0,13.5,37.7,0.3,1.5,2.2,4.1,4.6,3.0,33.0,15.1,4.3,4.5,6.7,2.4,28.0,13.8,16.2,5.5,12.5,18.9,4.9,67.7,33.4,34.3,0.2,12.8,4.0,8.8,18.2,16.6,0.0,1.3,0.1,1.2,E07000120,Hyndburn,matched_reference,E07000120,Hyndburn
E07000121,Lancaster,5.293972,1.8547708,0,0.9985412746795744,0.9985412746795744,7.845227505318267e-11,1.4374812530865438e-06,4.8535195031057454e-05,0.00011373050827184834,0.0012950220574172047,46.7,33.8,13.7,5.79,65.1,14.4,33.7,0.3,1.7,2.2,4.3,3.3,5.2,34.9,15.2,10.9,2.8,4.3,1.7,20.6,11.4,15.2,3.7,17.5,27.2,4.4,69.2,36.1,33.0,0.6,10.0,6.3,3.7,18.9,17.1,0.2,1.4,0.2,1.3,E07000121,Lancaster,matched_reference,E07000121,Lancaster
E07000122,Pendle,7.835862,1.8545693,4,0.9873174435970826,0.00013380545427381564,1.240066145714018e-07,0.008477567109898295,1.2046545684348778e-06,0.9873174435970826,0.004069855177562343,43.6,34.5,15.0,6.96,66.4,14.0,36.0,0.5,1.9,2.4,4.1,4.7,2.8,33.6,15.1,4.1,5.7,6.1,2.6,28.2,13.3,15.1,4.8,12.5,20.2,5.8,68.5,36.0,32.5,0.2,11.6,5.6,6.0,18.1,16.6,0.1,1.3,0.1,1.6,E07000122,Pendle,matched_reference,E07000122,Pendle
E07000123,Preston,5.825337,1.384286,0,0.995151488915168,0.995151488915168,1.1466612253904991e-11,5.873046991877758e-06,7.073957519186575e-08,0.004264682607896939,0.0005778846789012793,46.6,34.1,13.3,6.06,67.7,13.6,36.7,0.3,1.5,1.7,3.2,4.4,6.3,32.3,11.7,8.2,4.4,5.4,2.6,23.5,12.6,14.5,3.9,15.1,24.6,5.8,60.6,28.4,32.2,0.7,19.2,3.9,15.3,18.0,16.6,0.1,1.0,0.2,1.5,E07000123,Preston,matched_reference,E07000123,Preston
E07000124,Ribble Valley,8.212216,6.0949564,2,0.990879467706019,8.75318351467482e-11,0.00497875297488859,0.990879467706019,7.100051693949536e-16,1.9458542754826312e-10,0.0041417790369746325,51.5,32.2,12.3,4.01,71.9,14.6,39.0,0.5,3.6,3.0,6.2,2.1,2.9,28.1,18.0,3.6,2.4,2.7,1.4,18.3,11.1,15.3,5.0,12.5,34.0,3.7,76.6,41.9,34.7,0.6,7.6,1.5,6.1,13.6,11.8,0.5,1.1,0.3,1.5,E07000124,Ribble Valley,matched_reference,E07000124,Ribble Valley
E07000125,Rossendale,8.067519,3.5665383,5,0.5192875996365076,8.25405764561018e-06,0.002609158312678005,0.4601354715302936,0.0032780754883739377,0.014681440974501204,0.5192875996365076,46.2,33.1,14.1,6.52,70.3,13.6,40.1,0.4,2.0,2.5,5.1,4.2,2.5,29.7,14.7,4.3,3.6,5.4,1.7,24.0,13.7,16.5,4.0,13.0,25.1,3.6,69.7,31.5,38.2,0.3,14.6,4.9,9.7,14.1,12.7,0.1,1.2,0.1,1.3,E07000125,Rossendale,matched_reference,E07000125,Rossendale
E07000126,South Ribble,7.1680727,4.9246745,1,0.4898740332499785,2.073621423458979e-05,0.4898740332499785,0.24767742362555076,3.834740661871951e-06,1.4448006187154263e-06,0.26242252736895555,47.7,34.1,13.1,5.13,72.8,14.9,43.7,0.3,1.7,1.9,4.4,3.0,2.9,27.2,16.5,3.3,2.7,3.5,1.2,20.3,13.5,16.6,5.8,13.7,26.4,3.6,78.8,37.3,41.5,0.5,10.5,0.8,9.7,9.3,8.3,0.1,0.8,0.1,0.9,E07000126,South Ribble,matched_reference,E07000126,South Ribble
E07000127,West Lancashire,7.9945955,4.3419476,2,0.5852173549940093,1.1420462950080309e-06,0.017634097967540816,0.5852173549940093,7.260012315135142e-05,0.00015435325765770995,0.396920451611346,47.6,32.7,13.4,6.31,68.2,14.1,36.3,0.5,2.4,2.2,4.6,3.9,4.3,31.8,17.0,5.7,3.3,4.3,1.4,23.5,13.4,15.8,4.0,13.9,25.4,4.1,73.0,35.9,37.1,0.6,14.7,12.6,2.1,10.5,9.4,0.1,0.8,0.1,1.3,E07000127,West Lancashire,matched_reference,E07000127,West Lancashire
E07000128,Wyre,9.47245,4.316795,2,0.9780387833999697,9.13412050090326e-13,1.3283592243267135e-05,0.9780387833999697,5.373467167494253e-07,2.8067839845512153e-05,0.021919327820311203,43.2,33.6,16.0,7.18,66.2,14.5,34.7,0.4,2.5,2.5,5.3,3.2,3.1,33.8,21.2,3.9,2.9,4.4,1.3,25.9,13.4,16.6,4.8,12.0,23.0,4.2,77.6,43.2,34.4,0.5,7.2,1.1,6.1,13.5,12.2,0.2,1.0,0.1,1.2,E07000128,Wyre,matched_reference,E07000128,Wyre
E08000011,Knowsley,8.2969675,0.592172,4,0.999450423729354,5.755969419335075e-07,1.6886191631846564e-12,0.0005479394968914572,1.1497075276930034e-15,0.999450423729354,1.0611751226615e-06,46.0,29.8,14.7,9.47,65.6,14.3,35.9,0.2,1.0,1.3,3.3,6.5,3.0,34.4,13.6,4.8,4.5,8.8,2.7,34.7,15.2,16.1,3.4,11.8,15.5,3.4,61.8,26.1,35.7,0.5,26.6,12.2,14.4,9.8,8.9,0.0,0.7,0.1,1.3,E08000011,Knowsley,matched_reference,E08000011,Knowsley
E08000012,Liverpool,6.017164,0.91697025,0,0.9804929622711437,0.9804929622711437,2.8804342516273765e-13,6.239207192174369e-06,4.457401226569944e-11,0.01938540894762768,0.00011538952917472387,46.7,30.5,14.0,8.77,63.4,12.6,32.7,0.2,1.1,1.4,3.1,6.7,5.6,36.6,11.5,10.3,3.8,8.0,3.0,28.7,12.5,14.2,2.5,15.2,22.4,4.4,46.9,21.2,25.7,0.5,27.8,4.8,23.1,23.4,21.7,0.1,0.9,0.6,1.3,E08000012,Liverpool,matched_reference,E08000012,Liverpool
E08000014,Sefton,8.243195,1.4993188,4,0.995279376281602,2.6171911134031533e-06,4.356352998027807e-09,0.004481705705442224,4.046778929995987e-09,0.995279376281602,0.00023629241871035538,45.3,32.5,14.8,7.3,67.1,15.0,35.8,0.3,1.7,2.0,4.1,4.9,3.1,32.9,17.3,4.4,3.4,5.9,1.9,25.1,14.0,16.6,3.9,12.5,24.1,3.9,70.5,35.9,34.6,0.6,14.5,4.2,10.3,13.4,12.3,0.1,0.9,0.1,1.1,E08000014,Sefton,matched_reference,E08000014,Sefton
E08000013,St. Helens,8.150917,0.958255,4,0.999055517779473,3.028996710817389e-06,4.0282000143322334e-11,0.0009289921018832275,1.118941484966063e-12,0.999055517779473,1.2461080532188888e-05,44.8,31.9,14.9,8.28,66.5,14.0,38.6,0.3,1.3,1.4,3.3,5.1,2.6,33.5,17.1,4.1,3.8,6.7,1.9,27.9,14.3,16.7,4.4,12.1,20.9,3.8,67.3,33.3,34.0,0.6,20.6,6.1,14.5,10.2,9.3,0.0,0.7,0.1,1.4,E08000013,St. Helens,matched_reference,E08000013,St. Helens
E08000015,Wirral,8.205436,1.5190058,4,0.9952105982515151,3.7293256314300136e-06,5.248983795778713e-09,0.004500713387373597,5.793591777142447e-09,0.9952105982515151,0.0002849479929040111,46.3,31.9,14.3,7.5,66.4,15.0,36.3,0.3,1.7,1.9,3.6,5.2,2.5,33.6,16.8,4.5,3.9,6.4,2.0,23.4,13.7,17.3,4.2,12.5,25.3,3.6,67.5,33.3,34.2,0.5,15.2,5.2,10.0,15.8,14.7,0.1,1.0,0.1,1.0,E08000015,Wirral,matched_reference,E08000015,Wirral
E06000011,East Riding of Yorkshire UA,8.671745,4.1622224,2,0.8474662171982519,6.436337781095799e-09,0.0008813990782871444,0.8474662171982519,2.6671726662502712e-05,0.00031730828487038545,0.15130839727559023,45.2,35.0,14.5,5.39,68.8,15.4,37.0,0.4,2.5,2.4,4.8,3.6,2.7,31.2,19.5,3.7,3.2,3.1,1.7,23.4,13.0,16.2,5.0,12.1,25.9,4.4,75.3,39.2,36.1,0.3,9.1,7.3,1.8,13.7,12.4,0.2,0.9,0.2,1.6,E06000011,East Riding of Yorkshire,matched_reference,E06000011,East Riding of Yorkshire
E06000010,"Kingston upon Hull, City of UA",7.172171,0.87023383,4,0.9899797908141164,0.009646556110560416,1.3843411342085028e-11,0.00028161730144229773,4.3600843344339216e-12,0.9899797908141164,9.20357556778247e-05,43.1,34.9,14.9,7.09,67.2,14.7,35.7,0.2,0.9,1.2,2.7,8.0,3.6,32.8,12.1,6.9,5.0,6.0,2.7,31.7,14.6,15.4,4.0,13.1,15.2,6.0,49.5,19.9,29.7,0.4,28.1,21.2,6.9,20.4,19.0,0.1,1.0,0.3,1.5,E06000010,"Kingston upon Hull, City of",matched_reference,E06000010,"Kingston upon Hull, City of"
E06000012,North East Lincolnshire UA,8.190249,2.3653839,4,0.8845090710591283,1.455066875385796e-05,6.16177126502072e-06,0.08278267474748977,9.954475183683089e-05,0.8845090710591283,0.03258799700152613,44.0,35.0,14.9,6.05,68.4,16.5,36.3,0.3,1.4,1.5,3.3,6.5,2.7,31.6,15.6,4.2,4.9,4.8,2.2,29.5,16.1,17.8,4.6,10.8,16.2,4.9,66.1,30.8,35.3,0.3,14.5,4.7,9.8,18.1,16.6,0.2,1.1,0.2,1.0,E06000012,North East Lincolnshire,matched_reference,E06000012,North East Lincolnshire
E06000013,North Lincolnshire UA,8.159953,2.8774898,4,0.3850605440069252,2.2011392623249884e-05,0.0001971944427596615,0.3478226291499955,0.0026919370735244605,0.3850605440069252,0.2642056839341716,43.7,35.8,14.7,5.77,69.2,15.3,39.5,0.3,1.7,1.8,3.5,4.8,2.4,30.8,16.6,3.7,4.4,4.2,1.8,26.2,15.8,16.7,4.9,11.7,19.5,5.2,69.5,33.0,36.5,0.3,15.4,6.9,8.5,13.4,12.0,0.2,1.0,0.2,1.4,E06000013,North Lincolnshire,matched_reference,E06000013,North Lincolnshire
E06000014,York UA,5.230552,2.236597,0,0.9909952565448605,0.9909952565448605,3.538980150499059e-09,3.791611235327585e-06,0.0036348043033431797,5.753418637562013e-05,0.005308609815205336,49.7,34.2,12.0,4.13,70.1,15.0,38.1,0.3,1.6,2.2,4.2,3.1,5.7,29.9,13.8,9.6,2.7,2.5,1.3,18.0,10.6,13.9,4.5,16.6,32.4,4.1,66.1,33.9,32.2,0.8,14.0,8.8,5.1,17.9,16.4,0.3,0.9,0.4,1.2,E06000014,York,matched_reference,E06000014,York
E07000163,Craven,9.54907,6.092422,2,0.9995103937838433,2.889978660127117e-16,3.964538222695165e-07,0.9995103937838433,3.571883621872505e-18,2.5460550731571177e-11,0.0004892097368735746,47.6,34.6,13.3,4.49,71.8,15.3,36.3,0.5,3.4,3.4,7.7,2.5,2.6,28.2,18.8,3.2,2.6,2.4,1.2,20.3,11.7,15.7,4.6,12.3,31.8,3.7,73.1,42.3,30.8,0.5,9.0,2.3,6.7,15.4,13.7,0.4,1.1,0.3,2.0,E07000163,Craven,matched_reference,E07000163,Craven
E07000164,Hambleton,8.508725,6.4909644,2,0.999194450229405,8.516840600162563e-13,0.00027108843775638697,0.999194450229405,3.8204913009964306e-20,3.607169076525468e-12,0.0005344613283800102,48.7,34.4,12.6,4.31,72.1,15.1,38.9,0.6,3.3,2.8,6.6,2.6,2.2,27.9,18.1,3.0,3.1,2.3,1.4,19.6,12.0,16.1,4.1,12.2,32.1,4.0,69.5,39.7,29.8,0.4,12.9,1.0,11.9,15.1,12.1,1.4,0.9,0.7,2.0,E07000164,Hambleton,matched_reference,E07000164,Hambleton
E07000165,Harrogate,8.064391,6.3215218,2,0.9898186460001601,8.363754808049258e-11,0.008160170460361764,0.9898186460001601,1.2041553733503493e-17,2.7085751907709983e-11,0.0020211834287550147,50.6,33.8,11.8,3.79,74.2,14.9,40.8,0.6,3.1,3.3,6.4,2.6,2.6,25.8,15.5,3.3,3.4,2.3,1.3,17.3,11.8,16.4,3.6,11.8,34.1,5.0,71.1,37.4,33.7,0.6,9.1,5.4,3.8,17.5,15.5,0.7,0.9,0.4,1.7,E07000165,Harrogate,matched_reference,E07000165,Harrogate
E07000166,Richmondshire,7.669898,6.7006474,2,0.9568460354152578,1.674628900621708e-10,0.04260445573649781,0.9568460354152578,1.2659753966352885e-20,8.26370940689541e-13,0.00054950867995498,51.3,33.5,11.5,3.69,75.1,13.5,44.3,0.5,3.1,2.7,6.2,2.9,1.9,24.9,14.9,2.4,3.6,2.2,1.8,18.6,15.0,18.0,3.7,12.3,27.0,5.4,63.9,36.1,27.8,0.5,10.8,7.2,3.6,22.4,14.2,4.0,1.2,2.9,2.4,E07000166,Richmondshire,matched_reference,E07000166,Richmondshire
E07000167,Ryedale,9.47142,6.165853,2,0.9995640398484672,4.623388224994139e-16,5.733977232531682e-07,0.9995640398484672,1.0365230257425718e-18,1.5558402690412897e-11,0.0004353867382503872,45.5,35.7,14.2,4.62,70.9,15.4,34.0,0.7,3.7,3.8,8.4,2.7,2.2,29.1,18.6,3.4,3.1,2.5,1.4,24.0,12.6,16.3,4.1,11.3,27.3,4.4,67.1,41.4,25.7,0.4,12.9,0.9,11.9,16.8,14.7,0.7,1.0,0.3,2.9,E07000167,Ryedale,matched_reference,E07000167,Ryedale
E07000168,Scarborough,9.971412,3.8900752,2,0.9927454453493133,9.566305812256806e-15,6.986272227232374e-07,0.9927454453493133,2.224779718141558e-06,0.00011429632541720751,0.007137334918319044,41.6,35.6,16.2,6.66,65.8,16.2,30.7,0.5,2.6,2.7,5.9,4.2,3.0,34.2,20.3,4.0,3.5,4.7,1.8,26.0,12.9,16.3,5.3,12.1,22.7,4.8,65.8,39.1,26.7,0.6,12.4,2.4,10.1,19.5,17.8,0.2,1.1,0.3,1.7,E07000168,Scarborough,matched_reference,E07000168,Scarborough
E07000169,Selby,7.270894,4.709015,5,0.42576909552424397,3.236918775302521e-05,0.28893803405686574,0.2852214594280915,3.073590698726125e-05,8.305896058790899e-06,0.42576909552424397,48.4,34.3,12.8,4.58,73.9,15.0,42.5,0.5,2.4,2.4,5.1,3.5,2.5,26.1,15.7,3.0,3.5,2.6,1.2,21.2,14.0,16.6,5.0,12.8,26.1,4.3,75.0,34.5,40.5,0.6,12.0,8.4,3.6,11.0,9.8,0.2,0.8,0.1,1.4,E07000169,Selby,matched_reference,E07000169,Selby
E08000016,Barnsley,8.986705,1.3560114,4,0.9883351498412947,2.552659941796505e-09,9.814409170248547e-10,0.01163591960703208,1.6248131626155048e-10,0.9883351498412947,2.8926855091277374e-05,41.6,33.6,16.4,8.4,66.5,14.6,36.9,0.3,1.5,1.7,4.2,5.1,2.2,33.5,16.4,3.7,4.4,7.0,2.1,32.3,14.3,16.2,4.1,11.3,17.4,4.4,64.3,30.6,33.8,0.4,20.9,17.7,3.2,12.8,11.7,0.1,0.8,0.1,1.6,E08000016,Barnsley,matched_reference,E08000016,Barnsley
E08000017,Doncaster,8.860425,1.6348853,4,0.9798694801593967,1.2692862633514543e-08,9.202318081006025e-09,0.019948495906167173,8.78725701157997e-09,0.9798694801593967,0.0001819932519984256,43.6,34.1,15.1,7.25,66.9,15.0,36.7,0.3,1.5,1.8,3.7,5.7,2.2,33.1,15.4,4.0,4.9,5.9,3.0,30.3,15.4,17.0,4.5,10.7,17.0,5.2,65.4,31.0,34.4,0.3,17.7,15.2,2.6,14.8,13.5,0.1,1.1,0.1,1.7,E08000017,Doncaster,matched_reference,E08000017,Doncaster
E08000018,Rotherham,8.8617935,1.5419238,4,0.9847668872508003,1.0850914297498867e-08,4.450643111871042e-09,0.01512811685372911,2.5454544481301056e-09,0.9847668872508003,0.00010497804845890302,43.2,33.9,15.3,7.59,67.0,15.3,36.6,0.3,1.5,1.7,3.9,5.2,2.3,33.0,16.6,3.9,4.7,5.6,2.2,29.8,15.5,16.8,4.4,11.5,17.4,4.5,65.2,30.5,34.7,0.3,21.5,17.9,3.6,11.3,10.3,0.1,0.8,0.1,1.7,E08000018,Rotherham,matched_reference,E08000018,Rotherham
E08000019,Sheffield,5.6387653,1.1981493,0,0.9984359340556528,0.9984359340556528,4.545900113313869e-13,1.2964837305298192e-06,3.871343609182615e-09,0.0014076547829165729,0.00015511080590187697,46.7,33.4,13.7,6.22,65.8,13.8,34.3,0.3,1.3,1.9,3.8,4.8,5.5,34.2,12.9,10.8,4.1,4.5,2.1,24.3,12.3,13.7,3.6,15.8,25.7,4.6,58.3,27.1,31.2,0.4,24.8,17.7,7.0,15.6,14.2,0.1,0.9,0.4,1.0,E08000019,Sheffield,matched_reference,E08000019,Sheffield
E08000032,Bradford,7.3564386,1.5683979,4,0.9908673392034135,0.004372158053041646,1.2056602914246987e-08,0.002161515379667061,1.4026347238386637e-07,0.9908673392034135,0.0025988350438023956,44.8,35.6,13.7,5.88,66.6,14.4,34.3,0.5,1.7,2.4,4.0,5.8,3.4,33.4,12.0,6.4,6.7,5.0,3.4,27.7,14.1,14.8,3.8,11.3,21.8,6.5,65.0,29.3,35.7,0.6,14.8,5.9,8.9,18.1,16.6,0.1,1.1,0.3,1.5,E08000032,Bradford,matched_reference,E08000032,Bradford
E08000033,Calderdale,8.1059675,3.3378987,5,0.4838089082078343,1.2258898552793652e-05,0.0012694070265924233,0.4595880498356218,0.004647224198233147,0.05067415183316588,0.4838089082078343,46.3,34.3,13.8,5.53,70.5,14.7,38.7,0.4,1.9,2.5,4.7,5.0,2.6,29.5,15.1,4.1,3.9,4.4,2.0,23.8,13.6,16.2,4.9,12.3,25.0,4.2,66.6,31.2,35.3,0.4,15.2,5.4,9.9,16.4,14.8,0.1,1.3,0.2,1.4,E08000033,Calderdale,matched_reference,E08000033,Calderdale
E08000034,Kirklees,7.694825,1.9978732,4,0.9750498589056042,0.0005127422212571061,4.993996618194679e-07,0.012275064490837278,1.0012573006384593e-05,0.9750498589056042,0.01215182240963301,45.5,35.0,13.7,5.76,68.2,14.5,36.5,0.5,1.8,2.3,4.3,4.7,3.5,31.8,14.3,5.7,5.0,4.4,2.4,25.4,13.2,15.0,4.8,12.6,23.9,5.1,67.1,32.0,35.0,0.4,15.3,12.0,3.2,15.5,14.1,0.1,1.1,0.2,1.8,E08000034,Kirklees,matched_reference,E08000034,Kirklees
E08000035,Leeds,5.5175757,1.439985,0,0.999074351646902,0.999074351646902,3.01194445654076e-12,1.2724746340147439e-06,1.5801933348823887e-07,0.0005772618486343592,0.0003469560074841519,48.1,33.8,12.7,5.41,69.5,13.1,38.8,0.3,1.5,1.9,3.8,4.8,5.3,30.5,12.4,8.2,3.6,4.0,2.2,23.2,12.6,14.1,3.7,14.7,26.9,4.7,58.2,26.0,32.2,0.4,22.0,16.9,5.1,17.9,16.7,0.1,0.9,0.2,1.5,E08000035,Leeds,matched_reference,E08000035,Leeds
E08000036,Wakefield,8.933595,1.4168633,4,0.9876881377036396,4.601711459477881e-09,1.612505651165201e-09,0.012266910422968708,4.118929269862041e-10,0.9876881377036396,4.494524728154816e-05,42.7,34.0,15.5,7.68,68.4,14.8,39.7,0.3,1.4,1.6,3.5,4.9,2.1,31.6,16.1,3.5,4.0,5.8,2.2,31.1,14.6,16.1,4.4,10.6,18.3,4.9,63.6,29.0,34.6,0.5,23.6,17.2,6.4,11.4,10.2,0.1,0.9,0.2,0.9,E08000036,Wakefield,matched_reference,E08000036,Wakefield
E06000015,Derby UA,6.7986393,1.6825455,4,0.7282419756555111,0.25302955725351933,3.52748736066691e-08,0.0018957600345858039,4.885229816090486e-06,0.7282419756555111,0.01682778655169438,45.0,35.0,14.1,5.89,69.0,14.7,38.5,0.3,1.1,1.7,3.4,5.2,4.2,31.0,12.8,6.3,4.8,4.8,2.4,24.1,13.3,14.5,4.9,13.0,24.2,5.9,61.4,29.6,31.8,0.8,19.8,12.2,7.6,16.8,15.6,0.1,1.0,0.2,1.2,E06000015,Derby,matched_reference,E06000015,Derby
E06000016,Leicester UA,6.424241,1.0681292,0,0.758051277968378,0.758051277968378,2.1116191962162183e-11,9.845325419723433e-05,8.741955869835476e-10,0.24113139548473178,0.0007188723973809826,44.9,35.6,13.4,6.03,64.6,13.8,33.3,0.3,1.1,1.5,2.8,6.2,5.5,35.4,9.3,11.4,6.2,5.1,3.4,28.6,13.0,12.6,2.0,13.0,21.2,9.7,49.7,22.8,26.9,0.6,25.4,17.1,8.3,22.7,21.3,0.2,1.0,0.3,1.6,E06000016,Leicester,matched_reference,E06000016,Leicester
E06000018,Nottingham UA,5.6997347,1.0879023,0,0.9976975011634478,0.9976975011634478,2.0243961598498452e-13,1.3944063383293085e-06,6.513432953228219e-10,0.002192643601686861,0.00010846017698140582,46.1,33.8,13.6,6.45,61.3,11.9,31.1,0.2,0.9,1.5,2.9,6.4,6.3,38.7,9.1,16.3,4.7,5.7,3.0,25.6,12.2,12.9,2.3,18.6,21.9,6.5,45.1,19.9,25.1,0.6,29.7,20.8,9.0,23.1,21.6,0.1,1.0,0.3,1.5,E06000018,Nottingham,matched_reference,E06000018,Nottingham
E06000017,Rutland UA,7.9612403,6.648624,2,0.9919559696087439,2.8591493260197107e-11,0.007521029451371868,0.9919559696087439,1.1247218355803105e-20,1.2520753300666824e-12,0.0005230009100406499,50.4,34.0,12.1,3.45,69.3,14.2,38.1,0.6,2.6,3.6,5.6,2.4,2.2,30.7,16.9,5.8,3.2,1.7,3.0,17.8,12.2,17.5,3.6,12.5,32.9,3.5,70.4,39.3,31.1,1.1,11.2,2.5,8.8,15.6,11.6,2.0,0.8,1.1,1.8,E06000017,Rutland,matched_reference,E06000017,Rutland
E07000032,Amber Valley,8.453341,3.7219906,2,0.7068773916230687,2.0702896121874193e-07,0.0011588671626653684,0.7068773916230687,0.0006155931353097275,0.005622682928039227,0.28572525812195587,44.0,35.0,15.0,6.01,69.9,14.8,40.0,0.3,1.8,2.3,4.7,3.9,2.2,30.1,17.4,3.4,3.8,4.1,1.5,27.0,13.9,15.5,4.6,12.0,23.2,3.9,74.1,38.2,35.9,0.4,12.3,5.1,7.2,11.8,10.7,0.1,0.8,0.2,1.4,E07000032,Amber Valley,matched_reference,E07000032,Amber Valley
E07000033,Bolsover,9.017304,1.4912361,4,0.981812327520481,2.3498750594457063e-09,2.7438948441925424e-09,0.018125542502246367,1.0741448213061156e-09,0.981812327520481,6.21238093579197e-05,40.8,33.5,17.1,8.63,66.9,14.3,38.5,0.3,1.5,1.7,3.8,4.7,2.2,33.1,16.9,3.5,4.4,6.5,1.8,32.9,15.3,16.4,3.7,11.4,15.8,4.5,67.0,32.6,34.4,0.3,18.2,15.0,3.2,13.0,11.8,0.1,1.0,0.1,1.5,E07000033,Bolsover,matched_reference,E07000033,Bolsover
E07000034,Chesterfield,9.054414,1.6413704,4,0.9693137688672653,2.0972246809759603e-09,8.38167997096252e-09,0.030542281692513825,7.706052624309212e-09,0.9693137688672653,0.0001439312552635256,41.7,34.3,16.4,7.62,67.9,16.1,37.4,0.3,1.3,1.9,3.9,4.7,2.4,32.1,16.9,3.6,3.8,6.0,1.8,27.6,14.3,17.0,4.0,12.1,21.0,3.9,63.1,32.2,30.9,0.3,23.1,20.1,3.1,12.4,11.3,0.1,0.9,0.2,1.0,E07000034,Chesterfield,matched_reference,E07000034,Chesterfield
E07000035,Derbyshire Dales,9.4586935,6.0898495,2,0.9994223963550791,7.630896809183606e-16,8.033520243663384e-07,0.9994223963550791,5.2012915767776615e-18,3.1600144948184585e-11,0.0005768002612954085,47.1,34.7,13.7,4.54,70.3,15.9,34.9,0.6,3.1,3.7,7.2,2.7,2.2,29.7,19.1,3.3,3.0,2.5,1.8,21.5,12.0,15.0,3.4,11.1,33.4,3.7,72.4,44.0,28.5,0.7,12.2,4.3,7.8,12.6,11.1,0.3,0.9,0.2,2.1,E07000035,Derbyshire Dales,matched_reference,E07000035,Derbyshire Dales
E07000036,Erewash,8.111177,3.2389889,5,0.46100141459060473,1.5553334471784516e-05,0.0009258626606022957,0.44918310057356353,0.004964464946018868,0.08390960389473871,0.46100141459060473,44.0,35.4,15.0,5.62,71.5,15.1,41.5,0.3,1.5,2.0,4.2,4.5,2.4,28.5,15.6,3.6,3.8,4.0,1.6,25.9,15.3,16.5,5.3,12.3,20.7,4.0,72.5,33.9,38.6,0.5,13.0,4.1,8.9,12.9,11.8,0.1,0.8,0.2,1.2,E07000036,Erewash,matched_reference,E07000036,Erewash
E07000037,High Peak,7.9257493,4.39458,2,0.5646264944489805,1.5952006865534316e-06,0.024536606502791502,0.5646264944489805,6.063179211607262e-05,0.00011039758958076578,0.41066427446584464,47.5,34.1,13.2,5.19,72.1,15.3,39.1,0.4,2.1,2.8,5.8,3.8,2.7,27.9,15.7,4.3,3.0,3.7,1.3,20.9,13.1,16.0,4.0,13.1,29.4,3.5,72.0,35.2,36.9,0.6,12.7,9.8,2.8,13.4,12.1,0.1,1.1,0.2,1.2,E07000037,High Peak,matched_reference,E07000037,High Peak
E07000038,North East Derbyshire,8.974915,2.3037853,4,0.7772074563391438,1.1926914912167897e-08,1.1042311434957236e-06,0.21624414533669808,1.1343187285412415e-05,0.7772074563391438,0.006535938978814676,43.0,34.3,15.9,6.9,68.0,15.9,36.9,0.4,1.9,2.2,4.8,3.7,2.3,32.0,19.3,3.4,3.5,4.5,1.4,26.9,14.2,16.6,4.4,11.9,22.2,3.8,70.9,38.2,32.6,0.4,20.4,18.1,2.2,7.4,6.5,0.1,0.7,0.1,0.9,E07000038,North East Derbyshire,matched_reference,E07000038,North East Derbyshire
E07000039,South Derbyshire,7.3725963,4.4862857,5,0.5670208008182438,4.300866971538168e-05,0.1429920482687324,0.2897306677755507,0.0001724518380521412,4.102262970556283e-05,0.5670208008182438,47.6,34.4,13.1,4.9,72.5,14.8,42.8,0.4,1.9,2.3,4.6,3.1,2.6,27.5,14.8,3.6,4.0,3.5,1.6,22.0,14.1,16.6,4.8,12.8,26.0,3.7,75.4,33.9,41.5,0.3,9.9,7.7,2.3,13.0,11.8,0.2,0.9,0.1,1.2,E07000039,South Derbyshire,matched_reference,E07000039,South Derbyshire
E07000129,Blaby,7.078383,4.844769,1,0.506090587369777,4.374204634621146e-05,0.506090587369777,0.19500955593412836,1.212194644116632e-05,2.093532903559365e-06,0.2988418991704036,47.5,35.8,12.5,4.16,73.9,15.7,42.6,0.3,1.9,2.4,5.2,2.9,2.9,26.1,15.6,3.6,2.8,2.3,1.8,22.2,14.5,16.1,5.7,12.3,24.9,4.3,80.9,38.1,42.8,0.6,7.6,1.9,5.8,10.0,9.0,0.1,0.8,0.1,0.8,E07000129,Blaby,matched_reference,E07000129,Blaby
E07000130,Charnwood,5.2955465,2.2157855,0,0.991714602568719,0.991714602568719,3.889078010219002e-09,4.692000034571269e-06,0.0026877229183302764,8.551329630449034e-05,0.0055074653275336005,48.1,35.3,12.4,4.18,67.7,13.8,38.1,0.3,1.7,2.1,4.2,3.1,4.4,32.3,13.7,11.4,3.1,2.8,1.3,20.5,12.1,14.3,4.8,17.0,26.8,4.5,72.1,35.7,36.4,0.8,11.8,8.0,3.8,14.1,12.9,0.2,0.9,0.2,1.2,E07000130,Charnwood,matched_reference,E07000130,Charnwood
E07000131,Harborough,7.308563,5.7042103,1,0.556932499965929,2.5251023727340306e-07,0.556932499965929,0.4138098184056556,3.29110452489814e-11,4.10719726835453e-09,0.029257424978070094,50.9,34.3,11.4,3.51,74.0,15.2,40.9,0.5,3.0,3.3,6.1,2.5,2.5,26.0,15.5,3.9,3.0,2.0,1.7,18.1,13.3,16.3,4.6,12.1,31.8,3.8,78.1,38.4,39.7,1.2,8.4,1.4,7.0,11.2,10.1,0.2,0.8,0.1,1.1,E07000131,Harborough,matched_reference,E07000131,Harborough
E07000132,Hinckley and Bosworth,7.3477874,4.4752073,5,0.5777919341773436,5.137257955323589e-05,0.1469364454557506,0.2749741226089974,0.00020372258096675478,4.2402597388217404e-05,0.5777919341773436,46.3,35.8,13.3,4.61,72.7,14.7,42.6,0.4,2.0,2.5,5.1,3.1,2.4,27.3,16.6,3.4,3.2,2.8,1.2,24.4,14.3,16.1,4.8,12.4,24.1,4.0,76.7,37.2,39.6,0.6,10.3,7.1,3.2,11.4,10.3,0.1,0.8,0.2,1.0,E07000132,Hinckley and Bosworth,matched_reference,E07000132,Hinckley and Bosworth
E07000133,Melton,7.42024,4.8596883,2,0.41175138709424425,7.981769073754964e-06,0.2631337472011846,0.41175138709424425,4.02508661916073e-06,3.761828647625176e-06,0.32509909702023054,48.3,35.5,12.5,3.65,74.2,15.3,41.9,0.4,2.5,2.9,5.7,2.9,2.7,25.8,15.8,3.3,3.4,2.1,1.2,21.4,14.0,16.5,4.8,12.7,26.2,4.5,72.1,36.0,36.2,0.9,11.2,8.4,2.7,14.2,12.7,0.4,0.9,0.3,1.6,E07000133,Melton,matched_reference,E07000133,Melton
E07000134,North West Leicestershire,7.4792757,4.199165,5,0.6792029498165785,6.0130554142440656e-05,0.053173862549924955,0.2663042778626478,0.0009988226462551528,0.00025995657045092986,0.6792029498165785,45.4,35.5,13.9,5.15,71.5,14.4,42.0,0.3,1.8,2.3,4.8,3.4,2.4,28.5,16.1,3.8,3.8,3.4,1.4,26.0,13.2,15.4,4.5,12.4,24.3,4.3,72.5,34.7,37.8,0.8,14.3,10.7,3.6,11.3,10.2,0.1,0.9,0.1,1.2,E07000134,North West Leicestershire,matched_reference,E07000134,North West Leicestershire
E07000135,Oadby and Wigston,7.7077913,4.0221915,5,0.6446253974641453,2.5085503128994753e-05,0.019850586277155947,0.3331645289945538,0.0014240370482490271,0.0009103647127671376,0.6446253974641453,45.2,36.6,13.4,4.8,68.9,15.1,38.2,0.4,2.0,2.1,4.1,3.2,3.9,31.1,15.0,8.7,3.2,2.7,1.5,22.6,13.3,15.1,4.3,14.7,24.8,5.4,80.8,42.5,38.3,0.8,7.5,5.4,2.2,9.9,9.0,0.1,0.7,0.1,1.0,E07000135,Oadby and Wigston,matched_reference,E07000135,Oadby and Wigston
E07000136,Boston,8.785609,3.2855499,2,0.8190305706749348,3.280595948610117e-08,0.00013939719176294342,0.8190305706749348,0.0006557971456290394,0.04430216720230528,0.13587203497940825,40.7,37.5,15.9,5.97,69.8,15.8,39.5,0.4,1.9,1.9,4.1,4.2,2.1,30.2,16.6,3.1,3.9,4.4,2.3,32.7,14.5,15.3,3.3,9.3,15.1,9.9,63.9,33.9,30.0,0.8,18.2,6.1,12.1,15.7,14.3,0.3,0.8,0.3,1.4,E07000136,Boston,matched_reference,E07000136,Boston
E07000137,East Lindsey,9.9091,3.8371239,2,0.9913764799154927,2.3923442374413173e-14,1.0122025567434683e-06,0.9913764799154927,3.530853375101605e-06,0.0001862359992064346,0.00843274102934507,38.2,35.3,18.3,8.22,60.8,14.3,29.8,0.5,2.5,2.7,5.2,4.0,1.9,39.2,24.1,3.2,4.4,5.8,1.8,32.6,14.2,15.6,4.3,10.5,18.1,4.8,69.2,42.4,26.8,0.8,11.0,2.6,8.4,17.3,15.3,0.6,1.1,0.3,1.7,E07000137,East Lindsey,matched_reference,E07000137,East Lindsey
E07000138,Lincoln,5.468144,1.2921749,0,0.9993812718650255,0.9993812718650255,4.300494865927895e-13,6.660886023554227e-07,1.7434993151381362e-08,0.0004567221892761723,0.00016132242167265115,44.2,36.6,13.9,5.34,69.2,13.9,37.0,0.2,1.1,1.6,3.5,4.9,7.0,30.8,11.2,8.8,4.0,4.6,2.2,21.9,13.2,16.1,3.7,18.4,21.3,5.3,55.1,24.4,30.7,0.6,21.9,18.5,3.4,21.0,19.4,0.1,1.3,0.2,1.5,E07000138,Lincoln,matched_reference,E07000138,Lincoln
E07000139,North Kesteven,8.370066,5.820502,2,0.9882224779870634,9.566656016724477e-11,0.0029463666609624273,0.9882224779870634,7.0208819832552e-14,1.900350052609514e-09,0.00883115335588741,46.0,35.1,13.9,5.04,70.0,14.5,40.8,0.4,1.9,2.4,4.8,2.9,2.4,30.0,18.9,3.2,3.7,2.9,1.1,21.7,13.8,17.3,4.4,13.2,25.4,4.2,74.4,37.2,37.1,0.5,10.2,8.0,2.2,13.5,10.7,1.3,0.9,0.6,1.5,E07000139,North Kesteven,matched_reference,E07000139,North Kesteven
E07000140,South Holland,8.93592,3.4323752,2,0.881766954024877,4.75114905200269e-09,0.00010284520903264145,0.881766954024877,0.0003213277849948922,0.01635602200851839,0.1014528462214278,40.5,37.6,15.8,6.1,69.3,13.2,40.2,0.4,2.1,2.3,5.2,4.0,1.9,30.7,18.6,2.9,4.0,3.6,1.6,30.8,15.3,16.5,3.7,10.0,15.8,7.9,72.5,39.2,33.3,0.7,12.7,10.3,2.4,12.7,11.2,0.4,0.8,0.2,1.4,E07000140,South Holland,matched_reference,E07000140,South Holland
E07000141,South Kesteven,7.502931,4.4203725,5,0.5723733050351566,2.517545571935298e-05,0.08986143440280697,0.33747222309886055,0.00019559099471703055,7.227101273972254e-05,0.5723733050351566,46.8,35.1,13.3,4.78,72.2,15.0,41.2,0.4,2.0,2.7,5.1,3.3,2.6,27.8,16.5,3.2,3.7,2.9,1.5,21.6,13.8,17.2,4.6,12.4,25.6,4.8,69.4,33.6,35.8,0.9,13.4,10.4,3.1,14.6,13.3,0.2,0.9,0.2,1.6,E07000141,South Kesteven,matched_reference,E07000141,South Kesteven
E07000142,West Lindsey,8.951308,4.808556,2,0.9609941164034524,3.8611069430727045e-11,0.00024083489347219244,0.9609941164034524,2.481539901954894e-08,2.633531453338024e-06,0.038762390317612,44.0,35.9,14.7,5.36,68.3,15.0,36.9,0.4,2.3,2.7,4.9,3.8,2.3,31.7,18.9,3.6,4.0,3.8,1.4,23.0,13.9,16.6,5.1,11.9,25.3,4.2,72.6,38.2,34.4,1.0,11.1,2.4,8.7,13.7,12.0,0.6,0.9,0.3,1.7,E07000142,West Lindsey,matched_reference,E07000142,West Lindsey
E07000150,Corby,6.475932,3.2914758,5,0.6735729977541189,0.09188519022334565,0.0021002688045342376,0.010996158760898114,0.21860700552176085,0.00283837893534209,0.6735729977541189,45.9,35.2,13.1,5.77,73.6,13.6,46.4,0.2,1.1,1.3,3.3,4.9,2.8,26.4,12.4,3.3,3.9,5.0,1.8,27.6,17.3,17.1,4.1,11.1,14.9,7.8,62.1,23.5,38.7,0.4,20.9,17.7,3.2,15.2,14.2,0.1,0.8,0.1,1.3,E07000150,Corby,matched_reference,E07000150,Corby
E07000151,Daventry,6.4710073,5.364214,1,0.9640467981075442,1.156236321363909e-05,0.9640467981075442,0.01953047222555414,3.104354354610767e-08,2.754564406620457e-09,0.01641113350558005,48.4,35.3,12.1,4.22,72.4,13.8,41.2,0.4,2.5,3.0,5.9,3.0,2.6,27.6,15.3,3.4,3.6,2.5,2.7,18.9,14.8,17.0,4.4,11.8,28.8,4.3,71.7,33.3,38.4,0.9,13.9,4.1,9.9,12.1,11.0,0.2,0.8,0.2,1.4,E07000151,Daventry,matched_reference,E07000151,Daventry
E07000152,East Northamptonshire,6.4104023,5.0666537,1,0.9231300018594164,8.762139999854319e-05,0.9231300018594164,0.02185423180785902,3.052306865669497e-06,3.3257236169992287e-08,0.05492505936862433,46.9,35.9,12.8,4.37,72.7,13.7,42.8,0.4,2.0,2.5,5.7,3.4,2.3,27.3,15.2,4.0,4.0,2.9,1.3,22.3,15.3,17.6,4.4,11.8,24.2,4.4,72.4,32.0,40.4,0.5,13.3,2.3,11.0,12.5,11.3,0.3,0.9,0.1,1.2,E07000152,East Northamptonshire,matched_reference,E07000152,East Northamptonshire
E07000153,Kettering,6.6641674,3.8719916,5,0.8572012653362678,0.009492679703355626,0.04229506587044976,0.03712048489596669,0.05356872642700211,0.00032177776695777667,0.8572012653362678,46.0,36.3,12.9,4.73,73.6,14.7,43.1,0.3,1.8,2.3,4.8,4.0,2.6,26.4,14.3,3.1,3.9,3.5,1.6,22.8,15.5,17.0,4.3,11.8,23.3,5.3,69.4,30.4,39.0,0.9,13.1,8.8,4.2,15.2,13.9,0.1,1.1,0.1,1.4,E07000153,Kettering,matched_reference,E07000153,Kettering
E07000154,Northampton,6.13183,3.4949722,5,0.4866179188702768,0.11822719284406001,0.003597327044213153,0.004277003884809775,0.38699982710273323,0.0002807302539070442,0.4866179188702768,46.4,36.5,12.5,4.64,74.2,13.5,43.9,0.3,1.4,1.8,4.5,4.6,4.1,25.8,11.2,5.1,3.9,3.7,1.9,22.5,14.9,15.8,3.6,12.4,23.7,7.1,62.7,25.1,37.5,1.3,17.0,12.8,4.3,17.8,16.5,0.1,1.1,0.2,1.2,E07000154,Northampton,matched_reference,E07000154,Northampton
E07000155,South Northamptonshire,6.0021176,6.021273,1,0.9977208080750825,2.487767244187729e-07,0.9977208080750825,0.0020702542921575504,6.286264006884336e-13,5.908750465102055e-13,0.00020868885481624508,50.7,34.9,11.0,3.41,76.1,14.4,43.4,0.5,2.6,3.3,6.9,2.4,2.7,23.9,14.7,3.0,3.4,1.7,1.1,17.4,14.0,16.7,4.5,12.5,31.1,3.9,76.3,34.6,41.6,1.0,10.1,2.6,7.5,11.1,9.9,0.2,0.7,0.2,1.5,E07000155,South Northamptonshire,matched_reference,E07000155,South Northamptonshire
E07000156,Wellingborough,7.525088,3.226202,5,0.7618046674247007,0.0009307790007922071,0.002040058962514145,0.1601800335485895,0.021525274918270304,0.053519186145133166,0.7618046674247007,43.7,37.0,14.2,5.11,71.6,13.6,42.6,0.3,1.6,1.9,4.3,4.7,2.6,28.4,14.7,3.4,4.3,3.8,2.2,25.7,16.0,16.5,4.1,10.8,20.4,6.4,66.4,29.9,36.5,1.0,17.7,5.4,12.3,13.6,12.4,0.1,0.9,0.2,1.3,E07000156,Wellingborough,matched_reference,E07000156,Wellingborough
E07000170,Ashfield,9.016141,1.711409,4,0.9649338458300686,3.3624753630262007e-09,1.4656414546765225e-08,0.03483714474115491,1.9536868834864124e-08,0.9649338458300686,0.00022897187301768797,42.1,34.5,16.3,7.16,68.1,14.7,39.5,0.3,1.2,1.7,3.8,4.7,2.2,31.9,16.5,3.3,4.5,5.6,1.9,31.4,16.4,16.4,4.3,12.0,15.1,4.4,69.2,33.3,35.9,0.5,16.2,12.7,3.5,12.8,11.6,0.1,1.0,0.1,1.3,E07000170,Ashfield,matched_reference,E07000170,Ashfield
E07000171,Bassetlaw,8.992867,2.0975664,4,0.8826114981086375,7.6747777630501e-09,2.5876743668467796e-07,0.11523813928932469,1.6110378326049875e-06,0.8826114981086375,0.002148485121990644,42.8,34.7,15.8,6.74,67.9,15.3,37.9,0.4,1.8,2.0,4.2,4.0,2.4,32.1,17.1,3.5,3.8,5.1,2.7,28.5,14.6,16.4,4.1,11.3,20.2,4.8,69.5,34.2,35.3,0.4,15.9,12.9,3.0,12.5,11.2,0.2,0.9,0.2,1.7,E07000171,Bassetlaw,matched_reference,E07000171,Bassetlaw
E07000172,Broxtowe,7.9865994,4.180164,2,0.5308447960183987,2.1009533991016142e-06,0.013398590957666176,0.5308447960183987,0.00023678957110316584,0.0004161084731014074,0.4551016140263313,45.5,35.0,14.3,5.27,69.7,14.5,40.7,0.3,1.6,2.0,3.9,3.9,2.9,30.3,16.5,5.6,3.3,3.5,1.4,23.1,12.9,14.9,4.5,12.1,28.2,4.2,73.2,37.1,36.1,0.4,11.1,9.0,2.2,14.1,12.6,0.3,0.9,0.2,1.2,E07000172,Broxtowe,matched_reference,E07000172,Broxtowe
E07000173,Gedling,8.213642,4.125738,2,0.6439433731036187,4.240819316843821e-07,0.005595610152696824,0.6439433731036187,0.00016150570016597613,0.0005695517599926346,0.3497295352015942,45.1,35.2,14.5,5.27,71.4,15.5,39.8,0.4,1.9,2.3,4.8,4.1,2.7,28.6,16.5,3.6,3.3,3.6,1.5,23.6,13.7,15.8,4.6,12.9,25.3,4.1,75.3,37.7,37.6,0.5,10.0,4.0,6.0,13.1,11.9,0.1,1.0,0.2,1.1,E07000173,Gedling,matched_reference,E07000173,Gedling
E07000174,Mansfield,9.027904,1.5740502,4,0.9763072380953948,2.4201286490901315e-09,5.130914544092941e-09,0.02359258601216257,3.2683987036315748e-09,0.9763072380953948,0.00010016507300072378,41.4,34.4,16.2,8.0,67.9,15.1,38.7,0.3,1.4,1.7,3.8,4.6,2.4,32.1,15.7,3.4,4.5,6.5,2.0,30.4,15.7,16.5,3.7,12.1,16.4,5.3,66.6,32.6,33.9,0.4,18.2,13.8,4.4,13.6,12.5,0.1,0.9,0.1,1.2,E07000174,Mansfield,matched_reference,E07000174,Mansfield
E07000175,Newark and Sherwood,8.762422,3.5796373,2,0.8342320102270724,1.776961254063178e-08,0.000274291318998122,0.8342320102270724,0.00038012103658898805,0.009321061293397787,0.15579249835433004,44.9,34.6,14.7,5.89,68.9,15.1,38.0,0.4,2.1,2.4,4.8,3.6,2.5,31.1,17.1,3.8,4.1,4.3,2.0,25.1,14.3,16.1,4.0,11.9,24.2,4.5,70.6,35.7,35.0,0.5,14.5,10.4,4.0,12.9,11.6,0.2,0.9,0.2,1.5,E07000175,Newark and Sherwood,matched_reference,E07000175,Newark and Sherwood
E07000176,Rushcliffe,7.5278893,5.579269,2,0.6490213985159933,1.6714899934735392e-07,0.299689939110687,0.6490213985159933,1.4624223268018416e-10,1.7966124171364367e-08,0.051288477111954216,51.9,32.6,11.5,3.99,71.9,14.6,40.5,0.5,2.4,2.9,5.0,2.8,3.3,28.1,15.9,5.5,3.0,2.2,1.5,16.4,10.4,14.4,3.4,13.1,39.0,3.4,76.7,39.2,37.5,0.7,8.4,2.3,6.1,13.3,12.2,0.1,0.8,0.2,0.9,E07000176,Rushcliffe,matched_reference,E07000176,Rushcliffe
E06000019,"Herefordshire, County of UA",9.198708,6.0531096,2,0.998976620415143,1.3238779973714212e-14,6.319770349618735e-06,0.998976620415143,2.855469581268388e-17,7.32069815421255e-11,0.0010170597412872842,45.7,35.2,13.9,5.23,71.3,15.2,36.0,0.5,2.7,3.5,7.6,3.3,2.4,28.7,16.6,3.6,3.5,3.4,1.6,22.9,12.8,16.0,3.6,12.0,27.5,5.2,67.7,39.4,28.3,1.0,13.9,3.4,10.5,15.5,13.6,0.6,0.9,0.3,1.9,E06000019,"Herefordshire, County of",matched_reference,E06000019,"Herefordshire, County of"
E06000051,Shropshire UA,9.055066,5.915945,2,0.9979196454206334,1.0760424452099394e-13,2.5409030081608354e-05,0.9979196454206334,7.250728822550987e-16,3.173681180666297e-10,0.002054945231808523,46.5,34.9,13.5,5.04,71.0,15.5,37.1,0.5,2.7,3.1,6.4,3.3,2.3,29.0,16.9,3.9,3.4,3.2,1.6,22.5,13.1,16.8,3.7,12.2,27.5,4.2,69.2,38.6,30.6,0.6,13.5,5.0,8.5,15.0,13.1,0.6,0.9,0.3,1.8,E06000051,Shropshire,matched_reference,E06000051,Shropshire
E06000021,Stoke-on-Trent UA,7.588289,1.0019486,4,0.9990342904727298,0.00037751941397569236,5.527576395872083e-11,0.0005269960436754492,1.039341256730538e-11,0.9990342904727298,6.119400394997104e-05,42.0,34.7,15.3,8.04,65.5,13.5,36.7,0.3,1.2,1.5,3.3,5.3,3.7,34.5,14.3,5.6,4.7,7.2,2.7,33.8,14.4,15.9,3.5,11.9,15.5,5.0,59.4,28.5,31.0,0.4,24.2,18.3,5.8,14.4,13.2,0.1,0.9,0.2,1.7,E06000021,Stoke-on-Trent,matched_reference,E06000021,Stoke-on-Trent
E06000020,Telford and Wrekin UA,7.3931017,2.4527109,4,0.7272414908906331,0.008258599538874862,3.331183778269989e-05,0.0464076924987316,0.0023004900617970407,0.7272414908906331,0.21575841517218106,45.9,34.3,13.6,6.24,69.5,13.5,41.4,0.2,1.4,1.7,3.6,4.7,2.8,30.5,13.7,5.1,4.8,4.9,2.0,24.6,15.1,17.9,3.3,13.0,20.9,5.1,63.7,27.2,36.5,0.4,19.7,8.1,11.6,15.0,13.6,0.2,0.9,0.2,1.2,E06000020,Telford and Wrekin,matched_reference,E06000020,Telford and Wrekin
E07000192,Cannock Chase,7.5284266,2.8608212,5,0.5677540294836335,0.0023509606874388563,0.0004219888050538922,0.1308224263296276,0.013672865260158845,0.2849777294340875,0.5677540294836335,43.7,35.0,14.5,6.78,71.0,15.2,39.9,0.3,1.5,1.7,5.2,4.6,2.6,29.0,14.9,3.6,4.2,4.7,1.7,28.2,16.3,17.8,3.6,12.7,17.2,4.2,69.1,30.5,38.7,0.6,16.9,13.0,3.9,12.1,11.1,0.1,0.9,0.1,1.2,E07000192,Cannock Chase,matched_reference,E07000192,Cannock Chase
E07000193,East Staffordshire,7.7265267,3.4012213,5,0.7044030652038809,0.0001543693673706732,0.0030486907405044136,0.25282552492258353,0.011362274112215047,0.028206075653445226,0.7044030652038809,45.9,35.7,13.5,4.94,70.5,14.6,40.7,0.4,1.7,2.2,4.4,3.8,2.7,29.5,15.0,3.7,4.4,3.7,2.5,24.7,14.2,16.1,4.2,11.7,23.4,5.7,69.6,35.1,34.5,0.6,13.5,4.2,9.3,15.1,13.8,0.2,1.0,0.2,1.3,E07000193,East Staffordshire,matched_reference,E07000193,East Staffordshire
E07000194,Lichfield,8.329566,5.220693,2,0.938477979334071,2.3091303835815096e-09,0.006806405594102332,0.938477979334071,1.4051359410222712e-09,2.7504984551902705e-07,0.05471533630771509,46.9,34.8,13.2,5.12,69.4,14.6,38.6,0.4,2.4,2.6,5.1,3.4,2.4,30.6,18.6,3.7,3.5,3.0,1.8,22.4,13.7,16.0,3.5,11.8,28.4,4.1,75.6,38.7,36.9,0.6,13.2,1.6,11.6,9.5,8.4,0.2,0.7,0.2,1.1,E07000194,Lichfield,matched_reference,E07000194,Lichfield
E07000195,Newcastle-under-Lyme,8.16622,1.4935541,4,0.9957871852075212,5.05531811953671e-06,4.294333568110896e-09,0.003941587137068174,4.437878576933471e-09,0.9957871852075212,0.0002661636050791997,44.7,34.5,14.4,6.49,66.7,13.8,37.8,0.3,1.7,1.8,3.8,3.7,3.9,33.3,16.1,7.6,3.2,4.7,1.7,26.8,12.7,15.7,3.9,14.5,22.5,4.0,69.1,35.2,33.9,0.4,18.7,6.5,12.3,10.5,9.4,0.1,0.8,0.2,1.3,E07000195,Newcastle-under-Lyme,matched_reference,E07000195,Newcastle-under-Lyme
E07000196,South Staffordshire,8.411236,5.297861,2,0.9567552628303242,8.014283460986417e-10,0.004126832022313852,0.9567552628303242,3.3073223562147996e-10,1.3802555156210322e-07,0.03911776598964974,45.3,35.5,13.8,5.37,69.9,15.1,38.4,0.5,2.4,2.3,5.2,3.3,2.6,30.1,18.3,3.9,3.2,2.8,2.0,24.0,13.9,16.5,4.0,12.5,25.1,3.9,75.7,40.1,35.7,0.6,13.9,1.5,12.5,8.5,7.6,0.2,0.6,0.1,1.3,E07000196,South Staffordshire,matched_reference,E07000196,South Staffordshire
E07000197,Stafford,7.9798217,4.989357,2,0.7996726531375823,1.1119234018091149e-07,0.039565131704492544,0.7996726531375823,1.224744724547816e-07,1.9921389214806383e-06,0.16075998935219118,46.1,35.6,13.2,5.05,70.2,14.5,40.0,0.4,2.1,2.2,4.4,3.1,3.4,29.8,16.7,5.1,3.0,3.1,2.0,20.4,12.7,15.8,3.5,12.9,30.3,4.4,71.6,36.4,35.2,0.5,13.7,4.3,9.3,12.9,11.2,0.3,0.8,0.6,1.3,E07000197,Stafford,matched_reference,E07000197,Stafford
E07000198,Staffordshire Moorlands,8.938219,4.352908,2,0.9268221041607232,2.415620209751484e-10,0.0002658131488560389,0.9268221041607232,2.423460231004864e-06,6.298498356095616e-05,0.07284667400506653,44.2,35.1,14.9,5.92,69.3,14.6,38.1,0.5,2.3,2.5,6.0,2.8,2.5,30.7,19.1,3.3,2.9,4.1,1.3,26.6,12.8,16.0,4.2,12.3,23.7,4.4,79.7,44.1,35.6,0.3,8.9,3.2,5.6,9.8,8.6,0.1,1.0,0.2,1.3,E07000198,Staffordshire Moorlands,matched_reference,E07000198,Staffordshire Moorlands
E07000199,Tamworth,6.817275,3.1598556,5,0.8055936956638864,0.041541560287297274,0.0015887725702664966,0.02830969660485642,0.10666319493055115,0.01630307994314215,0.8055936956638864,45.6,35.2,13.4,5.74,72.5,15.1,43.1,0.2,1.1,1.6,4.1,4.5,2.7,27.5,14.3,3.5,4.2,4.1,1.4,26.8,17.4,17.8,3.7,12.5,17.4,4.3,68.2,27.8,40.4,0.5,19.3,14.2,5.1,11.0,10.0,0.0,0.9,0.1,0.9,E07000199,Tamworth,matched_reference,E07000199,Tamworth
E07000218,North Warwickshire,7.600669,3.8998723,5,0.7205870654881387,7.341698122826996e-05,0.017548399739544453,0.25664461112074555,0.003518393979237377,0.0016281126911058257,0.7205870654881387,45.1,34.8,14.1,5.98,71.8,14.6,41.1,0.4,2.1,2.3,5.4,3.6,2.3,28.2,16.5,3.3,3.3,3.5,1.5,27.9,15.3,16.8,4.1,11.9,19.8,4.3,72.4,34.9,37.5,0.7,14.4,10.4,4.0,11.3,10.2,0.1,0.8,0.2,1.2,E07000218,North Warwickshire,matched_reference,E07000218,North Warwickshire
E07000219,Nuneaton and Bedworth,7.8742895,2.7420063,4,0.5318031222978069,0.00023449753565789498,0.00014835587929811546,0.18306667493970122,0.0033573538560358706,0.5318031222978069,0.2813899954914998,44.0,35.3,14.5,6.21,70.8,14.8,41.7,0.2,1.3,1.6,3.7,4.7,2.7,29.2,15.6,3.6,3.9,4.4,1.7,28.0,15.6,16.4,4.8,11.6,18.6,5.0,71.4,33.3,38.1,0.5,14.5,11.0,3.5,12.7,11.5,0.1,1.0,0.1,1.0,E07000219,Nuneaton and Bedworth,matched_reference,E07000219,Nuneaton and Bedworth
E07000220,Rugby,6.999107,4.596453,5,0.4847139688333827,0.00018345377400506694,0.3644795060361088,0.15041647025378385,0.0001964763327796854,1.0124769939795596e-05,0.4847139688333827,47.7,35.3,12.6,4.47,73.5,13.9,44.6,0.3,1.6,2.2,4.7,3.6,2.5,26.5,14.7,3.9,3.5,2.8,1.5,19.6,13.3,16.0,5.3,11.7,28.2,6.0,69.5,32.9,36.6,1.0,14.3,9.2,5.1,14.1,12.6,0.4,0.7,0.3,1.2,E07000220,Rugby,matched_reference,E07000220,Rugby
E07000221,Stratford-on-Avon,8.849165,6.2686315,2,0.9991425902051105,1.323419114399839e-13,4.4425992970941226e-05,0.9991425902051105,1.2773439074977344e-18,1.860731946936923e-11,0.0008129837831789574,48.2,34.8,12.7,4.24,72.1,14.4,38.5,0.5,2.7,4.0,6.9,2.5,2.6,27.9,17.3,3.4,3.5,2.3,1.4,19.3,12.0,15.6,3.6,11.7,33.4,4.4,71.8,39.1,32.7,1.1,12.9,1.1,11.8,12.7,11.3,0.4,0.7,0.3,1.5,E07000221,Stratford-on-Avon,matched_reference,E07000221,Stratford-on-Avon
E07000222,Warwick,5.0354757,2.7746491,0,0.65553160802021,0.65553160802021,3.0630282810370227e-07,8.47425353173682e-06,0.32544712613121257,7.471380815260938e-06,0.019005013911401948,50.6,33.9,11.4,4.03,71.3,13.1,41.9,0.4,1.9,2.8,4.7,3.0,3.5,28.7,12.9,9.0,2.9,2.6,1.3,16.4,10.1,12.7,3.3,14.4,38.4,4.6,66.7,32.6,34.0,0.9,13.4,9.1,4.3,17.9,16.7,0.2,0.8,0.2,1.2,E07000222,Warwick,matched_reference,E07000222,Warwick
E08000025,Birmingham,6.913777,1.0668546,4,0.9216864885569018,0.07738170631095671,8.684595575539202e-11,0.0003826084820689988,3.3976162454216145e-10,0.9216864885569018,0.0005491962234649816,45.5,33.9,13.9,6.69,64.2,12.7,33.1,0.4,1.3,2.0,3.3,7.1,4.4,35.8,10.7,9.7,6.4,5.3,3.7,28.2,13.3,13.8,2.1,13.0,23.0,6.6,55.2,25.9,29.3,1.0,24.2,15.4,8.8,17.9,16.7,0.1,0.8,0.2,1.7,E08000025,Birmingham,matched_reference,E08000025,Birmingham
E08000026,Coventry,5.717523,1.4460262,0,0.997379894420011,0.997379894420011,1.1149067739722054e-11,3.7588149818590277e-06,1.6880221420095924e-07,0.0020433800391796058,0.0005727979124641414,46.0,34.6,13.3,6.05,66.3,12.9,36.5,0.2,1.1,1.6,3.3,5.4,5.4,33.7,12.0,10.4,4.3,4.5,2.4,23.9,13.3,14.1,4.0,14.2,23.0,7.4,60.6,29.3,31.3,0.6,17.0,5.4,11.6,20.6,19.0,0.1,1.1,0.4,1.2,E08000026,Coventry,matched_reference,E08000026,Coventry
E08000027,Dudley,8.987756,1.8273141,4,0.9522532855485658,5.283482560486072e-09,3.5945202788463425e-08,0.047278466089496325,8.28991951411835e-08,0.9522532855485658,0.00046812423405744063,42.4,35.8,15.3,6.51,68.6,15.0,38.2,0.3,1.3,1.9,4.1,5.3,2.5,31.4,16.2,4.3,4.6,4.4,2.0,30.0,14.3,16.7,3.5,11.9,19.2,4.4,68.8,34.9,33.8,0.5,19.8,16.8,3.0,9.2,8.4,0.1,0.6,0.1,1.6,E08000027,Dudley,matched_reference,E08000027,Dudley
E08000028,Sandwell,7.3637547,1.0114008,4,0.9970714238667384,0.002362808303948165,5.826629989182856e-11,0.0004483129863023892,2.5498522720754837e-11,0.9970714238667384,0.00011745475924625279,41.9,34.8,15.6,7.7,66.8,13.6,37.1,0.3,1.1,1.5,3.1,7.3,2.9,33.2,13.0,5.3,5.9,5.8,3.2,35.2,14.4,14.7,2.7,10.4,15.4,7.3,56.9,26.5,30.4,0.6,27.5,22.7,4.8,12.9,12.0,0.1,0.7,0.1,2.1,E08000028,Sandwell,matched_reference,E08000028,Sandwell
E08000029,Solihull,7.63215,4.2443595,5,0.6048550244031434,2.0113983892171415e-05,0.042279635814826196,0.3521407032901568,0.0004694305427845692,0.00023509196519683786,0.6048550244031434,47.5,34.2,13.1,5.2,70.8,14.6,39.9,0.4,2.0,2.3,4.6,4.2,2.8,29.2,16.2,4.4,3.7,3.3,1.5,22.7,13.6,16.1,3.4,11.7,28.5,4.0,73.9,37.4,36.4,0.6,14.9,11.9,3.1,9.9,9.1,0.1,0.6,0.1,0.7,E08000029,Solihull,matched_reference,E08000029,Solihull
E08000030,Walsall,7.533732,1.168072,4,0.9983620314467945,0.0006922733695940919,2.634998850879836e-10,0.000766478923047266,1.9118835279308244e-10,0.9983620314467945,0.00017921580587603643,42.2,35.1,15.5,7.24,66.1,14.0,35.3,0.4,1.5,1.7,3.8,6.8,2.7,33.9,15.0,5.0,5.8,5.2,2.9,33.7,14.6,15.3,3.0,10.8,16.9,5.7,62.4,31.1,31.3,0.6,24.1,10.0,14.1,11.7,10.7,0.1,0.7,0.2,1.3,E08000030,Walsall,matched_reference,E08000030,Walsall
E08000031,Wolverhampton,7.3010626,0.989003,4,0.9956454746480755,0.003825240011991553,4.62939282552862e-11,0.0004059632291410244,2.169213300224769e-11,0.9956454746480755,0.00012332204280597562,41.8,35.3,15.7,7.19,66.9,13.5,35.5,0.3,1.3,1.5,3.3,7.8,3.6,33.1,13.2,6.1,5.3,5.4,3.1,31.2,14.1,14.9,2.7,10.6,19.5,6.9,56.6,28.8,27.8,0.4,28.0,22.3,5.7,13.2,12.3,0.1,0.7,0.2,1.8,E08000031,Wolverhampton,matched_reference,E08000031,Wolverhampton
E07000234,Bromsgrove,7.945736,5.3782105,2,0.884250893764504,2.6133737286765863e-08,0.04914436275461347,0.884250893764504,6.930029777219981e-10,1.0451536907867055e-07,0.06660461213877293,49.1,33.4,12.7,4.82,71.8,15.3,39.4,0.5,2.6,2.9,5.5,3.1,2.5,28.2,16.3,4.2,2.8,2.5,2.4,21.3,12.8,15.8,4.1,11.7,30.5,3.7,79.5,40.6,38.9,0.6,10.0,3.0,7.0,8.8,7.9,0.2,0.6,0.1,1.1,E07000234,Bromsgrove,matched_reference,E07000234,Bromsgrove
E07000235,Malvern Hills,9.306033,6.082183,2,0.9992292215567631,3.865189092711666e-15,2.619549025235024e-06,0.9992292215567631,1.0627177203012134e-17,4.6070796048698084e-11,0.0007681588481371204,45.6,35.1,14.1,5.3,67.8,14.4,33.7,0.5,2.8,4.0,6.9,3.2,2.3,32.2,19.2,4.8,3.5,3.2,1.5,20.3,11.2,15.5,3.8,11.4,33.9,3.9,71.9,42.5,29.4,0.8,14.1,1.7,12.4,11.5,10.4,0.2,0.8,0.2,1.7,E07000235,Malvern Hills,matched_reference,E07000235,Malvern Hills
E07000236,Redditch,6.516298,3.3348653,5,0.7081357464911032,0.07192682740019736,0.0027836877595256784,0.013038297373123032,0.20143571444089947,0.002679726535151394,0.7081357464911032,46.8,34.9,13.0,5.41,73.9,14.4,43.8,0.2,1.4,2.1,4.4,4.6,3.0,26.1,13.0,3.8,3.9,3.8,1.6,25.1,15.8,17.0,3.7,12.0,20.7,5.6,65.7,26.5,39.1,0.4,21.2,16.4,4.7,11.7,10.7,0.1,0.9,0.1,1.1,E07000236,Redditch,matched_reference,E07000236,Redditch
E07000237,Worcester,5.6558847,2.9067838,0,0.6335314767090374,0.6335314767090374,1.4107469186151084e-05,0.00019378242870456348,0.26850661365483836,0.00021036688738675858,0.09754365285084661,47.4,34.9,12.8,4.85,73.5,15.0,41.9,0.2,1.3,2.1,4.2,4.2,4.6,26.5,12.2,5.5,3.7,3.4,1.7,21.3,12.7,14.9,3.9,14.5,27.7,5.0,64.4,29.0,35.4,1.0,15.3,5.6,9.7,18.2,16.9,0.1,1.0,0.2,1.1,E07000237,Worcester,matched_reference,E07000237,Worcester
E07000238,Wychavon,8.598511,5.5783753,2,0.9860005554667503,4.098318070836792e-11,0.001009094717581693,0.9860005554667503,1.875604329161561e-12,1.1318146390020998e-08,0.012990338454663037,46.4,35.6,13.3,4.69,71.7,15.0,38.4,0.5,2.6,3.2,6.3,3.1,2.5,28.3,17.4,3.3,3.4,2.7,1.6,22.1,13.1,15.6,4.0,11.6,28.7,4.8,72.7,38.7,34.0,0.5,14.5,1.6,12.9,11.0,9.8,0.3,0.7,0.2,1.4,E07000238,Wychavon,matched_reference,E07000238,Wychavon
E07000239,Wyre Forest,8.905931,3.7145202,2,0.8844193895548835,2.7936524398812072e-09,0.00018236047412807112,0.8844193895548835,0.0001460039364688333,0.0035054917323403636,0.11174675150852661,43.6,35.2,15.2,6.0,68.7,15.2,37.4,0.4,1.8,2.5,5.0,4.2,2.2,31.3,18.5,3.3,3.6,4.1,1.7,27.8,14.2,16.1,3.8,11.4,22.1,4.6,70.6,37.7,33.0,0.6,14.4,6.7,7.7,13.2,12.0,0.1,1.0,0.1,1.2,E07000239,Wyre Forest,matched_reference,E07000239,Wyre Forest
E06000055,Bedford UA,6.265906,4.956741,1,0.9120874726470591,0.00024271669605643327,0.9120874726470591,0.01605800270892434,1.98025177948625e-05,5.215280729190438e-08,0.07159195327735805,46.9,36.0,12.6,4.54,71.9,13.9,40.4,0.4,1.9,2.5,4.8,4.4,3.6,28.1,12.8,5.5,4.3,3.3,2.3,20.4,13.8,15.2,3.9,11.8,28.1,6.8,65.7,31.4,34.3,1.0,16.1,1.8,14.3,15.8,14.6,0.2,0.8,0.3,1.3,E06000055,Bedford,matched_reference,E06000055,Bedford
E06000056,Central Bedfordshire UA,6.353816,5.4801226,1,0.9812381778826724,6.513323098956217e-06,0.9812381778826724,0.011374865309845461,5.883752535052461e-09,5.564839778502693e-10,0.007380437044146731,49.1,35.5,11.5,3.85,74.7,14.0,43.6,0.4,2.0,2.7,6.0,3.5,2.8,25.3,13.5,4.2,3.9,2.4,1.3,19.4,14.9,17.0,4.7,12.6,27.3,4.1,72.6,31.6,40.9,0.8,13.4,5.2,8.2,12.1,10.5,0.4,0.7,0.4,1.1,E06000056,Central Bedfordshire,matched_reference,E06000056,Central Bedfordshire
E06000032,Luton UA,4.0032907,3.4576933,3,0.9986620208142223,0.0011598022931106249,4.239992626103141e-08,2.083389735666011e-08,0.9986620208142223,3.972848885206126e-11,0.00017811361911488128,46.6,36.1,12.4,4.93,69.1,12.7,36.7,0.4,1.5,2.0,4.5,5.7,5.5,30.9,9.9,7.4,6.7,3.8,3.3,23.6,14.6,14.5,3.3,11.1,22.3,10.7,60.2,25.1,35.1,0.4,15.8,10.7,5.0,22.6,21.3,0.1,1.0,0.3,1.0,E06000032,Luton,matched_reference,E06000032,Luton
E06000031,Peterborough UA,7.1897984,3.3432224,5,0.8529150135045077,0.00420468185487192,0.003804139486966546,0.07905937977477467,0.04393218142286537,0.016084603956013674,0.8529150135045077,44.3,37.3,13.3,5.17,72.3,14.1,42.9,0.3,1.5,2.0,3.8,5.1,2.7,27.7,11.6,3.9,5.5,4.1,2.6,25.0,15.4,16.2,3.5,10.8,20.2,8.9,59.3,25.8,33.4,0.9,19.5,6.4,13.1,19.1,17.4,0.4,0.9,0.4,1.2,E06000031,Peterborough,matched_reference,E06000031,Peterborough
E06000033,Southend-on-Sea UA,9.346812,3.1970854,2,0.9442727906151027,1.016901139323298e-10,1.0844012382135725e-05,0.9442727906151027,0.00012206314220627353,0.025492507147635908,0.030101794980982723,45.1,35.1,14.1,5.74,70.7,14.4,38.4,0.4,1.7,2.7,5.5,5.0,2.7,29.3,14.1,3.8,5.0,4.2,2.1,24.6,16.4,17.5,3.0,11.4,21.8,5.3,65.2,30.7,34.4,0.4,11.5,6.8,4.7,22.0,20.7,0.1,1.0,0.2,0.9,E06000033,Southend-on-Sea,matched_reference,E06000033,Southend-on-Sea
E06000034,Thurrock UA,6.635552,3.4196365,5,0.784954377367923,0.03786750696751545,0.00480417396244182,0.020164663384605465,0.14955053268489044,0.0026587456326237135,0.784954377367923,48.2,34.7,12.3,4.77,74.0,14.3,42.6,0.3,1.5,1.8,5.2,5.4,2.7,26.0,11.7,3.5,5.2,3.5,2.1,26.5,18.1,17.5,3.4,10.9,17.4,6.1,66.2,25.5,40.7,0.5,18.4,16.1,2.3,14.1,13.2,0.1,0.7,0.1,0.8,E06000034,Thurrock,matched_reference,E06000034,Thurrock
E07000008,Cambridge,5.1195397,1.3955352,0,0.9998127547879012,0.9998127547879012,1.6590780617809198e-13,1.6637006164015262e-07,1.1428668493744378e-07,5.231635405710367e-05,0.0001346482011293516,54.7,32.0,9.7,3.64,64.0,10.2,38.0,0.2,1.3,2.3,3.6,2.7,5.7,36.0,7.1,21.8,3.0,2.5,1.6,11.9,6.9,8.6,1.9,16.9,47.3,6.4,47.5,24.9,22.5,1.1,23.6,15.2,8.4,26.2,23.9,0.6,0.8,0.9,1.6,E07000008,Cambridge,matched_reference,E07000008,Cambridge
E07000009,East Cambridgeshire,6.1212044,5.8586664,1,0.9957776984411547,6.880473816892315e-07,0.9957776984411547,0.0035625225469352317,1.1351687767107355e-11,5.125353378051813e-12,0.0006590909480515096,48.8,35.2,12.1,3.97,75.6,14.5,44.0,0.4,2.3,3.1,6.1,2.9,2.3,24.4,13.5,2.9,4.2,2.4,1.3,20.9,13.1,15.6,4.3,11.4,29.0,5.5,68.5,32.2,36.3,1.5,14.3,1.3,13.0,13.2,12.0,0.3,0.8,0.2,2.5,E07000009,East Cambridgeshire,matched_reference,E07000009,East Cambridgeshire
E07000010,Fenland,8.789201,3.311427,2,0.823940087363424,2.9528059067988496e-08,0.0001458082425088515,0.823940087363424,0.0006297953640878017,0.038583968230203554,0.136700311271717,39.4,37.8,16.5,6.18,69.1,14.0,39.4,0.3,1.7,2.0,5.2,4.2,2.1,30.9,17.1,3.1,4.3,4.5,2.0,31.2,15.6,17.0,4.0,10.4,14.9,6.9,70.0,35.7,34.3,0.5,12.4,2.2,10.2,15.6,14.3,0.1,1.0,0.2,1.4,E07000010,Fenland,matched_reference,E07000010,Fenland
E07000011,Huntingdonshire,6.2543435,5.3807173,1,0.9817925282235795,1.4277442016923976e-05,0.9817925282235795,0.008735087733742678,3.6454864884901336e-08,9.100440671071564e-10,0.009458069235751853,48.8,35.7,11.6,3.94,74.6,14.2,45.1,0.4,1.8,2.4,4.9,3.2,2.6,25.4,14.1,3.2,3.8,2.5,1.9,19.2,14.6,17.0,3.8,12.4,27.9,5.1,71.2,32.0,39.3,0.7,12.9,2.6,10.3,14.1,12.5,0.4,0.9,0.3,1.0,E07000011,Huntingdonshire,matched_reference,E07000011,Huntingdonshire
E07000012,South Cambridgeshire,6.2681894,6.6645403,1,0.9920698255600044,5.037124918843187e-09,0.9920698255600044,0.00790760531026691,4.834640186479511e-19,6.069546667217319e-15,2.25640925974983e-05,52.5,33.7,10.6,3.21,76.2,14.5,45.0,0.4,2.2,3.4,5.6,2.3,2.8,23.8,13.0,4.0,3.6,2.0,1.3,15.3,11.1,14.4,3.9,11.3,40.1,4.0,70.3,34.6,35.6,2.1,14.3,9.1,5.1,12.0,10.4,0.6,0.6,0.4,1.4,E07000012,South Cambridgeshire,matched_reference,E07000012,South Cambridgeshire
E07000066,Basildon,6.829798,3.5896418,5,0.8623278025944936,0.010775100100948357,0.011418218130637921,0.039516637711327254,0.07395942096726427,0.0020028204953285032,0.8623278025944936,46.2,35.0,13.3,5.53,71.2,14.2,40.3,0.3,1.7,2.1,5.5,4.6,2.4,28.8,13.9,3.4,5.7,3.9,1.8,26.6,18.4,17.6,3.6,10.7,18.6,4.3,65.9,28.9,37.0,1.0,22.0,14.2,7.8,10.2,9.4,0.1,0.6,0.1,0.9,E07000066,Basildon,matched_reference,E07000066,Basildon
E07000067,Braintree,6.2904496,5.0855103,1,0.9443492207093,9.764770387770215e-05,0.9443492207093,0.014407146936658436,3.068451528766653e-06,1.7269786794465907e-08,0.041142898928848474,47.5,35.7,12.4,4.36,73.8,14.8,41.1,0.4,2.0,2.9,6.3,3.8,2.5,26.2,14.1,3.0,4.6,3.1,1.5,22.8,16.5,18.1,3.9,12.0,22.2,4.4,68.6,30.5,38.1,0.6,16.5,3.9,12.6,13.2,12.0,0.2,0.8,0.2,1.1,E07000067,Braintree,matched_reference,E07000067,Braintree
E07000068,Brentwood,5.5185905,6.6322746,1,0.9997209093734795,3.5572282556935123e-09,0.9997209093734795,0.00027732673781377676,3.585588727669083e-18,1.0634113581974448e-16,1.760331478420514e-06,51.0,33.3,11.6,4.01,72.0,13.5,40.9,0.5,2.4,3.2,6.1,3.1,2.3,28.0,14.9,4.4,4.8,2.3,1.5,19.4,14.2,17.2,3.3,11.4,30.7,3.8,75.1,38.0,37.2,0.6,11.7,8.8,2.9,11.3,10.3,0.2,0.6,0.2,1.3,E07000068,Brentwood,matched_reference,E07000068,Brentwood
E07000069,Castle Point,8.706822,4.2375407,2,0.8665340242410499,3.5452013557790363e-09,0.0007981968953931341,0.8665340242410499,1.366302555968328e-05,0.00018774384347005135,0.13246636844932577,43.5,36.1,14.7,5.66,68.2,14.7,36.4,0.3,1.9,2.3,6.5,3.5,2.4,31.8,19.4,2.9,4.8,3.2,1.6,29.9,18.0,17.8,4.6,10.6,14.6,4.4,82.6,43.1,39.5,0.3,5.3,4.0,1.4,10.9,9.8,0.0,0.9,0.2,0.9,E07000069,Castle Point,matched_reference,E07000069,Castle Point
E07000070,Chelmsford,6.171868,5.45324,1,0.9884234724134958,9.728590943007404e-06,0.9884234724134958,0.006007500803841276,1.3281577107813775e-08,3.152234589309332e-10,0.005559284594919583,50.2,34.7,11.4,3.65,73.8,14.7,42.4,0.4,1.9,2.7,5.4,3.4,3.0,26.2,14.1,3.9,4.2,2.3,1.6,18.9,15.0,17.3,3.6,12.5,28.8,3.9,73.2,34.0,39.2,0.6,13.1,2.1,11.0,12.0,10.9,0.2,0.7,0.2,1.1,E07000070,Chelmsford,matched_reference,E07000070,Chelmsford
E07000071,Colchester,5.389346,2.8121355,0,0.7215834626753547,0.7215834626753547,2.073613112323508e-06,4.516992305396046e-05,0.23435749377812953,5.694063874685882e-05,0.04395485937160265,48.8,34.8,12.1,4.25,71.1,14.4,39.3,0.3,1.7,2.4,5.0,3.5,4.4,28.9,13.1,7.0,4.1,3.2,1.5,19.4,14.3,16.7,3.4,13.8,27.2,5.2,66.3,31.9,34.4,0.5,13.5,8.2,5.3,18.7,16.3,0.7,1.0,0.7,1.0,E07000071,Colchester,matched_reference,E07000071,Colchester
E07000072,Epping Forest,5.598162,6.5198693,1,0.9996170713914516,8.127648400468638e-09,0.9996170713914516,0.0003786328716682525,3.92459314860618e-17,5.119423058291636e-16,4.287609231297761e-06,49.3,33.8,12.4,4.6,72.1,13.3,38.3,0.6,3.1,3.5,7.3,3.6,2.3,27.9,14.1,4.5,4.9,2.6,1.9,24.0,15.6,16.3,3.3,11.1,25.3,4.5,72.3,34.8,37.5,0.4,15.0,11.9,3.1,11.0,10.2,0.2,0.5,0.1,1.3,E07000072,Epping Forest,matched_reference,E07000072,Epping Forest
E07000073,Harlow,6.4155936,3.4086387,5,0.665929797150062,0.07858691817372893,0.003607343225984944,0.010229296911481587,0.24032357254627293,0.001323071992469523,0.665929797150062,45.1,35.9,13.7,5.36,74.7,14.7,43.1,0.2,1.2,2.0,5.2,5.2,3.1,25.3,11.3,3.6,4.7,3.7,1.9,26.0,18.8,17.2,3.6,11.2,17.6,5.6,56.1,21.2,34.9,0.9,31.2,26.9,4.3,10.8,10.0,0.1,0.7,0.1,0.9,E07000073,Harlow,matched_reference,E07000073,Harlow
E07000074,Maldon,8.719603,5.1545615,2,0.9679289240528427,8.944424590859154e-11,0.0007609822441243324,0.9679289240528427,7.446852772766828e-10,2.8546161991182325e-07,0.031309807407283285,46.2,35.6,13.4,4.75,70.2,14.6,36.9,0.5,2.5,3.4,7.0,3.0,2.1,29.8,17.9,3.0,4.7,2.8,1.4,23.1,16.0,17.3,4.6,11.2,23.6,4.1,78.4,40.0,38.5,0.4,10.4,0.6,9.8,9.7,8.6,0.2,0.8,0.1,1.1,E07000074,Maldon,matched_reference,E07000074,Maldon
E07000075,Rochford,8.4441,4.866746,2,0.9012317639562214,3.777258275023097e-09,0.003915921370698395,0.9012317639562214,8.577620288703734e-08,3.4790539041687132e-06,0.09484874606571501,47.8,34.9,13.0,4.32,70.8,15.2,39.0,0.4,1.9,2.7,6.2,3.0,2.4,29.2,17.7,3.1,4.6,2.3,1.5,23.6,17.8,18.4,4.3,11.9,20.0,4.0,82.9,41.5,41.4,0.2,7.6,1.2,6.4,8.5,7.6,0.1,0.7,0.2,0.8,E07000075,Rochford,matched_reference,E07000075,Rochford
E07000076,Tendring,9.823097,3.5975,2,0.9889446758710545,1.3205862415061764e-13,1.5213777149546586e-06,0.9889446758710545,1.2763039876039009e-05,0.0009339537098875738,0.010107086001334932,38.4,35.8,18.1,7.61,61.7,14.6,30.2,0.4,1.9,2.6,5.3,4.7,2.2,38.3,23.1,3.3,4.6,5.3,2.0,34.3,15.2,16.2,4.1,9.5,15.9,4.8,73.7,44.6,29.1,0.4,8.4,4.8,3.6,16.2,14.8,0.1,1.1,0.2,1.3,E07000076,Tendring,matched_reference,E07000076,Tendring
E07000077,Uttlesford,5.3816376,6.593629,1,0.9998374575993628,4.0161819956585544e-09,0.9998374575993628,0.00016111888228674477,1.2328110132474006e-17,7.153614517256433e-17,1.4195021681999438e-06,52.5,33.3,10.9,3.27,74.4,14.5,40.1,0.5,3.0,3.9,7.2,2.7,2.4,25.6,13.5,4.2,4.9,1.8,1.4,17.7,13.9,17.2,3.3,12.0,31.9,4.0,71.6,34.1,37.5,1.0,12.6,8.5,4.2,13.1,11.5,0.5,0.7,0.4,1.6,E07000077,Uttlesford,matched_reference,E07000077,Uttlesford
E07000095,Broxbourne,6.320603,4.8028245,1,0.8260920352393366,0.0005864354205733252,0.8260920352393366,0.023356165242716522,0.00012697326747264294,2.5900332097952775e-07,0.14983813182657962,47.7,35.3,12.3,4.63,73.1,14.5,40.1,0.4,2.0,2.5,6.7,4.2,2.7,26.9,13.2,4.3,4.8,2.8,1.8,25.5,17.7,17.2,3.7,11.2,19.2,5.4,72.9,32.6,40.4,1.1,14.1,2.9,11.1,11.2,10.4,0.1,0.6,0.1,0.8,E07000095,Broxbourne,matched_reference,E07000095,Broxbourne
E07000096,Dacorum,5.4917016,5.7491727,1,0.999307044037583,1.86025992755299e-06,0.999307044037583,0.0004244006737521505,4.2746617131242986e-10,7.013071852626745e-13,0.0002666946005698919,50.3,34.1,11.6,4.03,74.5,13.8,42.5,0.4,2.0,3.2,6.2,3.7,2.8,25.5,12.4,3.8,4.5,2.7,2.1,18.8,14.7,16.1,3.5,11.6,30.9,4.4,64.9,29.1,35.7,0.6,21.8,17.4,4.4,11.9,10.9,0.2,0.6,0.1,0.9,E07000096,Dacorum,matched_reference,E07000096,Dacorum
E07000097,East Hertfordshire,5.729508,6.168183,1,0.9992785046750164,9.340007424929201e-08,0.9992785046750164,0.0006770572924192211,5.84811893701638e-14,3.4098343136980524e-14,4.4344632397349366e-05,52.5,33.7,10.4,3.36,75.4,14.1,43.7,0.4,2.4,3.3,6.2,2.8,2.4,24.6,12.5,4.4,4.4,2.1,1.3,17.2,13.5,16.7,3.2,11.9,33.5,4.0,71.9,32.1,39.7,0.9,12.7,2.0,10.7,13.2,12.2,0.2,0.6,0.2,1.4,E07000097,East Hertfordshire,matched_reference,E07000097,East Hertfordshire
E07000098,Hertsmere,5.2737613,6.2683735,1,0.9998699075094315,3.7326454932149705e-08,0.9998699075094315,0.00012276821349872487,2.409504484137162e-14,1.102327541609965e-15,7.2869505897455255e-06,51.5,32.9,11.4,4.15,73.3,13.5,39.4,0.5,2.7,4.0,6.9,3.7,2.8,26.7,11.2,6.1,4.7,2.8,1.8,19.4,14.1,15.8,2.9,11.2,30.8,5.8,67.6,31.4,36.2,1.2,17.4,1.9,15.5,12.5,11.3,0.4,0.5,0.3,1.2,E07000098,Hertsmere,matched_reference,E07000098,Hertsmere
E07000099,North Hertfordshire,5.6930633,5.938939,1,0.9991759919746301,4.5623592315853857e-07,0.9991759919746301,0.0006813688019263054,6.416346697481151e-12,2.756970228694941e-13,0.00014218298082839474,50.2,34.1,11.8,3.92,74.9,14.0,43.9,0.4,2.0,3.1,5.5,3.4,2.7,25.1,13.3,3.7,4.3,2.4,1.3,18.0,13.2,15.4,3.5,11.4,34.4,4.2,65.6,30.3,35.3,0.9,19.3,7.1,12.2,13.1,12.1,0.2,0.6,0.2,1.1,E07000099,North Hertfordshire,matched_reference,E07000099,North Hertfordshire
E07000100,St Albans,4.8483086,6.204229,1,0.9999621630601793,4.291544501067599e-08,0.9999621630601793,3.3737160401633584e-05,4.165004812301734e-13,2.2988652772021137e-16,4.0568635572742565e-06,55.1,31.9,9.8,3.21,74.7,13.5,43.1,0.4,2.4,3.8,5.9,2.7,2.8,25.3,12.3,4.6,4.8,2.1,1.5,12.9,10.0,13.3,2.8,10.4,46.3,4.2,72.7,34.6,38.2,0.5,12.2,8.5,3.7,13.6,12.6,0.2,0.6,0.2,1.1,E07000100,St Albans,matched_reference,E07000100,St Albans
E07000101,Stevenage,6.3408856,3.4815524,5,0.639200469804056,0.0790137234146242,0.004851648782159154,0.008815013419247189,0.26740070819715905,0.0007184363827543903,0.639200469804056,47.1,35.7,12.7,4.57,75.7,14.3,44.4,0.2,1.2,2.0,5.1,4.8,3.6,24.3,11.1,3.7,4.6,3.3,1.7,21.5,18.0,17.9,3.8,11.8,22.1,4.9,58.3,22.2,36.1,1.2,28.4,22.8,5.6,11.4,10.4,0.0,0.9,0.1,0.7,E07000101,Stevenage,matched_reference,E07000101,Stevenage
E07000102,Three Rivers,5.4137874,6.406544,1,0.9998065623620255,1.5314471002516706e-08,0.9998065623620255,0.00018874231373308654,7.854126742549539e-16,5.712723840329588e-16,4.680009769208451e-06,50.7,34.2,11.2,3.9,74.1,13.5,41.2,0.5,2.7,3.9,6.5,3.2,2.6,25.9,12.8,4.5,4.7,2.3,1.7,17.6,13.2,15.8,3.3,11.5,33.9,4.6,72.7,34.1,38.6,0.6,15.1,4.8,10.4,10.6,9.3,0.5,0.6,0.2,1.0,E07000102,Three Rivers,matched_reference,E07000102,Three Rivers
E07000103,Watford,5.391022,5.34028,1,0.9967490342877349,4.5505903736072216e-05,0.9967490342877349,0.0006331561819214408,8.258837761084461e-07,3.083686464015777e-11,0.002571477711994487,50.1,34.8,11.0,4.14,76.6,12.7,46.0,0.3,1.6,2.8,5.7,4.1,3.4,23.4,9.4,4.6,4.6,2.7,2.1,17.5,13.3,15.0,2.9,11.7,32.2,7.5,61.6,24.4,37.2,1.2,16.3,4.0,12.3,20.1,18.9,0.2,0.8,0.2,0.8,E07000103,Watford,matched_reference,E07000103,Watford
E07000104,Welwyn Hatfield,5.0785933,2.260207,0,0.9894603130842186,0.9894603130842186,2.2173483040004037e-09,2.185502200996825e-06,0.0059742043779734575,2.367461771241993e-05,0.0045396202005460766,50.9,33.9,11.2,3.95,70.0,12.2,38.4,0.3,1.7,2.4,4.8,3.3,6.7,30.0,10.9,11.0,4.0,2.6,1.5,17.2,13.0,15.0,3.2,15.7,30.0,5.8,57.3,26.5,30.8,0.9,26.9,19.9,7.0,13.6,12.7,0.2,0.5,0.2,1.3,E07000104,Welwyn Hatfield,matched_reference,E07000104,Welwyn Hatfield
E07000143,Breckland,8.839907,3.3771138,2,0.8487469694360684,1.4812536938238602e-08,0.00013746109604602995,0.8487469694360684,0.00048655210384662646,0.025466450871730592,0.12516255167977144,42.2,37.3,15.0,5.49,69.1,14.6,38.6,0.3,1.8,2.6,5.3,3.5,2.2,30.9,18.0,3.0,4.2,3.5,2.2,28.0,15.0,16.9,4.0,11.1,18.6,6.5,68.6,37.0,31.7,0.6,13.8,2.4,11.4,15.2,13.4,0.5,1.0,0.3,1.8,E07000143,Breckland,matched_reference,E07000143,Breckland
E07000144,Broadland,8.904019,5.0766544,2,0.9738642861633385,2.0894491375036584e-11,0.0002684986838084152,0.9738642861633385,1.058667860902053e-09,3.90375644891149e-07,0.025866823697645883,44.3,37.0,14.0,4.69,71.1,16.7,37.8,0.4,2.1,3.0,5.9,2.6,2.6,28.9,18.6,2.8,3.5,2.8,1.2,22.9,14.8,17.5,5.5,12.0,23.2,4.3,79.4,43.3,36.1,0.6,8.6,0.9,7.7,10.3,9.1,0.2,0.9,0.1,1.1,E07000144,Broadland,matched_reference,E07000144,Broadland
E07000145,Great Yarmouth,9.341572,2.1867464,4,0.7102474754399584,2.856417788015467e-10,2.5909546775445617e-07,0.28770106023799313,2.3953041436519766e-06,0.7102474754399584,0.0020488096367951496,40.3,36.0,16.6,7.1,65.5,16.3,32.4,0.3,1.7,2.0,4.3,6.1,2.4,34.5,18.3,3.6,4.9,5.3,2.3,32.8,15.7,16.1,4.7,10.6,14.2,5.9,64.3,35.7,28.6,0.3,17.2,13.8,3.4,16.5,14.9,0.3,1.0,0.2,1.6,E07000145,Great Yarmouth,matched_reference,E07000145,Great Yarmouth
E07000146,Kings Lynn and West Norfolk,9.081688,3.6166022,2,0.9217885134173477,6.030510765553637e-10,7.150646204866093e-05,0.9217885134173477,0.00011917377470500875,0.004575834406522082,0.07344497133632548,40.9,37.1,15.9,6.11,67.3,14.6,36.5,0.4,2.1,2.6,5.2,3.7,2.2,32.7,19.6,3.1,4.3,4.1,1.7,29.3,14.5,16.2,3.8,11.0,19.1,6.1,69.4,39.6,29.9,0.4,13.3,3.1,10.2,14.7,12.4,0.8,0.9,0.5,2.1,E07000146,King's Lynn and West Norfolk,matched_reference,E07000146,King's Lynn and West Norfolk
E07000147,North Norfolk,9.905326,4.6791005,2,0.9945204104258721,1.7593632966233212e-15,6.582925092830505e-07,0.9945204104258721,4.260190920821049e-09,8.229702541142987e-07,0.0054781040511717,38.9,37.8,17.2,6.15,63.2,14.6,30.2,0.5,2.5,3.7,6.7,3.3,1.8,36.8,23.8,2.8,4.0,3.9,2.2,27.5,14.1,16.2,4.7,10.5,22.3,4.7,70.1,45.8,24.3,0.4,12.8,2.4,10.4,14.5,13.0,0.3,0.9,0.2,2.1,E07000147,North Norfolk,matched_reference,E07000147,North Norfolk
E07000148,Norwich,5.5156403,1.1950333,0,0.9992414068761868,0.9992414068761868,1.9657209694275062e-13,6.645241138092066e-07,3.712889853728276e-09,0.0006428126642617937,0.0001151122223514282,44.9,35.4,14.1,5.66,68.3,13.4,37.2,0.2,1.1,2.0,3.9,5.0,5.4,31.7,10.7,9.5,4.3,4.9,2.2,22.6,12.8,13.8,2.6,15.2,27.7,5.2,43.8,20.7,23.2,0.7,32.7,25.2,7.4,21.7,20.1,0.1,1.3,0.2,1.1,E07000148,Norwich,matched_reference,E07000148,Norwich
E07000149,South Norfolk,8.890952,5.389398,2,0.9869429985412398,6.1757392820695485e-12,0.0002064170804716983,0.9869429985412398,1.229893798154359e-11,3.459378741303802e-08,0.012850549766026448,46.4,35.8,13.4,4.48,70.7,15.7,37.6,0.4,2.3,3.4,6.1,2.7,2.5,29.3,18.2,3.2,3.9,2.8,1.3,22.6,13.6,17.1,4.2,11.5,27.0,4.0,74.9,40.8,34.1,1.0,11.3,2.7,8.6,11.2,10.0,0.2,0.9,0.1,1.6,E07000149,South Norfolk,matched_reference,E07000149,South Norfolk
E07000200,Babergh,8.813612,5.5992203,2,0.9913979584808064,5.00712483655152e-12,0.00024817922822437956,0.9913979584808064,5.570865306849972e-13,7.01624471983401e-09,0.008353855269160545,46.6,35.8,13.2,4.34,70.3,15.2,37.2,0.5,2.2,3.6,6.4,3.0,2.3,29.7,18.2,3.4,4.2,2.5,1.4,22.8,14.5,17.5,3.9,11.6,25.8,3.9,71.9,39.6,32.3,0.5,13.1,8.9,4.2,12.6,10.7,0.7,0.9,0.3,2.0,E07000200,Babergh,matched_reference,E07000200,Babergh
E07000201,Forest Heath,6.066088,4.634179,1,0.7462314016178657,0.003177194687785647,0.7462314016178657,0.014884526257427607,0.0019788862868949254,4.718539081490041e-07,0.2337275192961177,48.1,35.5,12.1,4.32,75.2,13.0,47.5,0.3,1.7,2.2,5.0,3.2,2.2,24.8,12.3,2.7,4.7,2.6,2.5,25.7,13.6,14.2,4.0,10.3,19.2,13.1,55.9,27.2,28.6,1.4,14.7,5.3,9.4,24.4,21.8,1.1,1.0,0.6,3.6,E07000201,Forest Heath,matched_reference,E07000201,Forest Heath
E07000202,Ipswich,6.4562383,3.3112688,5,0.6658924888413051,0.09188120557800665,0.0022660698365370834,0.010504187197294877,0.2270491603176055,0.0024068882292506586,0.6658924888413051,45.6,35.8,13.5,5.07,73.5,16.5,41.2,0.2,1.2,1.8,4.1,5.4,3.1,26.5,11.6,3.8,4.8,4.2,2.1,25.8,15.9,16.3,3.8,11.4,20.6,6.2,56.7,25.7,31.0,0.6,21.6,14.2,7.4,19.9,18.7,0.1,0.9,0.2,1.2,E07000202,Ipswich,matched_reference,E07000202,Ipswich
E07000203,Mid Suffolk,8.530583,5.7257314,2,0.9894745084631178,3.73793543158276e-11,0.001245998727815581,0.9894745084631178,1.9666911514227443e-13,3.569361395125167e-09,0.009279489202129017,47.9,35.3,12.9,3.95,72.2,15.7,38.5,0.5,2.3,3.6,6.6,2.6,2.5,27.8,17.4,2.9,4.0,2.2,1.3,22.3,13.9,16.8,4.1,12.4,26.4,3.9,75.1,39.4,35.7,0.9,11.3,8.1,3.1,11.2,9.4,0.7,0.8,0.3,1.6,E07000203,Mid Suffolk,matched_reference,E07000203,Mid Suffolk
E07000204,St Edmundsbury,6.7536883,5.6640363,1,0.9400260987774249,1.210456321091755e-06,0.9400260987774249,0.05069102244278128,1.4355282647017031e-10,6.509434738953256e-10,0.00928166752897637,47.3,35.7,12.7,4.26,73.3,15.3,42.5,0.4,1.9,2.6,4.9,3.0,2.6,26.7,15.4,3.1,3.4,2.6,2.3,22.4,14.6,17.2,3.9,12.0,24.6,5.3,66.9,33.7,33.2,0.8,16.0,6.1,9.9,14.8,12.9,0.7,0.8,0.5,1.5,E07000204,St Edmundsbury,matched_reference,E07000204,St Edmundsbury
E07000205,Suffolk Coastal,8.954253,5.5955987,2,0.9933533191347385,1.3101117728108853e-12,9.899249844242177e-05,0.9933533191347385,3.420303007047615e-13,5.7800221382890796e-09,0.006547682585144729,46.3,35.5,13.8,4.48,69.1,15.9,36.2,0.5,2.3,3.6,5.4,2.7,2.4,30.9,19.4,3.2,3.9,2.6,1.7,21.1,13.5,16.7,4.1,11.3,29.0,4.4,73.2,42.5,30.7,0.4,11.3,1.0,10.4,13.6,12.1,0.5,0.7,0.3,1.5,E07000205,Suffolk Coastal,matched_reference,E07000205,Suffolk Coastal
E07000206,Waveney,9.705528,3.47242,2,0.9841452635496714,7.616865012512307e-13,2.6327173655543517e-06,0.9841452635496714,2.6432731011086347e-05,0.002542699664544442,0.013282971336645953,41.1,36.3,16.1,6.55,65.3,16.4,32.7,0.4,1.7,2.5,4.6,4.5,2.5,34.7,20.3,3.1,4.6,4.6,2.2,29.8,14.2,16.2,5.4,11.7,17.9,4.7,69.4,40.3,29.1,0.4,14.0,8.3,5.7,14.9,13.6,0.2,1.0,0.1,1.3,E07000206,Waveney,matched_reference,E07000206,Waveney
E09000007,Camden,2.7630665,3.6369846,3,0.9999997274111995,1.1698494363621725e-07,5.537806244707223e-12,3.469201551293633e-12,0.9999997274111995,3.248876064493457e-17,1.555948498803723e-07,53.4,30.6,10.4,5.6,68.1,7.9,38.5,0.5,2.5,3.8,6.7,4.5,3.8,31.9,6.9,13.1,4.5,4.4,3.0,12.7,6.8,7.8,0.8,12.1,50.5,9.2,32.2,17.1,15.1,0.7,33.1,23.0,10.1,32.2,30.5,0.3,1.0,0.5,1.8,E09000007,Camden,matched_reference,E09000007,Camden
E09000001,City of London,2.8986778,3.852951,3,0.9999993662319114,2.2328546215327843e-07,1.8829378154352865e-10,2.0299151234638994e-11,0.9999993662319114,7.748615822724301e-17,4.102740337658904e-07,55.8,32.2,8.7,3.34,78.8,5.7,51.5,0.5,4.5,3.4,8.1,3.0,2.3,21.2,9.2,5.8,2.4,1.8,2.0,6.7,4.3,6.6,0.7,7.2,68.4,6.2,42.3,24.9,17.4,0.3,16.5,10.4,6.1,35.9,33.1,0.4,1.4,1.0,5.0,E09000001,City of London,matched_reference,E09000001,City of London
E09000012,Hackney,2.8057199,3.4029481,3,0.9999993647437707,3.988325176287511e-07,9.33340393833677e-13,3.1691376378354054e-12,0.9999993647437707,1.5443844880545715e-16,2.364196090800947e-07,52.2,30.7,10.9,6.21,71.4,11.4,36.6,0.5,1.6,3.4,6.9,7.0,3.9,28.6,5.6,8.8,4.9,5.2,4.1,19.6,9.0,10.0,1.0,9.3,41.8,9.4,23.8,8.5,15.3,2.3,43.7,23.8,19.9,29.0,27.6,0.1,0.9,0.3,1.2,E09000012,Hackney,matched_reference,E09000012,Hackney
E09000013,Hammersmith and Fulham,2.7486913,3.6667416,3,0.9999997629345053,9.47552111224029e-08,6.514599188028628e-12,3.3609851936666717e-12,0.9999997629345053,2.4490995476327888e-17,1.4230040799726932e-07,56.5,29.2,9.4,4.87,74.0,7.6,45.8,0.4,2.1,3.4,6.4,4.9,3.5,26.0,6.3,8.2,4.6,3.9,3.0,12.8,7.0,8.3,1.2,10.7,49.6,10.5,34.0,15.9,18.1,1.6,31.2,15.7,15.4,31.7,30.0,0.2,1.2,0.3,1.5,E09000013,Hammersmith and Fulham,matched_reference,E09000013,Hammersmith and Fulham
E09000014,Haringey,3.222496,3.4616973,3,0.9999892045775665,8.179947087319639e-06,7.351107004740166e-11,7.922033089818517e-11,0.9999892045775665,1.2618750542337166e-14,2.615322602330218e-06,49.6,33.6,11.2,5.66,71.6,11.2,36.5,0.5,2.0,4.3,7.1,6.1,3.9,28.4,6.9,8.3,5.0,4.4,3.9,17.8,8.7,10.1,1.0,9.6,40.8,12.0,38.8,16.0,22.8,1.5,26.7,17.0,9.8,31.5,30.3,0.1,0.7,0.3,1.5,E09000014,Haringey,matched_reference,E09000014,Haringey
E09000019,Islington,2.7541587,3.4785655,3,0.9999996527890324,1.8838688629367846e-07,1.1164615688563046e-12,2.3416210421542057e-12,0.9999996527890324,5.817470363016614e-17,1.588206232902515e-07,51.6,30.7,11.2,6.43,71.1,8.2,42.3,0.3,1.9,2.9,6.2,5.4,3.8,28.9,6.2,10.0,4.0,5.3,3.4,17.0,8.0,8.4,1.0,9.8,48.1,7.8,28.4,11.3,17.1,1.3,42.1,26.7,15.3,27.0,25.6,0.1,0.9,0.3,1.3,E09000019,Islington,matched_reference,E09000019,Islington
E09000020,Kensington and Chelsea,2.8295166,3.811624,3,0.9999996112453476,1.3411787142387574e-07,6.355835058011017e-11,1.0119852728776178e-11,0.9999996112453476,3.8947376577542075e-17,2.5456310306333276e-07,57.8,28.5,9.1,4.56,69.4,6.8,40.6,0.6,3.7,4.1,7.0,4.3,2.3,30.6,8.0,8.7,6.1,3.6,4.1,10.1,5.8,7.9,0.7,10.0,52.7,12.9,35.7,22.8,12.8,0.9,24.5,9.2,15.4,35.8,34.0,0.4,0.9,0.5,3.1,E09000020,Kensington and Chelsea,matched_reference,E09000020,Kensington and Chelsea
E09000022,Lambeth,2.832,3.5376544,3,0.9999994638914262,2.9060777043466707e-07,4.070724558209551e-12,4.7229711535720376e-12,0.9999994638914262,1.0974843349449921e-16,2.4549200948268574e-07,52.9,32.1,10.3,4.71,77.1,9.5,46.5,0.4,1.6,3.0,6.3,6.0,3.8,22.9,5.6,6.8,3.5,3.8,3.3,14.2,8.5,9.8,1.1,9.7,46.6,10.1,33.0,11.4,21.6,1.5,35.1,19.6,15.5,29.3,27.7,0.2,1.1,0.4,1.1,E09000022,Lambeth,matched_reference,E09000022,Lambeth
E09000023,Lewisham,3.3007188,3.3955593,3,0.9999769976522409,1.8677768046448277e-05,8.354550025592323e-11,1.2987876968902437e-10,0.9999769976522409,4.079186335825256e-14,4.324366247610827e-06,49.1,34.0,11.7,5.19,73.6,11.7,40.1,0.4,1.6,3.0,5.7,6.2,4.9,26.4,7.3,7.3,4.5,4.3,3.1,17.7,11.1,12.5,1.4,10.8,38.0,8.5,42.4,14.9,27.5,1.2,31.1,15.6,15.5,24.3,23.0,0.1,1.0,0.3,1.0,E09000023,Lewisham,matched_reference,E09000023,Lewisham
E09000025,Newham,3.2200077,3.4313838,3,0.9999883213570049,9.036927223989176e-06,5.536454793502218e-11,7.461350702186434e-11,0.9999883213570049,1.420877010304966e-14,2.641585778962085e-06,48.5,34.6,11.3,5.63,67.2,11.5,30.9,0.5,1.5,2.6,4.8,6.9,8.4,32.8,5.8,10.9,7.2,4.2,4.7,20.6,11.4,11.2,1.0,9.9,30.1,15.7,33.3,12.8,20.5,1.8,29.6,18.3,11.3,34.1,32.6,0.1,0.9,0.5,1.2,E09000025,Newham,matched_reference,E09000025,Newham
E09000028,Southwark,2.7876792,3.4067507,3,0.9999994518215091,3.3733900406161314e-07,8.107769198807158e-13,2.769164577290637e-12,0.9999994518215091,1.2282186634460092e-16,2.1083590694911635e-07,53.5,31.2,10.4,4.9,73.0,9.9,42.2,0.3,1.6,2.7,5.4,6.0,4.9,27.0,5.8,9.9,3.8,4.3,3.3,16.3,9.4,10.2,1.1,10.5,43.1,9.3,29.3,9.8,19.5,2.0,43.7,31.2,12.5,23.7,22.2,0.2,0.9,0.3,1.2,E09000028,Southwark,matched_reference,E09000028,Southwark
E09000030,Tower Hamlets,2.8874638,3.3689885,3,0.9999986860913189,9.089258300421822e-07,1.5240425957632875e-12,5.7479385972230184e-12,0.9999986860913189,4.734251934516446e-16,4.0497557864880216e-07,50.6,32.7,10.7,6.04,69.8,9.6,39.7,0.5,1.2,2.1,4.5,6.7,5.5,30.2,4.7,9.9,7.0,4.5,4.0,20.0,9.3,8.7,0.9,10.1,41.0,10.0,24.2,8.5,15.7,2.4,39.6,17.3,22.3,32.6,30.8,0.1,1.0,0.6,1.2,E09000030,Tower Hamlets,matched_reference,E09000030,Tower Hamlets
E09000032,Wandsworth,2.988716,3.7668536,3,0.9999987913785472,5.498791108045602e-07,1.6919841903080766e-10,2.9196408808773085e-11,0.9999987913785472,2.7983635800174723e-16,6.585439468045515e-07,57.4,29.9,8.9,3.77,77.9,7.8,50.9,0.4,2.2,3.2,6.4,3.8,3.3,22.1,6.2,6.0,4.3,2.9,2.7,11.6,6.6,8.4,1.0,10.0,53.6,8.9,45.5,18.4,27.1,1.5,20.3,12.8,7.5,31.7,30.0,0.2,1.2,0.2,1.0,E09000032,Wandsworth,matched_reference,E09000032,Wandsworth
E09000033,Westminster,2.8027816,3.6451106,3,0.9999996405045317,1.6023241497641908e-07,8.751907371718966e-12,4.819207162021192e-12,0.9999996405045317,5.0101662086120594e-17,1.9924948233757224e-07,54.2,30.0,10.0,5.81,68.6,7.2,41.5,0.6,2.8,3.1,6.0,4.5,2.8,31.4,6.8,10.2,5.4,4.8,4.1,12.8,6.6,7.8,0.8,9.2,50.3,12.6,30.5,17.7,12.9,0.8,25.9,11.9,14.0,39.7,37.6,0.4,1.0,0.6,3.1,E09000033,Westminster,matched_reference,E09000033,Westminster
E09000002,Barking and Dagenham,3.6793952,3.0922549,3,0.9989585904895604,0.0009853937383114187,2.3007443884001887e-10,1.9552752000611655e-09,0.9989585904895604,1.246222733499989e-11,5.601357431649426e-05,47.2,33.7,12.9,6.09,67.7,12.2,34.9,0.4,1.5,2.4,4.7,7.3,4.3,32.3,8.6,7.4,7.4,5.1,3.7,27.9,15.2,15.0,2.1,9.3,20.9,9.7,46.4,17.1,29.3,1.3,33.7,28.4,5.3,17.7,16.6,0.1,0.8,0.3,1.0,E09000002,Barking and Dagenham,matched_reference,E09000002,Barking and Dagenham
E09000003,Barnet,3.6750429,3.7382646,3,0.9998831904287837,8.189865150587966e-05,4.152819775677601e-08,4.205763948198836e-09,0.9998831904287837,5.191384328706758e-13,3.486518522940395e-05,51.5,33.0,11.0,4.56,71.4,11.8,36.1,0.7,3.0,4.6,7.3,4.4,3.5,28.6,8.9,8.2,5.5,3.1,3.0,15.5,9.7,12.1,1.3,10.2,40.3,10.9,57.6,28.0,29.6,0.9,14.2,8.6,5.6,25.6,24.4,0.2,0.8,0.3,1.6,E09000003,Barnet,matched_reference,E09000003,Barnet
E09000004,Bexley,6.464099,4.701192,1,0.7049839654735023,0.000740354178706377,0.7049839654735023,0.03860493713905016,0.00028578920559951343,1.0111646820506695e-06,0.25538394283845944,48.0,34.7,12.5,4.83,71.6,13.9,40.3,0.3,1.6,2.2,5.7,4.4,3.2,28.4,13.2,5.5,4.6,3.0,2.0,23.0,16.8,17.7,3.8,11.6,21.8,5.4,72.5,32.5,40.0,0.8,14.4,1.8,12.6,11.4,10.5,0.0,0.7,0.1,0.8,E09000004,Bexley,matched_reference,E09000004,Bexley
E09000005,Brent,3.363262,3.6060584,3,0.9999804727968346,1.391175863005104e-05,9.173040677636356e-10,2.974832214957869e-10,0.9999804727968346,3.112172645528564e-14,5.614229716804609e-06,48.1,34.8,11.8,5.34,70.2,11.0,35.8,0.6,2.2,3.5,6.6,5.8,4.7,29.8,8.0,8.5,5.6,3.9,3.9,19.2,10.4,10.9,1.2,9.7,33.3,15.4,42.9,20.3,22.6,1.5,24.1,9.7,14.4,30.1,28.8,0.1,0.8,0.4,1.4,E09000005,Brent,matched_reference,E09000005,Brent
E09000006,Bromley,5.535771,6.05747,1,0.9995947897525823,1.9457360654976798e-07,0.9995947897525823,0.0003557781162960627,9.25344091061196e-13,3.7652942212682696e-14,4.9237556552068744e-05,50.1,34.1,11.7,4.11,72.5,13.0,41.1,0.4,2.2,3.2,6.2,3.9,2.5,27.5,13.3,4.8,4.8,2.7,1.9,17.9,13.6,16.1,2.7,11.5,33.1,5.1,70.9,33.4,37.5,0.8,14.1,1.5,12.6,13.3,12.4,0.1,0.6,0.1,0.9,E09000006,Bromley,matched_reference,E09000006,Bromley
E09000008,Croydon,4.19792,3.579964,3,0.9973278108000045,0.002193292449706959,4.825596332740939e-07,1.0035425334696678e-07,0.9973278108000045,1.5194388563894463e-10,0.0004783136844579422,48.0,35.4,12.0,4.59,72.3,12.6,40.2,0.4,1.8,2.7,5.4,5.5,3.8,27.7,9.9,6.3,5.0,3.5,2.8,17.6,13.8,15.2,2.1,11.4,31.8,8.0,58.8,24.1,34.7,1.3,17.9,9.9,7.9,21.0,19.8,0.1,0.8,0.2,1.1,E09000008,Croydon,matched_reference,E09000008,Croydon
E09000009,Ealing,3.4873543,3.6147192,3,0.9999567217432958,3.1928504490195905e-05,2.8167917569202773e-09,7.520789871711231e-10,0.9999567217432958,1.1275106386870595e-13,1.134618323069894e-05,49.2,34.5,11.4,5.0,71.5,10.2,39.7,0.5,1.9,3.5,6.5,5.2,3.9,28.5,8.3,7.4,5.8,3.6,3.5,16.5,9.9,10.5,1.4,9.6,37.0,15.1,51.1,22.9,28.2,1.8,18.1,10.5,7.6,27.5,26.4,0.1,0.8,0.3,1.5,E09000009,Ealing,matched_reference,E09000009,Ealing
E09000010,Enfield,3.8088892,3.5440345,3,0.9996386885646819,0.00029669837625422463,1.9752335092117177e-08,6.332366138642521e-09,0.9996386885646819,4.053766988009948e-12,6.458697030868576e-05,46.8,35.0,12.7,5.45,68.4,13.0,34.5,0.6,2.1,3.1,5.4,5.9,3.8,31.6,9.8,7.7,6.0,4.1,3.9,23.0,12.9,13.8,1.9,10.5,28.7,9.2,57.9,26.2,31.7,0.9,17.6,11.4,6.2,22.2,21.2,0.1,0.7,0.2,1.4,E09000010,Enfield,matched_reference,E09000010,Enfield
E09000011,Greenwich,3.316522,3.2133088,3,0.9999447546259375,4.9027984990346024e-05,2.3105376396452137e-11,1.351282972624071e-10,0.9999447546259375,1.3327718977758093e-13,6.217230705462784e-06,50.1,32.9,11.5,5.36,70.7,11.1,38.5,0.4,1.7,2.5,5.2,6.2,5.2,29.3,8.4,7.5,5.1,4.6,3.6,20.6,12.0,13.1,1.9,10.7,33.2,8.5,43.3,16.4,26.9,1.6,34.3,22.6,11.7,19.8,18.5,0.2,0.8,0.3,1.1,E09000011,Greenwich,matched_reference,E09000011,Greenwich
E09000015,Harrow,3.8654268,3.682501,3,0.9996162043678064,0.000290878430710031,1.0586168387143732e-07,1.3503702246634836e-08,0.9996162043678064,4.2539305885772826e-12,9.279783184361759e-05,47.6,36.0,11.9,4.57,70.6,12.3,37.5,0.6,2.6,3.3,6.3,4.5,3.7,29.4,10.4,7.7,5.5,2.9,2.9,16.8,10.9,12.8,1.7,10.4,36.8,10.7,65.3,31.1,34.1,1.0,10.6,6.1,4.5,21.7,20.4,0.2,0.8,0.3,1.4,E09000015,Harrow,matched_reference,E09000015,Harrow
E09000016,Havering,7.0111003,3.8841732,5,0.8616049375852309,0.001980228859503614,0.036348483024149156,0.08028211883019382,0.01910938891513621,0.000674842785786203,0.8616049375852309,46.0,35.6,13.3,5.16,71.1,13.7,39.7,0.4,1.8,2.4,5.9,4.5,2.7,28.9,14.3,4.6,4.9,3.2,2.0,26.4,16.7,17.4,3.8,11.3,19.4,5.0,73.8,35.6,38.1,0.6,14.2,10.8,3.4,10.6,9.9,0.1,0.6,0.1,0.8,E09000016,Havering,matched_reference,E09000016,Havering
E09000017,Hillingdon,4.396033,3.4993126,3,0.9919713664736544,0.0068141003551560105,9.756059198288224e-07,3.153369026511048e-07,0.9919713664736544,1.291061831601638e-09,0.0012132409373055517,48.8,35.3,11.5,4.44,70.8,11.9,40.4,0.4,1.7,2.4,4.9,4.3,4.8,29.2,10.2,8.4,5.2,2.9,2.5,19.1,14.0,14.2,2.9,12.5,28.0,9.2,62.9,27.9,35.0,1.3,16.7,10.5,6.3,18.1,16.7,0.4,0.6,0.4,1.0,E09000017,Hillingdon,matched_reference,E09000017,Hillingdon
E09000018,Hounslow,3.5761583,3.5128446,3,0.9999035861687214,7.787600833819897e-05,2.3461940987448992e-09,1.1391751602842355e-09,0.9999035861687214,4.3246228051411567e-13,1.8534337138689937e-05,49.0,35.1,11.2,4.69,72.5,10.8,41.9,0.5,1.8,2.9,5.6,4.6,4.4,27.5,8.3,6.7,5.9,3.4,3.2,17.3,11.7,11.5,1.7,9.8,34.6,13.4,50.1,21.1,29.0,2.4,22.8,15.1,7.8,23.4,22.2,0.1,0.8,0.3,1.3,E09000018,Hounslow,matched_reference,E09000018,Hounslow
E09000021,Kingston upon Thames,4.6575675,3.1959963,3,0.9393345535773027,0.05618951123303137,6.235853493304903e-07,1.2400887693583693e-06,0.9393345535773027,5.489156633372528e-08,0.004474016623980706,52.7,33.5,10.3,3.56,73.0,11.4,41.4,0.4,2.0,3.3,6.0,3.2,5.3,27.0,9.4,8.6,4.7,2.2,2.1,13.4,9.8,12.2,2.0,13.5,41.4,7.8,64.1,27.9,36.2,0.7,11.8,8.3,3.5,22.5,21.0,0.3,0.8,0.4,1.0,E09000021,Kingston upon Thames,matched_reference,E09000021,Kingston upon Thames
E09000024,Merton,3.6862504,3.7802808,3,0.9998793175278303,8.169561194852146e-05,6.863992263118794e-08,5.2937113124804886e-09,0.9998793175278303,5.141381052997626e-13,3.891292607281737e-05,52.0,33.6,10.5,3.85,74.9,11.0,44.0,0.4,2.1,3.4,6.5,4.1,3.4,25.1,8.6,6.1,5.3,2.5,2.6,15.2,9.9,11.7,1.7,9.9,41.1,10.6,59.3,25.6,33.7,0.9,14.1,3.7,10.4,24.8,23.5,0.1,1.0,0.2,1.0,E09000024,Merton,matched_reference,E09000024,Merton
E09000026,Redbridge,3.821216,3.6325324,3,0.9996777197237156,0.0002513739155086513,4.767838039572412e-08,8.56270668973363e-09,0.9996777197237156,3.2569323901171644e-12,7.085011643182429e-05,48.1,35.0,12.0,4.9,69.0,12.0,35.9,0.6,2.4,3.1,5.6,5.3,4.1,31.0,9.5,8.1,6.6,3.3,3.4,18.5,12.2,13.1,1.7,10.3,33.9,10.3,63.6,28.2,35.4,1.0,11.4,6.3,5.1,22.9,21.6,0.1,0.9,0.2,1.2,E09000026,Redbridge,matched_reference,E09000026,Redbridge
E09000027,Richmond upon Thames,4.6541204,6.074414,1,0.9999694371339309,1.0344058780573476e-07,0.9999694371339309,2.3701364873580066e-05,1.4584309356101456e-11,3.510915134618694e-16,6.75804602330864e-06,57.3,30.5,8.9,3.22,75.5,10.3,44.6,0.5,2.6,4.5,7.2,3.0,2.7,24.5,10.0,5.4,5.1,2.0,2.0,10.6,7.4,10.6,1.5,10.6,53.0,6.2,63.6,29.8,33.8,0.8,12.6,3.1,9.5,21.8,20.6,0.2,0.8,0.3,1.2,E09000027,Richmond upon Thames,matched_reference,E09000027,Richmond upon Thames
E09000029,Sutton,5.3097053,5.5605793,1,0.9990664204350223,8.280676066636944e-06,0.9990664204350223,0.00033154786021442103,2.4633583603531708e-08,2.1232375604463674e-12,0.0005937263929898103,48.7,35.5,11.6,4.1,75.0,13.3,43.3,0.4,1.9,2.9,6.2,3.9,3.0,25.0,11.1,4.7,4.5,2.8,1.9,18.6,14.2,16.1,2.9,11.8,30.1,6.3,68.0,28.6,39.4,0.8,14.6,8.2,6.4,15.9,14.9,0.1,0.8,0.1,0.7,E09000029,Sutton,matched_reference,E09000029,Sutton
E09000031,Waltham Forest,3.4956582,3.5362546,3,0.9999455840049464,4.2574132793142736e-05,1.480862914822506e-09,6.674213854958653e-10,0.9999455840049464,1.6880147682002112e-13,1.183971380725225e-05,47.1,35.6,12.1,5.23,70.7,11.5,36.3,0.5,1.8,3.4,6.7,6.1,4.4,29.3,8.0,8.0,6.0,3.8,3.6,20.8,12.3,12.7,1.7,10.0,30.0,12.5,49.9,20.0,29.9,1.1,22.1,10.7,11.3,25.9,24.7,0.1,0.8,0.3,1.0,E09000031,Waltham Forest,matched_reference,E09000031,Waltham Forest
E06000036,Bracknell Forest UA,5.859866,5.566519,1,0.9966196360951292,5.958068448965205e-06,0.9966196360951292,0.0017838056018482321,4.0702669828640314e-09,2.50935540047702e-11,0.0015905961392129618,52.4,34.3,10.1,3.25,78.4,13.3,49.0,0.3,1.5,2.5,5.5,3.4,2.8,21.6,10.2,3.6,4.2,2.1,1.5,16.3,15.3,16.9,3.4,12.7,30.3,5.1,68.5,24.9,43.6,1.1,16.7,5.7,11.1,12.5,10.6,0.6,0.8,0.4,1.1,E06000036,Bracknell Forest,matched_reference,E06000036,Bracknell Forest
E06000043,Brighton and Hove UA,5.1186366,1.7148992,0,0.9994091026085781,0.9994091026085781,6.383036966042558e-12,4.2696504335820556e-07,1.039879712016931e-05,4.440178765945347e-05,0.0005356698352161383,49.3,33.6,11.8,5.28,71.6,13.0,36.1,0.4,2.0,3.8,6.7,3.7,5.8,28.4,9.3,9.8,3.4,4.2,1.7,16.1,11.0,12.6,2.1,16.0,36.9,5.4,53.3,23.4,29.9,0.9,15.0,9.8,5.1,29.6,28.0,0.1,1.3,0.2,1.3,E06000043,Brighton and Hove,matched_reference,E06000043,Brighton and Hove
E06000046,Isle of Wight UA,9.947337,3.736563,2,0.9922265452018162,1.9742779846390386e-14,7.911381766662335e-07,0.9922265452018162,5.1254157795397995e-06,0.00030086748709434323,0.0074666707571134,40.8,36.5,16.2,6.48,64.4,15.8,30.4,0.5,2.1,3.3,5.7,4.4,2.2,35.6,20.5,3.7,3.9,4.5,3.0,24.3,14.6,16.8,5.0,12.2,22.6,4.5,70.1,41.1,29.0,0.6,10.7,1.0,9.7,17.4,15.8,0.2,1.3,0.2,1.2,E06000046,Isle of Wight,matched_reference,E06000046,Isle of Wight
E06000035,Medway UA,7.3048882,3.3198583,5,0.8350745023782771,0.002464856437230174,0.0033273049345554067,0.10212265995565149,0.034215500244342514,0.0227951760499433,0.8350745023782771,45.7,36.3,13.0,5.03,71.1,14.0,40.1,0.3,1.4,1.9,5.1,4.9,3.4,28.9,12.7,5.1,5.2,3.8,2.1,22.9,16.9,18.4,4.7,12.7,19.1,5.3,67.7,28.9,38.8,1.0,13.2,3.9,9.3,17.1,15.7,0.3,0.9,0.3,1.0,E06000035,Medway,matched_reference,E06000035,Medway
E06000042,Milton Keynes UA,5.752383,3.5365877,3,0.6249721449896221,0.1471447455407216,0.0016269728721897123,0.0009177184633031754,0.6249721449896221,3.290499583038894e-05,0.22530551313833302,50.2,34.9,10.8,4.13,75.9,13.0,46.3,0.3,1.4,2.2,4.8,4.8,3.1,24.1,10.3,3.9,4.6,3.2,2.1,18.0,15.9,16.7,3.4,11.5,28.2,6.3,57.7,21.5,36.3,6.1,18.0,11.0,7.1,17.3,16.2,0.1,0.9,0.2,0.9,E06000042,Milton Keynes,matched_reference,E06000042,Milton Keynes
E06000044,Portsmouth UA,5.339159,1.3676792,0,0.999626721794711,0.999626721794711,4.509231598054138e-13,4.2778520979241963e-07,5.965301151449576e-08,0.0001985611388771907,0.00017422962773941235,47.7,34.8,12.4,5.05,68.9,13.4,37.6,0.2,1.3,1.6,4.3,4.3,6.1,31.1,10.7,10.7,4.1,3.8,1.9,21.2,13.1,15.0,3.9,18.0,23.7,5.1,54.9,24.1,30.7,1.0,18.3,11.7,6.6,24.7,22.3,0.6,1.3,0.5,1.2,E06000044,Portsmouth,matched_reference,E06000044,Portsmouth
E06000038,Reading UA,4.783452,3.3729677,3,0.9500049702975907,0.043183922783013334,4.528469115112974e-06,3.062696501942251e-06,0.9500049702975907,6.319806211512943e-08,0.006803452555717016,50.2,35.3,10.8,3.75,73.9,11.9,44.6,0.2,1.2,2.0,4.6,4.6,5.0,26.1,8.6,8.0,4.6,2.8,2.2,17.4,12.2,12.3,2.5,13.4,34.8,7.4,54.8,22.6,32.2,1.8,16.3,10.1,6.2,26.1,24.7,0.1,1.0,0.3,1.0,E06000038,Reading,matched_reference,E06000038,Reading
E06000039,Slough UA,3.643861,3.3828886,3,0.9997790817174257,0.00019216822731888214,1.3866588501182462e-09,1.5319875370448863e-09,0.9997790817174257,1.5977412447511643e-12,2.8747135011062047e-05,47.9,36.0,11.6,4.49,73.5,11.8,43.4,0.4,1.4,2.5,4.6,5.4,3.9,26.5,7.5,5.8,6.5,3.4,3.4,20.1,14.7,13.4,2.2,10.1,25.8,13.7,52.7,18.7,34.0,1.4,20.6,13.1,7.5,24.3,23.1,0.1,0.9,0.2,1.0,E06000039,Slough,matched_reference,E06000039,Slough
E06000045,Southampton UA,5.385406,1.3639336,0,0.99954760847541,0.99954760847541,5.739603665867053e-13,5.312567851790679e-07,5.457018514374294e-08,0.00026423172764154416,0.00018757396940421864,47.6,35.0,12.4,5.1,68.4,12.7,37.8,0.2,1.1,1.6,4.2,4.2,6.5,31.6,9.9,11.6,4.1,4.1,2.0,21.0,12.9,13.9,3.7,17.3,24.6,6.6,49.7,21.7,28.1,1.0,23.3,16.9,6.3,24.9,23.4,0.1,1.1,0.3,1.1,E06000045,Southampton,matched_reference,E06000045,Southampton
E06000037,West Berkshire UA,6.022209,5.841635,1,0.9969915927041323,8.101088082213322e-07,0.9969915927041323,0.002456112022486769,1.9074148262582403e-11,3.696257375714108e-12,0.0005514851418023113,51.6,34.5,10.7,3.16,76.2,13.9,45.6,0.3,2.0,3.0,5.9,2.9,2.5,23.8,12.6,3.4,4.3,2.2,1.4,17.2,14.2,16.2,3.9,12.2,32.1,4.3,69.7,31.2,38.5,1.1,13.8,0.9,12.9,13.7,12.0,0.7,0.7,0.3,1.6,E06000037,West Berkshire,matched_reference,E06000037,West Berkshire
E06000040,Windsor and Maidenhead UA,6.022575,6.675001,1,0.9974909970882458,4.1417127365935805e-09,0.9974909970882458,0.002500685645892829,5.1562846873880745e-19,1.3109180837613828e-15,8.313124147153405e-06,54.5,32.2,9.8,3.43,74.5,12.2,44.4,0.4,2.2,3.5,6.2,3.2,2.3,25.5,12.8,4.4,4.8,1.8,1.7,15.6,11.6,14.4,3.0,11.2,38.4,5.8,68.0,32.6,35.4,0.6,13.3,1.2,12.1,16.2,13.9,1.0,0.6,0.6,1.9,E06000040,Windsor and Maidenhead,matched_reference,E06000040,Windsor and Maidenhead
E06000041,Wokingham UA,5.9600363,6.4233546,1,0.9982905349092981,1.8782781891395626e-08,0.9982905349092981,0.0016858793261952847,1.614146674904041e-16,9.972981022672606e-15,2.356698171465184e-05,54.3,33.6,9.4,2.75,75.6,13.6,45.7,0.3,1.8,3.0,5.6,2.6,3.0,24.4,13.3,4.0,4.3,1.6,1.2,13.2,11.8,15.1,3.4,12.4,40.0,4.2,79.7,35.6,44.2,1.1,7.0,4.7,2.3,11.2,9.9,0.4,0.6,0.2,0.9,E06000041,Wokingham,matched_reference,E06000041,Wokingham
E07000004,Aylesbury Vale,5.7747116,6.0297713,1,0.9990326539328128,2.4154222158355e-07,0.9990326539328128,0.0008605316349421201,8.731933549307128e-13,1.6927318747815145e-13,0.0001065728889809164,51.4,34.2,11.0,3.46,75.1,14.0,43.2,0.4,2.1,3.3,6.4,3.1,2.7,24.9,12.4,4.1,4.2,2.2,1.9,17.4,13.8,16.5,3.6,12.2,32.0,4.6,71.6,31.1,40.5,0.9,12.9,3.4,9.6,13.3,11.7,0.5,0.8,0.3,1.3,E07000004,Aylesbury Vale,matched_reference,E07000004,Aylesbury Vale
E07000005,Chiltern,4.991979,6.532085,1,0.9999594171615724,3.957083287138482e-09,0.9999594171615724,3.990994420463717e-05,1.6285959676676064e-16,1.4968978173795856e-17,6.689371394804934e-07,53.8,32.8,10.2,3.22,71.9,13.6,38.4,0.5,2.8,4.7,6.7,2.7,2.5,28.1,15.4,4.2,5.1,1.9,1.6,14.7,10.7,15.1,3.3,11.1,41.0,4.2,76.9,41.1,35.8,0.7,12.4,1.8,10.6,9.0,8.2,0.2,0.4,0.1,1.0,E07000005,Chiltern,matched_reference,E07000005,Chiltern
E07000006,South Bucks,5.09331,6.620667,1,0.9999447052244246,2.3422355890652962e-09,0.9999447052244246,5.47861481130704e-05,1.4887179763215997e-17,1.0462309404639902e-17,5.062852264937352e-07,52.4,33.3,10.5,3.77,72.3,11.8,41.1,0.6,3.4,3.7,6.6,2.7,2.4,27.7,14.5,4.5,5.1,1.8,1.8,16.5,11.8,14.8,3.4,11.1,36.9,5.5,73.4,38.1,35.3,1.5,12.3,1.0,11.3,11.4,10.0,0.5,0.5,0.3,1.4,E07000006,South Bucks,matched_reference,E07000006,South Bucks
E07000007,Wycombe,5.2963653,5.8258853,1,0.9996759878572876,1.0507157166581878e-06,0.9996759878572876,0.0002090464084382404,1.8732201680830126e-10,1.2339493682060294e-13,0.00011391483111218463,51.6,34.2,10.8,3.49,73.5,12.9,41.6,0.4,1.9,3.6,6.2,3.2,3.6,26.5,12.7,5.1,4.9,2.0,1.8,17.4,12.5,15.2,3.6,12.4,33.6,5.4,69.7,32.3,37.4,1.0,12.7,8.5,4.2,15.2,13.1,0.8,0.7,0.5,1.4,E07000007,Wycombe,matched_reference,E07000007,Wycombe
E07000061,Eastbourne,9.57561,3.3061337,2,0.9741018911268349,5.476732281099254e-12,4.276143673913853e-06,0.9741018911268349,5.460227900619304e-05,0.008563242943870468,0.01727598750113826,43.1,35.4,15.3,6.19,68.0,14.8,35.0,0.4,1.6,2.7,5.6,4.1,3.8,32.0,16.8,5.2,3.8,4.5,1.8,23.2,13.8,16.6,3.5,12.6,24.4,5.8,61.7,33.5,28.3,0.7,13.2,7.4,5.8,23.3,21.7,0.4,1.0,0.3,1.1,E07000061,Eastbourne,matched_reference,E07000061,Eastbourne
E07000062,Hastings,9.714825,3.1102972,2,0.974172104666683,1.6452435557092515e-12,1.5987535836202303e-06,0.974172104666683,4.2272164617456335e-05,0.016163661604465113,0.009620362809005408,40.5,36.2,15.8,7.44,67.8,14.8,33.5,0.3,1.6,3.0,6.2,5.5,2.8,32.2,14.3,4.1,4.7,6.6,2.5,25.4,15.8,17.5,3.0,12.1,21.2,5.0,55.2,26.9,28.3,0.5,14.5,1.9,12.7,28.8,27.2,0.2,1.2,0.2,1.0,E07000062,Hastings,matched_reference,E07000062,Hastings
E07000063,Lewes,9.389861,5.532472,2,0.99656692501646,2.0426307327566407e-14,5.644692482176889e-06,0.99656692501646,1.9558922101405807e-13,4.298933670224412e-09,0.0034274259919080453,44.8,35.5,14.3,5.38,69.6,15.3,34.3,0.4,2.2,4.2,7.0,3.3,2.7,30.4,17.6,3.7,3.9,3.5,1.8,21.5,13.8,15.7,3.4,11.8,29.4,4.4,72.7,39.8,32.8,0.7,10.9,7.6,3.3,14.5,13.2,0.2,1.0,0.2,1.3,E07000063,Lewes,matched_reference,E07000063,Lewes
E07000064,Rother,9.905291,4.8300204,2,0.9954556159693236,1.0302239959711517e-15,5.378864064595056e-07,0.9954556159693236,7.66857804875717e-10,2.8170542319658567e-07,0.004543563671987837,40.6,36.6,16.5,6.34,63.4,13.8,29.4,0.6,2.5,4.2,7.5,3.2,2.1,36.6,22.5,3.8,4.3,4.1,1.9,24.7,13.8,16.5,3.8,11.2,25.5,4.6,73.5,45.4,28.1,0.5,10.4,1.7,8.6,14.0,12.7,0.3,0.9,0.2,1.5,E07000064,Rother,matched_reference,E07000064,Rother
E07000065,Wealden,9.243572,5.7033677,2,0.9971580228698257,4.383576309687567e-14,1.095539933577554e-05,0.9971580228698257,1.780214401722586e-14,1.394036889880169e-09,0.002831020336739835,47.6,34.9,13.0,4.45,70.1,14.8,34.4,0.5,2.8,4.6,7.9,2.5,2.6,29.9,18.0,3.4,4.3,2.7,1.5,19.9,13.8,17.3,3.7,12.2,28.9,4.1,78.7,42.3,36.5,0.8,7.7,4.7,3.0,11.1,9.9,0.2,0.9,0.2,1.7,E07000065,Wealden,matched_reference,E07000065,Wealden
E07000084,Basingstoke and Deane,5.9248013,5.646417,1,0.9967659772275385,3.243307607975592e-06,0.9967659772275385,0.0020333049380827336,8.445823552017398e-10,1.5454010646686e-11,0.0011974736667344403,50.7,35.1,10.8,3.46,76.9,13.4,47.9,0.3,1.5,2.5,5.2,3.2,2.8,23.1,12.5,2.7,4.0,2.4,1.4,17.3,14.7,16.4,3.8,12.6,30.5,4.7,67.7,28.2,39.6,1.4,17.8,0.8,17.0,11.8,10.8,0.2,0.7,0.1,1.3,E07000084,Basingstoke and Deane,matched_reference,E07000084,Basingstoke and Deane
E07000085,East Hampshire,5.9486203,6.603861,1,0.9982776927758492,6.081061318785983e-09,0.9982776927758492,0.0017132587124061695,2.9463040411196707e-18,1.6725572625732866e-15,9.042430681533303e-06,50.5,34.7,11.1,3.7,73.0,14.3,40.2,0.4,2.3,3.8,6.7,2.6,2.6,27.0,15.3,3.9,4.3,2.3,1.3,16.9,12.5,16.6,3.6,12.7,33.9,3.9,73.9,37.1,36.8,0.9,12.0,1.6,10.5,11.7,9.8,0.7,0.7,0.4,1.5,E07000085,East Hampshire,matched_reference,E07000085,East Hampshire
E07000086,Eastleigh,6.6882663,5.1548724,1,0.8855633380183112,2.782290885150649e-05,0.8855633380183112,0.05152131074045628,4.962635942342127e-07,4.523362388696121e-08,0.06288698683516299,49.2,35.3,11.6,3.92,75.4,15.9,43.8,0.3,1.7,2.5,5.2,3.0,3.0,24.6,14.1,3.1,3.6,2.6,1.2,17.6,14.2,17.2,5.7,13.3,27.9,4.0,73.5,33.0,40.5,1.1,12.3,1.1,11.2,12.3,11.2,0.1,0.9,0.1,0.8,E07000086,Eastleigh,matched_reference,E07000086,Eastleigh
E07000087,Fareham,7.1501594,4.720769,5,0.40639481156560486,5.5391832261826444e-05,0.370569874103895,0.22293553931591303,3.834233843087938e-05,6.0408438943261365e-06,0.40639481156560486,48.5,35.2,12.2,4.02,72.7,15.2,42.4,0.4,1.6,2.6,4.8,2.6,3.2,27.3,17.3,3.4,3.2,2.2,1.2,17.6,13.1,17.0,5.5,13.5,29.8,3.6,80.4,39.2,41.2,0.6,8.1,5.1,3.0,10.0,8.4,0.5,0.8,0.3,0.9,E07000087,Fareham,matched_reference,E07000087,Fareham
E07000088,Gosport,7.134861,6.0053253,1,0.7301024551705179,9.351560360143775e-08,0.7301024551705179,0.26271791637792996,1.9917208986000214e-13,1.7976351606973437e-10,0.007179534755985996,45.3,36.2,13.6,4.88,72.2,14.4,43.4,0.2,1.1,1.9,4.3,4.2,2.7,27.8,14.5,3.6,4.3,3.6,1.7,21.6,16.2,18.1,5.0,13.4,21.5,4.2,65.2,29.4,35.9,1.1,16.4,9.3,7.1,16.3,12.7,1.6,1.1,0.9,1.0,E07000088,Gosport,matched_reference,E07000088,Gosport
E07000089,Hart,6.190614,6.5523353,1,0.9949582411262259,9.33003537072007e-09,0.9949582411262259,0.005013395292453578,6.644140179267037e-18,1.0895766451590438e-14,2.8354251274318393e-05,55.0,33.1,9.3,2.64,75.5,13.9,45.3,0.4,2.0,3.2,5.8,2.4,2.6,24.5,14.3,3.3,4.4,1.3,1.2,13.5,12.4,16.2,3.5,13.0,37.5,3.9,78.1,35.5,42.6,1.1,7.7,0.6,7.0,12.1,9.5,1.3,0.6,0.7,1.0,E07000089,Hart,matched_reference,E07000089,Hart
E07000090,Havant,8.398031,3.2763946,2,0.6294833733501596,1.2875209461002672e-06,0.000501889488078357,0.6294833733501596,0.0021611762290347043,0.06658818757170759,0.30126408584007364,44.3,35.9,14.2,5.59,69.1,15.2,37.5,0.3,1.7,2.3,5.3,4.0,2.9,30.9,17.3,3.4,4.4,4.2,1.6,25.0,14.8,17.1,4.8,12.0,22.3,4.0,69.0,35.4,33.6,0.5,19.6,10.3,9.2,9.9,8.8,0.1,0.8,0.1,1.0,E07000090,Havant,matched_reference,E07000090,Havant
E07000091,New Forest,9.039425,5.4078183,2,0.9906716435178264,1.3134856908096012e-12,7.696635577363991e-05,0.9906716435178264,5.246695331671253e-12,2.3224392813918875e-08,0.009251366895447125,45.1,35.9,14.1,4.88,69.5,15.8,36.5,0.5,2.1,3.5,5.9,2.6,2.6,30.5,19.7,2.7,3.8,2.8,1.4,21.1,13.3,16.7,5.4,12.0,27.2,4.2,75.0,43.5,31.5,0.6,11.0,6.7,4.2,12.1,10.6,0.4,0.8,0.3,1.3,E07000091,New Forest,matched_reference,E07000091,New Forest
E07000092,Rushmoor,6.9821563,6.4283056,1,0.8048978529518894,1.4388583402641618e-08,0.8048978529518894,0.19417241238567284,4.9224781923062334e-17,2.4406215159555505e-12,0.0009297202714134711,50.1,35.5,10.8,3.62,77.7,13.4,49.4,0.2,1.2,1.9,4.6,3.7,3.2,22.3,9.8,3.8,4.0,2.7,2.0,18.6,16.5,17.2,3.6,12.5,24.7,6.9,63.5,23.2,40.3,1.8,16.3,2.1,14.2,17.6,12.7,2.1,0.9,1.8,0.8,E07000092,Rushmoor,matched_reference,E07000092,Rushmoor
E07000093,Test Valley,6.6196423,6.6045327,1,0.9579321613200293,7.455667120722958e-09,0.9579321613200293,0.041948342064796515,1.3962777981330287e-18,7.869092696686139e-14,0.00011948915942819448,50.0,34.6,11.6,3.77,73.4,14.7,42.8,0.4,2.0,3.1,5.3,2.5,2.6,26.6,15.5,3.4,4.0,2.4,1.3,18.4,13.6,16.5,4.5,12.5,30.5,4.1,70.3,34.5,35.9,0.7,14.4,4.4,10.0,12.9,10.4,1.2,0.7,0.6,1.7,E07000093,Test Valley,matched_reference,E07000093,Test Valley
E07000094,Winchester,4.8694057,3.1714087,3,0.8728253337983956,0.1166163406241654,1.943159274163208e-06,4.4098184216658606e-06,0.8728253337983956,3.44198182562889e-07,0.010551628401560691,53.2,32.8,10.6,3.43,71.0,13.5,38.3,0.5,2.5,3.6,5.6,2.3,4.7,29.0,14.5,6.7,3.9,2.2,1.6,14.5,9.6,14.6,3.1,13.9,40.7,3.5,67.5,35.0,32.6,0.9,15.5,10.6,4.9,14.1,12.0,0.9,0.7,0.5,2.0,E07000094,Winchester,matched_reference,E07000094,Winchester
E07000105,Ashford,6.728581,4.3932405,5,0.622452569222387,0.0013019922867647594,0.2993334068744049,0.07443322301853816,0.0024584980290976045,2.0310568807753096e-05,0.622452569222387,47.6,35.1,12.7,4.59,72.6,14.6,39.4,0.4,2.1,3.1,6.3,3.6,3.1,27.4,14.4,3.3,4.9,3.1,1.7,21.2,15.6,17.8,3.9,12.0,24.6,4.9,68.4,31.8,36.6,1.3,14.5,9.8,4.6,14.3,12.9,0.2,1.0,0.2,1.5,E07000105,Ashford,matched_reference,E07000105,Ashford
E07000106,Canterbury,5.2286716,1.8252574,0,0.9988641611615451,0.9988641611615451,3.9856942625817216e-11,9.755754781890089e-07,3.655705302167229e-05,7.890406761660844e-05,0.0010194021024814545,46.8,34.6,13.4,5.18,63.8,12.8,31.2,0.3,1.8,2.6,4.9,3.0,7.1,36.2,15.0,12.5,3.6,3.3,1.8,20.5,11.8,14.3,3.3,17.6,27.3,5.2,66.0,35.5,30.5,0.8,12.2,8.3,3.9,19.5,17.5,0.4,1.1,0.4,1.4,E07000106,Canterbury,matched_reference,E07000106,Canterbury
E07000107,Dartford,6.1712565,3.6259995,5,0.5741354917824957,0.08223403937905292,0.008679809977227957,0.006349141943058221,0.3284055164181318,0.00019600050003299658,0.5741354917824957,48.6,34.9,12.2,4.43,75.5,13.9,44.6,0.3,1.8,2.2,5.6,4.4,2.8,24.5,11.9,3.5,4.4,3.0,1.8,21.1,17.3,18.1,4.3,11.5,22.0,5.5,66.9,27.5,39.4,1.3,14.8,10.8,4.0,15.9,15.0,0.1,0.7,0.1,1.0,E07000107,Dartford,matched_reference,E07000107,Dartford
E07000108,Dover,9.452856,3.2927995,2,0.9634158257479143,2.3778468364129098e-11,7.697958905605159e-06,0.9634158257479143,8.057094904080633e-05,0.01231256921438902,0.02418333610597179,43.4,35.4,15.0,6.29,67.4,14.7,36.1,0.4,1.9,2.7,4.8,4.5,2.4,32.6,17.6,4.0,4.4,4.5,2.1,25.0,14.6,17.4,3.7,12.1,22.0,5.1,66.5,35.3,31.3,0.5,14.2,8.9,5.4,17.1,15.3,0.3,1.1,0.4,1.7,E07000108,Dover,matched_reference,E07000108,Dover
E07000109,Gravesham,6.8720126,3.5332038,5,0.8622021741394353,0.010604565347401505,0.008862485166470063,0.04160093607702879,0.07377793121836358,0.002951908051300603,0.8622021741394353,46.5,35.0,13.4,5.13,70.9,14.4,39.1,0.4,1.9,2.2,5.1,5.1,2.8,29.1,13.5,4.2,5.3,3.8,2.3,24.4,16.4,17.0,4.3,11.1,20.0,7.0,64.6,30.7,33.9,0.8,17.3,13.9,3.4,16.1,15.1,0.1,0.7,0.2,1.2,E07000109,Gravesham,matched_reference,E07000109,Gravesham
E07000110,Maidstone,6.381001,5.257243,1,0.962242846357526,2.6691766162771056e-05,0.962242846357526,0.015729143324088146,1.955029703707171e-07,5.040835160963206e-09,0.022001118008417583,48.1,35.1,12.4,4.4,72.9,14.4,41.3,0.4,2.0,2.9,5.9,3.4,2.6,27.1,14.4,3.6,4.5,2.7,1.9,20.7,14.6,17.6,4.1,12.2,25.6,5.3,70.5,32.9,37.5,1.1,12.7,2.4,10.4,14.6,13.0,0.4,0.9,0.3,1.2,E07000110,Maidstone,matched_reference,E07000110,Maidstone
E07000111,Sevenoaks,5.1062837,6.576607,1,0.9999410956270082,3.289400043859657e-09,0.9999410956270082,5.8208683121580626e-05,4.011908809337319e-17,1.7837831726361213e-17,6.924004702417383e-07,51.2,33.4,11.5,3.98,71.5,14.0,38.8,0.5,2.6,3.8,6.7,2.8,2.2,28.5,15.3,4.1,5.4,2.2,1.6,19.2,13.7,16.4,3.4,11.1,32.0,4.1,72.7,37.5,35.2,1.7,13.2,1.7,11.5,10.8,9.7,0.4,0.5,0.2,1.6,E07000111,Sevenoaks,matched_reference,E07000111,Sevenoaks
E07000112,Shepway,9.696822,3.2525258,2,0.9799679872667476,1.4688176493032716e-12,2.1512705257350384e-06,0.9799679872667476,4.086522303355651e-05,0.008308163374065695,0.011680832864158554,42.2,36.1,15.2,6.42,67.2,14.3,35.1,0.4,1.8,2.5,5.5,4.6,2.9,32.8,17.7,3.7,4.5,4.9,2.1,24.7,14.9,17.5,3.8,11.9,21.8,5.4,64.8,35.3,29.5,0.5,11.2,6.9,4.3,22.2,20.2,0.4,1.2,0.5,1.3,E07000112,Shepway,matched_reference,E07000112,Shepway
E07000113,Swale,7.605996,3.171117,5,0.7153352547408585,0.0006642068404718282,0.0015492013649416895,0.18559174673882856,0.017851919353020322,0.07900767096187926,0.7153352547408585,44.3,35.9,14.1,5.74,68.9,14.0,38.1,0.3,1.8,2.3,5.4,4.6,2.3,31.1,15.1,3.7,5.2,4.4,2.7,27.4,16.3,17.0,4.4,11.2,18.9,4.8,68.3,31.4,36.9,1.0,14.3,2.2,12.1,15.2,13.9,0.2,0.9,0.2,1.2,E07000113,Swale,matched_reference,E07000113,Swale
E07000114,Thanet,9.91822,3.1258566,2,0.9860468856822994,1.28884694237125e-13,5.773917345865851e-07,0.9860468856822994,2.3783643206204375e-05,0.008589997746073986,0.005338755536556608,40.7,35.1,16.7,7.5,64.9,14.4,31.7,0.4,1.8,2.6,5.3,5.7,3.0,35.1,18.2,4.3,4.9,5.6,2.1,28.4,14.8,16.4,3.9,11.3,19.6,5.6,62.0,33.4,28.6,0.3,12.7,5.1,7.6,23.8,22.0,0.3,1.3,0.2,1.2,E07000114,Thanet,matched_reference,E07000114,Thanet
E07000115,Tonbridge and Malling,5.9956985,5.605256,1,0.9955268250107181,4.094352153968586e-06,0.9955268250107181,0.002726506405700928,1.4763765976284961e-09,3.225859310462706e-11,0.0017425727227916503,49.9,34.3,11.8,3.94,72.9,14.7,41.3,0.4,2.0,3.1,5.8,3.0,2.7,27.1,14.5,4.0,4.7,2.5,1.4,20.0,15.0,17.7,4.0,12.2,27.1,4.0,71.1,32.6,38.6,1.5,16.1,1.9,14.2,10.1,9.0,0.3,0.6,0.2,1.1,E07000115,Tonbridge and Malling,matched_reference,E07000115,Tonbridge and Malling
E07000116,Tunbridge Wells,5.282295,6.2645307,1,0.9998655792518939,3.862596234132741e-08,0.9998655792518939,0.00012675794550827627,2.5503637340605006e-14,1.2004727986037334e-15,7.624176608524047e-06,51.4,33.6,11.1,3.87,73.1,13.7,40.4,0.5,2.5,3.9,6.6,3.0,2.5,26.9,12.6,4.8,5.1,2.7,1.7,17.1,12.4,16.6,2.8,12.1,34.6,4.5,65.7,32.0,33.7,0.8,15.2,1.2,14.0,16.9,15.7,0.3,0.8,0.2,1.4,E07000116,Tunbridge Wells,matched_reference,E07000116,Tunbridge Wells
E07000177,Cherwell,6.038675,5.5798273,1,0.994544758082966,4.705482000592053e-06,0.994544758082966,0.0032618306200607136,2.0832414143602942e-09,5.048654053891055e-11,0.0021887036812447257,50.3,34.7,11.2,3.85,75.7,14.6,45.3,0.3,1.8,2.8,5.4,2.8,2.6,24.3,12.3,3.4,3.8,2.5,2.3,19.7,15.2,15.8,4.1,11.6,28.1,5.5,69.3,30.9,38.4,0.8,12.1,2.6,9.6,16.2,14.6,0.4,0.8,0.4,1.6,E07000177,Cherwell,matched_reference,E07000177,Cherwell
E07000178,Oxford,5.1461053,1.4611939,0,0.9997524031343438,0.9997524031343438,4.133438130023042e-13,2.2592020918441616e-07,2.930298810251281e-07,5.950093725427523e-05,0.00018757697789854858,55.2,31.7,9.4,3.61,63.3,10.4,36.2,0.3,1.1,2.2,3.3,3.2,6.5,36.7,7.0,21.6,3.5,2.6,1.9,13.6,8.3,8.9,1.8,17.8,42.6,6.9,46.7,24.0,22.7,1.7,21.4,13.6,7.8,28.2,26.1,0.5,0.9,0.7,2.0,E07000178,Oxford,matched_reference,E07000178,Oxford
E07000179,South Oxfordshire,6.31604,6.7129273,1,0.9895148513430337,3.919861535208633e-09,0.9895148513430337,0.010463274638878877,1.5203254705379622e-19,5.166807907792504e-15,2.1870098220815703e-05,52.6,33.4,10.7,3.35,75.2,14.0,43.3,0.4,2.4,4.0,6.2,2.5,2.2,24.8,13.9,3.5,4.0,1.9,1.6,16.5,12.1,14.9,3.8,12.0,36.7,4.0,72.9,37.2,35.8,0.8,11.4,1.6,9.8,13.3,11.1,1.0,0.7,0.6,1.5,E07000179,South Oxfordshire,matched_reference,E07000179,South Oxfordshire
E07000180,Vale of White Horse,6.4672985,6.7380805,1,0.9771167597467175,3.615538918397373e-09,0.9771167597467175,0.02284691744875061,7.515533757028336e-20,1.0013481549745596e-14,3.631918898255812e-05,51.9,34.0,10.8,3.36,75.1,14.3,44.8,0.4,2.1,3.0,5.4,2.5,2.7,24.9,13.9,3.9,3.9,1.9,1.3,16.7,11.8,14.6,4.1,11.5,37.2,4.1,70.3,35.8,34.5,1.0,13.3,2.5,10.8,13.6,11.0,1.3,0.6,0.8,1.7,E07000180,Vale of White Horse,matched_reference,E07000180,Vale of White Horse
E07000181,West Oxfordshire,6.605036,6.7171273,1,0.955344212655789,4.135222266659135e-09,0.955344212655789,0.04458558005240675,1.1099931483897304e-19,2.6813160241433298e-14,7.020315655548372e-05,51.5,33.8,11.2,3.5,76.8,14.3,45.4,0.4,2.4,3.5,6.1,2.3,2.4,23.2,13.7,3.0,3.4,1.8,1.2,17.6,13.3,15.8,3.9,12.3,32.9,4.1,69.7,34.5,35.2,1.3,12.5,1.7,10.8,14.9,11.8,1.5,0.8,0.8,1.7,E07000181,West Oxfordshire,matched_reference,E07000181,West Oxfordshire
E07000207,Elmbridge,4.810569,6.292923,1,0.9999706633760791,2.0328930951183844e-08,0.9999706633760791,2.7251105388169858e-05,6.952725071546443e-14,7.205896989287083e-17,2.0651895318566366e-06,56.5,31.0,9.4,3.12,73.4,11.9,41.8,0.5,2.9,4.5,6.9,2.7,2.3,26.6,12.2,4.5,6.4,1.8,1.8,13.2,10.1,13.9,2.2,11.1,43.9,5.6,73.1,34.2,38.8,0.7,9.9,2.1,7.7,15.1,14.1,0.2,0.6,0.1,1.2,E07000207,Elmbridge,matched_reference,E07000207,Elmbridge
E07000208,Epsom and Ewell,5.795274,6.227128,1,0.9991040228067715,6.368858022123186e-08,0.9991040228067715,0.0008569203229008529,1.4783230383039822e-14,2.7075038546716084e-14,3.8993181705716165e-05,52.2,33.8,10.6,3.4,73.6,13.7,41.9,0.4,2.1,3.2,6.0,2.7,3.5,26.4,13.4,5.1,4.2,2.1,1.6,15.8,12.2,15.7,2.9,12.1,36.0,5.3,77.0,36.8,40.2,0.9,8.0,0.6,7.5,13.3,12.2,0.3,0.7,0.1,0.8,E07000208,Epsom and Ewell,matched_reference,E07000208,Epsom and Ewell
E07000209,Guildford,4.8179073,3.1106062,3,0.8594810179307504,0.13133482998860768,9.752626583351265e-07,3.2307962635237613e-06,0.8594810179307504,3.2045030314981686e-07,0.009179625571416631,53.9,33.1,9.8,3.15,72.2,12.2,41.1,0.4,2.1,3.4,5.5,2.7,4.9,27.8,11.3,8.5,4.4,1.9,1.7,14.2,10.7,13.5,2.8,14.2,39.5,5.1,68.8,33.7,35.1,1.3,12.8,9.1,3.7,15.8,13.8,0.7,0.7,0.6,1.3,E07000209,Guildford,matched_reference,E07000209,Guildford
E07000210,Mole Valley,5.258646,6.688613,1,0.9998994299401545,1.7882504479308063e-09,0.9998994299401545,0.0001000188085881824,1.8459215783820237e-18,1.3407591918137696e-17,5.494630069618461e-07,51.5,33.7,11.3,3.56,72.7,13.9,39.2,0.5,2.6,4.5,7.1,2.5,2.4,27.3,15.7,3.8,4.4,2.1,1.4,16.0,11.7,16.1,2.8,11.3,37.9,4.2,73.6,39.1,34.5,0.9,12.2,1.5,10.7,11.9,10.6,0.4,0.7,0.2,1.4,E07000210,Mole Valley,matched_reference,E07000210,Mole Valley
E07000211,Reigate and Banstead,5.545112,6.047602,1,0.9995759869146231,2.092115771103061e-07,0.9995759869146231,0.0003704661793043451,1.1010311085938246e-12,4.365048654029908e-14,5.333769335067707e-05,51.5,34.0,10.8,3.63,75.2,13.5,44.0,0.4,2.2,3.3,6.3,2.9,2.5,24.8,12.4,3.5,4.4,2.3,2.1,16.6,13.2,16.6,2.9,12.0,34.0,4.8,73.0,33.2,39.9,1.2,11.9,2.4,9.5,12.9,12.0,0.1,0.6,0.1,0.9,E07000211,Reigate and Banstead,matched_reference,E07000211,Reigate and Banstead
E07000212,Runnymede,4.9660025,2.7621145,0,0.6394211923354728,0.6394211923354728,1.9935295466368228e-07,6.096959664914991e-06,0.3444478044524885,5.073749615236064e-06,0.016119633149804257,51.3,34.1,10.9,3.69,71.6,12.1,41.3,0.4,1.8,2.8,5.7,2.7,4.8,28.4,11.9,9.2,3.9,1.9,1.5,18.3,12.7,14.4,3.4,15.1,29.9,6.1,69.5,33.1,36.4,1.0,12.9,8.9,4.0,15.2,13.7,0.5,0.6,0.3,1.4,E07000212,Runnymede,matched_reference,E07000212,Runnymede
E07000213,Spelthorne,6.035112,5.471791,1,0.9925701815900505,9.9442631782253e-06,0.9925701815900505,0.0036417770891419418,1.331631372034435e-08,1.4198872624722598e-10,0.003778083599326786,48.0,35.8,12.0,4.1,75.5,13.3,46.4,0.3,1.6,2.7,5.4,3.3,2.5,24.5,13.3,3.2,3.9,2.3,1.8,20.4,16.1,16.1,3.9,11.4,25.9,6.2,72.6,33.9,38.6,1.4,12.4,1.6,10.8,12.7,11.7,0.2,0.6,0.1,1.0,E07000213,Spelthorne,matched_reference,E07000213,Spelthorne
E07000214,Surrey Heath,6.033027,6.3732424,1,0.9976766098578359,2.6273371723156006e-08,0.9976766098578359,0.0022845566564018904,4.219760899192526e-16,2.409300772591465e-14,3.880721236604077e-05,53.5,33.3,10.0,3.23,75.1,13.6,44.2,0.4,2.1,3.3,5.9,2.8,2.9,24.9,13.5,3.5,4.4,1.7,1.8,15.0,13.5,16.3,3.5,12.2,34.5,5.1,76.8,34.8,42.0,0.8,9.2,1.2,8.0,12.1,10.2,0.9,0.5,0.5,1.0,E07000214,Surrey Heath,matched_reference,E07000214,Surrey Heath
E07000215,Tandridge,5.5754356,6.762786,1,0.9996355092095586,1.5929152255395567e-09,0.9996355092095586,0.00036346348437100534,1.458430259346112e-19,4.058864154423072e-17,1.0257131549539682e-06,50.5,34.4,11.4,3.76,73.5,13.5,40.7,0.6,2.7,4.0,7.1,2.8,2.2,26.5,14.1,4.3,4.3,2.2,1.6,17.1,13.4,17.5,2.9,12.3,33.0,3.9,75.9,36.2,39.7,0.9,10.8,7.7,3.1,11.0,9.7,0.5,0.6,0.2,1.4,E07000215,Tandridge,matched_reference,E07000215,Tandridge
E07000216,Waverley,4.9144735,6.4357643,1,0.999966079240227,7.480198472870966e-09,0.999966079240227,3.289132391415865e-05,1.935591521737665e-15,2.7130843059520827e-17,1.0219556583759482e-06,53.5,32.7,10.5,3.26,72.0,13.6,38.6,0.5,2.8,4.4,6.8,2.4,2.9,28.0,14.3,5.1,4.9,2.1,1.5,15.2,10.3,15.1,2.9,12.2,40.1,4.1,73.7,37.7,36.0,1.0,12.3,9.5,2.9,11.3,10.1,0.5,0.6,0.2,1.7,E07000216,Waverley,matched_reference,E07000216,Waverley
E07000217,Woking,5.0628586,5.8390846,1,0.9998276365182907,9.088037419348242e-07,0.9998276365182907,0.00010384375825750743,3.334462656387114e-10,3.454996651605333e-14,6.761058622900345e-05,51.8,34.6,10.3,3.39,75.4,12.5,45.1,0.4,1.9,3.3,5.9,3.2,3.0,24.6,11.5,3.6,5.5,2.3,1.8,15.2,12.0,14.3,2.6,11.3,38.4,6.3,70.5,31.6,38.9,0.9,11.9,8.4,3.5,15.7,14.6,0.3,0.7,0.2,1.0,E07000217,Woking,matched_reference,E07000217,Woking
E07000223,Adur,8.834243,4.018202,2,0.880614931420188,2.1639093274847017e-09,0.000360051690279641,0.880614931420188,3.9318831024508944e-05,0.000630058967604635,0.1183556369269939,42.7,36.6,15.0,5.75,70.8,16.0,37.5,0.4,1.7,3.1,6.2,3.3,2.5,29.2,16.8,3.3,3.9,3.6,1.5,25.6,15.9,16.5,4.4,11.2,22.0,4.5,73.8,37.8,36.0,0.6,13.1,9.8,3.2,11.4,10.2,0.1,1.0,0.1,1.2,E07000223,Adur,matched_reference,E07000223,Adur
E07000224,Arun,9.145172,4.0692625,2,0.9430510787731587,7.45660103081134e-11,7.93438852016436e-05,0.9430510787731587,9.963535911765614e-06,0.0002718401126209797,0.05658777361854092,42.0,36.8,15.6,5.66,67.5,14.8,35.5,0.4,1.9,3.2,5.7,3.3,2.7,32.5,20.4,3.1,3.7,3.5,1.8,24.9,14.2,16.8,4.0,11.6,22.8,5.9,73.8,42.8,31.0,0.8,8.8,4.8,4.0,15.3,14.1,0.1,0.9,0.2,1.2,E07000224,Arun,matched_reference,E07000224,Arun
E07000225,Chichester,8.946451,6.460025,2,0.9996606484355702,1.9450784602881636e-14,1.2291780442471372e-05,0.9996606484355702,1.2485481958167371e-20,2.6784767635541935e-12,0.00032705978128959854,47.6,34.9,13.1,4.32,69.2,14.0,34.4,0.5,2.8,4.3,6.9,2.8,3.5,30.8,18.2,4.4,4.2,2.4,1.5,19.5,11.6,15.9,3.4,12.8,32.4,4.4,67.2,40.5,26.6,0.9,14.9,2.2,12.7,14.9,12.8,0.8,0.8,0.5,2.2,E07000225,Chichester,matched_reference,E07000225,Chichester
E07000226,Crawley,6.212956,3.4583433,5,0.536517083041274,0.11149523061837566,0.003408915370554877,0.0054443685693527375,0.34266478353909696,0.0004696188613458537,0.536517083041274,47.6,35.9,12.1,4.42,76.9,14.4,47.2,0.3,1.2,1.9,4.4,4.5,3.1,23.1,9.5,3.3,4.9,3.2,2.1,20.1,18.0,17.1,3.4,11.3,21.5,8.5,59.0,22.2,36.9,1.4,23.9,18.6,5.2,14.5,13.5,0.1,0.7,0.1,1.2,E07000226,Crawley,matched_reference,E07000226,Crawley
E07000227,Horsham,5.7127805,6.506557,1,0.9993900166392895,9.663392053266168e-09,0.9993900166392895,0.000603287205450063,4.118654461694452e-17,1.1145822886264983e-15,6.6864918670471515e-06,50.6,34.8,11.1,3.53,73.4,14.8,40.3,0.5,2.3,3.9,6.3,2.7,2.7,26.6,15.5,3.5,4.2,2.2,1.3,16.3,13.3,17.8,3.4,12.7,32.6,4.0,74.5,37.3,37.2,0.7,11.6,1.2,10.3,11.8,10.5,0.4,0.7,0.2,1.5,E07000227,Horsham,matched_reference,E07000227,Horsham
E07000228,Mid Sussex,5.961375,6.34047,1,0.9982905923095814,3.171534485419805e-08,0.9982905923095814,0.001673251220106543,9.647021842980022e-16,2.2200787075544895e-14,3.612475494385373e-05,51.8,34.0,10.7,3.54,74.8,15.1,42.2,0.4,2.1,3.6,6.3,2.4,2.6,25.2,14.2,3.6,4.0,2.0,1.4,14.8,13.4,17.3,3.4,13.2,33.6,4.2,74.3,35.5,38.8,1.0,10.6,0.5,10.1,12.8,11.7,0.3,0.7,0.1,1.4,E07000228,Mid Sussex,matched_reference,E07000228,Mid Sussex
E07000229,Worthing,8.098257,4.0268807,2,0.5557618422667585,1.4862652906717348e-06,0.006912898978878669,0.5557618422667585,0.0004270080248234038,0.0010526825286612793,0.43584408193558716,44.2,36.1,14.4,5.26,72.1,15.0,39.7,0.3,1.7,3.1,5.7,3.5,3.2,27.9,15.4,3.1,3.7,4.2,1.6,21.3,14.3,17.4,3.7,12.5,26.0,4.8,69.3,34.8,34.5,0.5,10.0,2.1,7.9,19.3,17.9,0.1,1.1,0.2,0.9,E07000229,Worthing,matched_reference,E07000229,Worthing
E06000022,Bath and North East Somerset UA,5.200006,2.3701756,0,0.9780874305805064,0.9780874305805064,1.2623632313688836e-08,5.261785436359689e-06,0.013555966323761976,4.218657516796313e-05,0.00830914211149485,50.5,33.4,11.8,4.22,68.7,14.4,35.5,0.4,1.9,3.2,5.5,2.7,5.1,31.3,13.7,10.1,3.3,2.8,1.4,17.2,11.0,14.2,3.7,16.5,33.4,4.0,66.7,35.1,31.6,0.5,14.4,3.4,11.0,16.9,15.5,0.2,1.0,0.2,1.4,E06000022,Bath and North East Somerset,matched_reference,E06000022,Bath and North East Somerset
E06000028,Bournemouth UA,5.289909,1.5955757,0,0.9994359545500378,0.9994359545500378,4.357885311425705e-12,6.438651405765539e-07,1.6773855358676035e-06,0.0001309636158849444,0.00043076057904281866,46.3,34.5,13.6,5.67,69.8,13.3,37.2,0.4,1.7,2.7,5.4,3.8,5.3,30.2,12.2,8.1,3.6,4.5,1.9,19.1,13.0,15.5,3.8,15.7,26.4,6.5,57.1,27.7,29.4,0.7,11.2,5.9,5.2,30.0,28.2,0.2,1.3,0.3,1.0,E06000028,Bournemouth,matched_reference,E06000028,Bournemouth
E06000023,"Bristol, City of UA",5.2412195,1.5430954,0,0.9995834625359187,0.9995834625359187,1.824922018294462e-12,4.407683728467357e-07,8.494760522234324e-07,0.00010066136438174715,0.00031458585344947844,48.8,33.5,12.2,5.48,70.6,13.4,39.8,0.3,1.4,2.3,4.5,4.3,4.8,29.4,9.8,9.0,3.9,4.3,2.3,20.2,11.9,12.8,2.9,14.6,32.8,4.9,54.0,24.6,29.4,0.8,20.3,14.5,5.8,23.5,22.1,0.1,1.1,0.2,1.4,E06000023,"Bristol, City of",matched_reference,E06000023,"Bristol, City of"
E06000052,Cornwall UA,10.1657295,4.8315206,2,0.9975404749531075,4.3869230155861524e-17,8.539593515492199e-08,0.9975404749531075,3.449880605672475e-10,1.3494868460448053e-07,0.0024593043572845225,45.2,33.6,14.9,6.3,66.7,15.4,31.7,0.5,2.6,3.6,6.9,3.3,2.8,33.3,18.9,4.3,4.0,4.4,1.7,22.4,13.4,17.4,4.5,13.1,25.0,4.2,68.8,40.0,28.8,0.8,12.0,5.6,6.4,16.8,14.7,0.4,1.4,0.3,1.7,E06000052,Cornwall,matched_reference,E06000052,Cornwall
E06000053,Isles of Scilly UA,8.074881,6.763319,2,0.997156763145977,6.157587366703756e-12,0.0025803833410828437,0.997156763145977,4.0842729110200565e-22,3.751250101431474e-13,0.0002628535064077294,51.5,34.2,11.3,3.0,82.1,13.6,40.3,1.0,7.6,5.1,12.9,1.1,0.4,17.9,12.9,0.8,1.6,0.9,1.8,14.2,10.8,16.6,4.2,16.4,33.0,4.7,41.7,31.6,10.0,0.8,18.1,12.2,5.9,29.7,20.6,3.6,1.3,4.1,9.7,E06000053,Isles of Scilly,matched_reference,E06000053,Isles of Scilly
E06000024,North Somerset UA,8.231161,4.2922053,2,0.6945012784339993,2.0711210212147186e-07,0.0067709453218685834,0.6945012784339993,4.7404211051467856e-05,0.00020098285923722463,0.2984791820617412,46.3,34.8,13.7,5.26,70.6,15.9,38.2,0.4,2.0,2.9,5.3,3.0,2.8,29.4,17.5,3.2,3.5,3.9,1.4,19.6,13.7,17.2,4.4,12.7,28.4,4.1,73.0,36.8,36.1,0.6,9.2,3.5,5.7,16.2,14.8,0.1,1.1,0.1,1.1,E06000024,North Somerset,matched_reference,E06000024,North Somerset
E06000026,Plymouth UA,5.645034,1.4163226,0,0.9982695368560339,0.9982695368560339,5.135126056278617e-12,2.3405924242403593e-06,1.0915852226909754e-07,0.0013081646746018994,0.0004198487132826886,46.0,33.5,13.9,6.51,66.6,14.8,36.1,0.3,1.3,1.7,3.6,4.2,4.6,33.4,14.1,8.4,3.9,5.2,1.8,22.3,13.5,16.8,5.2,16.6,21.5,4.3,58.7,27.2,31.5,0.8,19.3,8.6,10.7,20.2,17.8,0.6,1.2,0.5,1.1,E06000026,Plymouth,matched_reference,E06000026,Plymouth
E06000029,Poole UA,7.7965107,4.2068615,5,0.5441420944592559,7.5833627703045765e-06,0.025046500755535783,0.4301105996330371,0.0003622681549765468,0.00033095363442430903,0.5441420944592559,46.5,34.9,13.4,5.16,71.2,15.2,39.5,0.4,1.8,2.8,5.2,3.2,3.0,28.8,16.1,3.8,4.1,3.3,1.6,21.4,14.4,16.6,4.9,12.5,25.5,4.7,70.4,35.8,34.6,0.9,11.5,6.5,5.0,16.2,14.6,0.3,1.0,0.2,1.1,E06000029,Poole,matched_reference,E06000029,Poole
E06000025,South Gloucestershire UA,6.8835163,5.0554185,1,0.7653271199666637,2.9670527114408168e-05,0.7653271199666637,0.10653014187324199,1.3684368504021034e-06,2.197267694781612e-07,0.12811147946936022,49.1,34.9,11.8,4.19,74.4,16.3,42.9,0.3,1.6,2.2,4.8,2.8,3.5,25.6,14.2,4.1,3.2,2.5,1.5,18.6,14.9,16.7,5.4,13.7,26.7,4.1,74.9,34.5,40.5,0.5,9.9,1.9,8.0,13.6,12.2,0.2,1.0,0.2,1.1,E06000025,South Gloucestershire,matched_reference,E06000025,South Gloucestershire
E06000030,Swindon UA,6.148385,3.5412776,5,0.5184412341103385,0.10350713162907844,0.004951704744219793,0.0049585156879396785,0.36789096860030307,0.0002504452281204278,0.5184412341103385,48.3,35.2,12.0,4.58,76.0,14.4,46.7,0.2,1.3,1.9,4.4,4.2,2.9,24.0,11.6,3.2,4.1,3.4,1.8,20.5,17.4,17.3,4.5,11.6,22.7,5.8,65.5,25.7,39.8,1.3,16.3,11.6,4.7,16.0,14.7,0.2,1.0,0.2,0.9,E06000030,Swindon,matched_reference,E06000030,Swindon
E06000027,Torbay UA,9.94776,3.4520988,2,0.991956548083985,4.126326903708728e-14,6.856194059939973e-07,0.991956548083985,1.3842917876214222e-05,0.0014673054921079916,0.006561617886583611,41.7,34.4,16.3,7.55,65.7,15.7,31.4,0.4,2.1,2.9,6.0,4.5,2.6,34.3,19.6,3.2,3.9,5.8,1.8,25.8,15.0,17.3,4.7,11.8,20.6,4.8,66.8,36.4,30.4,0.9,8.1,0.9,7.2,23.2,21.4,0.1,1.5,0.2,1.0,E06000027,Torbay,matched_reference,E06000027,Torbay
E06000054,Wiltshire UA,7.115261,6.632093,1,0.594761514419867,3.9085301059288555e-09,0.594761514419867,0.4046352494034387,4.703406058922712e-19,7.147122580472522e-13,0.0006032322674495306,49.8,34.0,12.1,4.05,73.9,15.0,42.2,0.4,2.1,3.1,5.7,2.9,2.6,26.1,14.7,3.3,4.0,2.7,1.5,18.6,14.0,17.2,3.8,12.7,29.5,4.1,67.5,33.8,33.7,0.8,14.7,3.9,10.8,15.4,11.8,1.7,0.8,1.1,1.6,E06000054,Wiltshire,matched_reference,E06000054,Wiltshire
E07000040,East Devon,9.870289,5.558952,2,0.9987589204232826,8.974685179222452e-17,1.5700598523763652e-07,0.9987589204232826,2.4574042781741752e-14,1.1367313456415927e-09,0.001240921433975977,43.8,36.0,15.1,5.12,67.3,16.0,32.5,0.6,2.8,3.9,6.8,2.4,2.3,32.7,22.4,2.9,3.3,2.8,1.3,21.1,13.1,17.0,4.1,11.3,29.1,4.3,75.0,47.1,27.8,0.5,9.3,6.6,2.7,13.6,11.9,0.4,1.1,0.3,1.5,E07000040,East Devon,matched_reference,E07000040,East Devon
E07000041,Exeter,5.130537,1.8270688,0,0.9990390510092377,0.9990390510092377,2.405893049272964e-11,6.38517329543106e-07,4.3020912067573164e-05,4.442025052323552e-05,0.0008728692867829244,49.9,33.4,12.0,4.77,68.0,14.9,36.9,0.2,1.3,2.1,3.9,3.1,5.6,32.0,11.1,12.8,2.9,3.5,1.6,18.3,12.6,14.1,3.2,18.2,28.6,5.0,59.8,30.1,29.7,1.0,17.0,9.7,7.3,21.0,19.6,0.2,1.1,0.2,1.2,E07000041,Exeter,matched_reference,E07000041,Exeter
E07000042,Mid Devon,9.343102,5.77735,2,0.99809504639503,1.1134270140103011e-14,4.516746163568976e-06,0.99809504639503,3.276788185107878e-15,6.117548953333636e-10,0.0019004362470372723,46.6,35.4,13.4,4.55,72.0,15.7,36.1,0.5,2.8,3.9,8.1,2.7,2.1,28.0,16.5,3.2,3.7,3.1,1.5,22.7,13.8,17.1,3.8,12.1,26.4,4.1,69.1,37.3,31.8,0.9,12.6,8.7,3.9,15.5,14.1,0.3,1.0,0.2,1.8,E07000042,Mid Devon,matched_reference,E07000042,Mid Devon
E07000043,North Devon,9.949436,5.368811,2,0.9983782769287628,7.831025768345148e-17,1.389473940206413e-07,0.9983782769287628,4.139943333181451e-13,4.271127643536219e-09,0.0016215798523015132,46.4,33.8,14.2,5.61,69.8,16.4,33.3,0.5,2.8,3.6,7.7,3.0,2.5,30.2,18.2,3.0,3.8,3.7,1.6,24.1,14.4,17.2,4.7,12.4,22.9,4.3,68.5,39.1,29.4,0.7,10.8,2.4,8.4,18.4,15.9,0.7,1.3,0.5,1.7,E07000043,North Devon,matched_reference,E07000043,North Devon
E07000044,South Hams,9.816283,5.831945,2,0.9993272334044438,5.092770920800426e-17,1.1052143240927538e-07,0.9993272334044438,2.309800833982695e-16,1.329639402338616e-10,0.000672655941159624,47.4,34.4,13.3,4.9,68.7,15.1,31.3,0.7,3.2,5.3,8.3,2.3,2.4,31.3,20.2,3.3,3.2,3.1,1.5,17.2,12.1,16.3,4.4,12.1,34.3,3.7,71.7,42.8,28.9,1.1,11.4,1.7,9.6,14.3,12.6,0.3,1.2,0.2,1.5,E07000044,South Hams,matched_reference,E07000044,South Hams
E07000045,Teignbridge,9.807783,5.2821293,2,0.9973793023410471,5.744931390748556e-16,4.796624512831121e-07,0.9973793023410471,2.4374886912438562e-12,1.216856678895252e-08,0.002620205825496532,44.9,34.9,14.7,5.49,69.1,16.0,34.6,0.5,2.5,3.6,6.5,2.8,2.5,30.9,19.0,3.0,3.3,3.6,2.0,21.5,13.5,16.6,4.5,11.8,28.0,4.2,73.5,40.8,32.7,0.9,8.9,2.2,6.7,15.5,13.9,0.2,1.2,0.2,1.2,E07000045,Teignbridge,matched_reference,E07000045,Teignbridge
E07000046,Torridge,10.153375,5.169031,2,0.9984704031077487,1.4921306984189948e-17,4.780454721043891e-08,0.9984704031077487,4.3328698173613306e-12,1.1502476849181882e-08,0.0015295375808946005,43.5,34.8,15.4,6.21,67.0,15.6,30.0,0.6,3.1,4.0,8.4,3.4,1.9,33.0,20.5,3.1,3.9,4.0,1.6,25.4,14.3,17.5,4.9,12.1,21.7,4.2,71.5,42.9,28.6,0.7,9.0,1.9,7.1,17.0,15.3,0.2,1.3,0.1,1.9,E07000046,Torridge,matched_reference,E07000046,Torridge
E07000047,West Devon,10.006489,5.4962025,2,0.9989114560299237,2.3868714139677184e-17,6.544573648442362e-08,0.9989114560299237,4.517636186476143e-14,1.3254022502088975e-09,0.0010884771988919715,45.9,34.7,14.3,5.14,68.2,15.2,31.1,0.6,3.1,4.5,8.4,3.1,2.2,31.8,19.6,3.3,3.4,3.4,2.1,20.3,12.9,16.8,3.9,11.9,30.0,4.1,73.2,44.0,29.2,0.7,9.5,2.6,6.9,15.0,13.3,0.3,1.2,0.2,1.7,E07000047,West Devon,matched_reference,E07000047,West Devon
E07000048,Christchurch,9.369042,4.960431,2,0.9876534804149825,2.739907597626475e-13,1.6402519503866334e-05,0.9876534804149825,8.946492572605912e-10,3.9061847351689593e-07,0.012329725552116904,42.3,35.8,16.1,5.76,65.6,15.6,33.0,0.5,2.0,3.3,5.7,3.1,2.4,34.4,22.9,3.3,3.6,3.2,1.4,23.4,13.7,16.7,5.2,11.3,25.1,4.6,74.4,45.7,28.7,0.8,13.0,0.9,12.0,10.8,9.8,0.1,0.8,0.1,1.0,E07000048,Christchurch,matched_reference,E07000048,Christchurch
E07000049,East Dorset,9.230017,5.2888427,2,0.9914852418455228,3.1362427713488483e-13,2.6283216479453096e-05,0.9914852418455228,1.5943691021379863e-11,4.204308729961481e-08,0.008488432878652972,45.3,35.8,14.3,4.64,68.1,15.8,34.9,0.5,2.2,3.6,6.3,2.1,2.7,31.9,22.1,2.6,3.7,2.2,1.3,21.5,13.5,16.4,5.3,11.6,27.7,4.1,80.9,48.0,32.9,0.3,8.3,0.8,7.5,9.2,8.1,0.3,0.6,0.3,1.3,E07000049,East Dorset,matched_reference,E07000049,East Dorset
E07000050,North Dorset,8.37328,6.5497108,2,0.998909641002832,1.93367061006591e-12,0.0005954276531569881,0.998909641002832,1.7766020831678972e-20,2.3719104902270416e-12,0.0004949313397053743,47.8,35.2,12.8,4.15,71.0,14.6,38.1,0.5,2.4,3.7,7.0,2.6,2.0,29.0,17.0,3.9,3.7,2.6,1.8,20.0,14.2,17.8,4.1,12.6,26.9,4.4,69.8,39.4,30.4,0.8,13.5,1.0,12.5,14.3,11.3,1.4,0.9,0.7,1.7,E07000050,North Dorset,matched_reference,E07000050,North Dorset
E07000051,Purbeck,8.5929575,6.2883196,2,0.9986362470737361,1.2234053613839495e-12,0.00025859054433145876,0.9986362470737361,2.4160151541649814e-18,2.202188698462793e-11,0.0011051623586873188,45.0,35.9,14.1,5.01,69.2,16.1,35.7,0.5,2.3,3.4,6.0,2.8,2.3,30.8,20.1,2.8,3.5,2.9,1.5,21.6,14.3,16.8,5.0,12.1,25.7,4.5,69.5,42.4,27.1,0.8,12.5,2.3,10.2,15.3,12.2,1.5,0.9,0.8,1.8,E07000051,Purbeck,matched_reference,E07000051,Purbeck
E07000052,West Dorset,9.472307,6.0025196,2,0.9992478312224968,1.002090156741986e-15,9.417834461657988e-07,0.9992478312224968,2.856242765886193e-17,6.659077340999807e-11,0.0007512269274649342,44.4,35.9,14.7,4.99,67.6,15.5,32.9,0.6,2.7,4.3,7.0,2.3,2.3,32.4,21.2,3.4,3.4,2.9,1.5,20.1,12.6,16.5,4.4,11.8,30.8,3.9,69.4,44.1,25.4,0.8,13.9,0.8,13.0,13.7,12.2,0.5,0.8,0.2,2.1,E07000052,West Dorset,matched_reference,E07000052,West Dorset
E07000053,Weymouth and Portland,9.684746,3.4744446,2,0.9832159721107938,9.720695860191083e-13,2.9475663845646288e-06,0.9832159721107938,2.7963364830000462e-05,0.0026536128290458043,0.014099504127973572,42.3,36.7,15.0,5.94,67.1,17.1,34.4,0.3,1.8,2.3,4.7,3.9,2.5,32.9,18.2,3.1,3.7,4.9,3.0,22.5,14.9,17.4,5.2,13.1,22.5,4.4,66.8,36.5,30.3,0.6,13.6,4.5,9.1,17.8,16.3,0.1,1.1,0.2,1.2,E07000053,Weymouth and Portland,matched_reference,E07000053,Weymouth and Portland
E07000078,Cheltenham,5.165087,2.7176926,0,0.7807286378901188,0.7807286378901188,3.378477351644549e-07,1.3303239017852497e-05,0.19668041040620532,1.9347128979192374e-05,0.022557963487943634,49.9,34.3,11.8,3.99,72.9,13.4,41.9,0.3,1.6,2.7,4.9,3.3,4.7,27.1,12.7,6.3,3.5,3.0,1.6,16.6,11.4,14.4,3.1,13.8,36.2,4.6,64.6,32.1,32.4,0.7,12.2,8.0,4.2,21.5,20.1,0.1,1.0,0.2,1.1,E07000078,Cheltenham,matched_reference,E07000078,Cheltenham
E07000079,Cotswold,9.01785,6.3897276,2,0.9996001632065895,1.4286379260161193e-14,8.98441977114202e-06,0.9996001632065895,4.5844788089448003e-20,4.632980914687003e-12,0.0003908523689924946,48.8,35.1,12.3,3.81,71.9,14.5,36.5,0.6,3.2,4.6,7.7,2.5,2.4,28.1,16.2,4.4,3.9,2.1,1.4,18.5,12.8,15.8,3.2,11.9,33.7,4.1,65.7,37.8,27.9,1.2,14.9,1.7,13.1,15.2,13.2,0.8,0.8,0.4,3.0,E07000079,Cotswold,matched_reference,E07000079,Cotswold
E07000080,Forest of Dean,9.067175,4.960845,2,0.9765713876937021,6.524623558767676e-12,0.00010952373969340649,0.9765713876937021,2.596457612902451e-09,7.042735380691178e-07,0.023318381690084065,44.3,35.8,14.5,5.44,68.8,14.9,35.4,0.4,2.3,3.2,6.4,3.5,2.6,31.2,17.7,4.4,3.9,3.7,1.6,24.5,14.3,16.8,4.5,12.0,24.0,3.9,74.3,40.9,33.4,0.5,12.4,2.3,10.1,11.2,9.5,0.4,1.0,0.4,1.6,E07000080,Forest of Dean,matched_reference,E07000080,Forest of Dean
E07000081,Gloucester,6.186488,3.3778589,5,0.48856610783281773,0.14286245678680454,0.001996884904053055,0.004355193717564607,0.36163150429959356,0.0005878524591663824,0.48856610783281773,46.6,35.5,13.1,4.89,73.9,16.1,43.2,0.2,1.2,1.6,3.9,4.3,3.3,26.1,12.1,4.2,4.0,4.0,1.9,21.8,16.1,17.3,4.3,13.2,22.2,5.2,67.2,29.2,38.0,1.1,13.3,7.8,5.5,17.4,15.9,0.2,1.0,0.2,1.0,E07000081,Gloucester,matched_reference,E07000081,Gloucester
E07000082,Stroud,8.104922,5.654612,2,0.9591365943096001,1.9905284792401192e-09,0.017699349759410007,0.9591365943096001,4.1475335345033345e-12,9.958249741038853e-09,0.02316404397806415,47.7,35.2,12.8,4.3,73.2,15.7,38.9,0.5,2.3,4.0,6.4,2.8,2.5,26.8,15.6,3.6,3.5,2.8,1.3,18.2,12.9,15.6,4.7,12.2,32.9,3.6,73.2,38.1,35.2,0.6,12.8,10.1,2.7,12.1,11.1,0.2,0.7,0.1,1.3,E07000082,Stroud,matched_reference,E07000082,Stroud
E07000083,Tewkesbury,6.883185,5.856185,1,0.9057328407483128,3.369197195080874e-07,0.9057328407483128,0.08800753857070068,4.1716265732535104e-12,2.1857667485768278e-10,0.006259283538518848,47.6,35.6,12.5,4.28,72.8,15.1,41.7,0.4,2.1,3.0,5.3,2.8,2.4,27.2,16.9,3.0,3.6,2.4,1.4,18.8,13.7,16.7,4.4,12.2,30.2,4.1,73.6,38.1,35.5,0.9,11.9,2.1,9.9,12.4,10.3,0.7,0.8,0.5,1.2,E07000083,Tewkesbury,matched_reference,E07000083,Tewkesbury
E07000187,Mendip,9.475356,5.6279597,2,0.997736066810777,5.383743745085885e-15,2.4781323240614387e-06,0.997736066810777,2.8817106336162335e-14,1.6308809379434711e-09,0.002261453425984053,46.8,35.0,13.4,4.79,71.8,16.2,35.9,0.5,2.5,4.2,7.1,2.9,2.5,28.2,15.3,4.2,3.7,3.3,1.6,21.4,13.5,17.1,4.1,12.0,27.9,4.0,70.3,37.7,32.6,0.8,11.9,2.9,9.0,15.5,14.0,0.2,1.1,0.1,1.6,E07000187,Mendip,matched_reference,E07000187,Mendip
E07000188,Sedgemoor,8.95934,4.1488233,2,0.9168812270950765,3.960549458014401e-10,0.00021652374126561891,0.9168812270950765,1.0879741265382352e-05,0.0002286648312611727,0.08266270419507646,44.5,35.2,14.8,5.52,69.9,15.8,36.3,0.4,2.2,2.9,6.0,3.6,2.7,30.1,17.0,3.4,4.0,4.0,1.6,25.1,14.7,17.1,4.7,11.8,22.1,4.5,71.3,37.5,33.8,0.6,12.2,7.5,4.7,14.6,13.1,0.2,1.1,0.2,1.4,E07000188,Sedgemoor,matched_reference,E07000188,Sedgemoor
E07000189,South Somerset,8.8616295,5.383509,2,0.9859638606568235,8.428475411549289e-12,0.00025065946848452957,0.9859638606568235,1.50855068916717e-11,3.800905754908737e-08,0.013785441842120265,45.4,35.9,13.8,4.82,71.2,15.8,38.6,0.4,2.1,3.1,6.1,2.7,2.4,28.8,17.9,3.0,3.6,3.1,1.4,21.9,13.7,17.0,5.2,12.4,25.1,4.7,70.3,38.4,31.9,0.8,14.0,4.0,9.9,13.3,11.3,0.6,1.0,0.4,1.6,E07000189,South Somerset,matched_reference,E07000189,South Somerset
E07000190,Taunton Deane,7.782632,4.4641805,2,0.5082754322482729,3.5044916701897957e-06,0.044812677612553566,0.5082754322482729,5.564583654144488e-05,6.849386901213864e-05,0.4467842459419495,47.1,34.5,13.5,4.88,72.0,16.3,39.3,0.4,2.0,2.8,5.5,2.8,3.0,28.0,15.6,4.0,3.4,3.6,1.5,20.5,13.0,17.9,3.7,12.3,28.1,4.6,66.9,34.8,32.1,0.5,15.6,11.6,4.0,15.4,13.9,0.3,1.0,0.3,1.5,E07000190,Taunton Deane,matched_reference,E07000190,Taunton Deane
E07000191,West Somerset,10.050578,4.985673,2,0.9973992585057857,1.027991805447724e-16,1.4869342372677303e-07,0.9973992585057857,7.126103863480304e-11,6.091761578398554e-08,0.002600531811913629,40.6,36.4,16.6,6.44,64.7,14.6,29.3,0.6,3.0,4.5,8.3,2.8,1.8,35.3,23.1,3.0,3.4,4.2,1.6,24.8,13.6,16.7,4.0,10.7,24.8,5.3,66.7,45.0,21.7,0.5,14.6,1.2,13.5,16.1,14.0,0.4,1.2,0.4,2.1,E07000191,West Somerset,matched_reference,E07000191,West Somerset
W06000001,Isle of Anglesey,10.229853,4.2325954,2,0.9966137492957579,1.3806846269594582e-16,1.1687084365084426e-07,0.9966137492957579,1.084177336439218e-07,6.468778131708629e-06,0.003379556637533136,48.0,30.6,15.1,6.32,65.0,13.7,34.0,0.5,2.2,2.3,5.2,4.7,2.4,35.0,20.0,4.5,3.7,5.1,1.8,24.2,12.7,16.2,4.7,11.9,26.1,4.2,68.5,40.7,27.9,0.2,14.7,12.7,1.9,14.1,12.1,0.3,1.3,0.4,2.4,W06000001,Isle of Anglesey,matched_reference,W06000001,Isle of Anglesey
W06000002,Gwynedd,10.218552,4.3128247,2,0.996628457563583,1.2486987408589985e-16,1.1755604351461746e-07,0.996628457563583,5.818099174955042e-08,3.9944181913980986e-06,0.0033673722811904875,50.4,30.7,13.6,5.34,65.2,13.8,31.3,0.4,2.8,2.6,6.5,3.6,4.2,34.8,16.4,8.8,3.4,4.3,1.8,23.2,11.8,16.1,3.7,14.5,26.4,4.3,65.4,40.3,25.1,0.3,16.3,8.4,8.0,15.4,13.3,0.3,1.5,0.3,2.6,W06000002,Gwynedd,matched_reference,W06000002,Gwynedd
W06000003,Conwy,10.127537,4.2553115,2,0.9956122077616001,4.67877034635026e-16,2.264182860481047e-07,0.9956122077616001,1.205471461407923e-07,7.593335878867671e-06,0.004379851937088597,45.4,32.1,15.5,6.98,65.7,15.1,32.6,0.4,2.5,2.4,5.8,4.1,2.7,34.3,19.8,4.2,3.3,5.3,1.8,25.6,13.1,16.1,3.9,11.3,25.5,4.6,69.4,39.9,29.5,0.7,11.6,5.1,6.6,16.7,15.1,0.1,1.2,0.2,1.6,W06000003,Conwy,matched_reference,W06000003,Conwy
W06000004,Denbighshire,10.202357,4.206595,2,0.996325200794591,2.115388952714334e-16,1.4320470610436847e-07,0.996325200794591,1.4326307033043715e-07,8.295923584358577e-06,0.0036662168140478182,46.6,31.4,14.7,7.31,65.6,14.3,34.2,0.4,2.3,2.2,5.3,4.2,2.6,34.4,18.5,4.8,3.4,6.0,1.7,25.4,14.0,16.8,3.8,11.4,24.2,4.3,68.5,36.8,31.7,0.7,13.1,8.1,5.0,15.9,14.3,0.2,1.2,0.2,1.8,W06000004,Denbighshire,matched_reference,W06000004,Denbighshire
W06000005,Flintshire,7.801616,3.895539,5,0.6290625471603141,1.99638989212669e-05,0.011451331108698747,0.355405117841213,0.002042489074643595,0.0020185509162091897,0.6290625471603141,48.7,32.5,13.2,5.69,70.3,15.0,40.8,0.3,1.6,1.8,4.1,3.9,2.7,29.7,16.8,3.8,3.4,4.3,1.4,23.5,15.4,17.3,4.9,12.2,22.4,4.3,72.8,35.1,37.7,0.5,15.1,11.3,3.8,10.6,9.3,0.1,1.1,0.1,1.0,W06000005,Flintshire,matched_reference,W06000005,Flintshire
W06000006,Wrexham,8.507169,1.9870718,4,0.9642751711639087,5.374359598750108e-07,2.03047958214744e-07,0.033310119855299074,1.09838657143857e-06,0.9642751711639087,0.0024128701103028186,47.2,32.5,14.1,6.21,69.3,14.8,39.5,0.3,1.8,1.7,3.8,4.2,3.2,30.7,15.2,4.5,3.8,5.3,1.8,26.7,13.9,16.1,3.9,11.5,22.8,5.0,63.6,30.4,33.2,0.4,22.4,19.2,3.3,11.9,10.6,0.1,1.0,0.1,1.7,W06000006,Wrexham,matched_reference,W06000006,Wrexham
W06000023,Powys,10.134291,5.36817,2,0.9989045889131649,8.70962105964853e-18,3.421133945458415e-08,0.9989045889131649,2.3621477049955357e-13,2.5908283722460065e-09,0.0010953742844313677,44.8,34.2,14.9,6.13,69.6,14.5,32.5,0.5,3.2,3.5,10.1,3.0,2.1,30.4,18.0,3.7,3.2,4.1,1.5,24.8,12.6,16.4,3.8,11.5,26.3,4.5,68.7,43.9,24.8,0.3,14.0,9.2,4.8,14.8,12.9,0.4,1.3,0.3,2.2,W06000023,Powys,matched_reference,W06000023,Powys
W06000008,Ceredigion,5.2949347,1.9766501,0,0.9975521717147363,0.9975521717147363,2.9768645280267614e-10,2.1253873410479752e-06,0.0002055437485764187,0.00010448506550014456,0.0021356737861595028,47.1,32.1,14.4,6.34,61.1,11.5,26.4,0.4,2.8,3.1,8.1,2.6,6.2,38.9,16.6,13.6,2.8,4.4,1.4,19.8,10.5,15.0,3.2,19.2,27.9,4.3,67.6,43.8,23.8,0.3,10.1,3.2,6.9,19.9,17.9,0.2,1.3,0.5,2.1,W06000008,Ceredigion,matched_reference,W06000008,Ceredigion
W06000009,Pembrokeshire,10.243527,4.390937,2,0.9969678592213025,7.14638539775696e-17,9.168889578642542e-08,0.9969678592213025,2.7533182943285378e-08,2.222275230207335e-06,0.0030297992813884504,45.4,32.6,15.3,6.8,66.0,15.3,30.9,0.5,3.0,3.0,6.9,4.0,2.2,34.0,18.7,3.8,4.3,5.3,1.9,24.6,13.6,16.8,4.3,11.8,24.8,4.1,68.8,42.0,26.8,0.3,15.6,11.0,4.7,13.5,11.6,0.4,1.3,0.2,1.7,W06000009,Pembrokeshire,matched_reference,W06000009,Pembrokeshire
W06000010,Carmarthenshire,10.2967,4.2172804,2,0.9971481538458484,6.155777656786262e-17,7.558886910086106e-08,0.9971481538458484,1.0176321913540801e-07,5.807325338562987e-06,0.0028458614767252,45.0,30.3,16.3,8.44,64.9,13.9,33.7,0.4,2.2,2.2,6.2,3.7,2.5,35.1,18.1,4.5,3.8,6.8,1.9,26.8,13.1,16.4,4.3,11.2,23.9,4.4,71.5,41.4,30.0,0.2,14.8,11.2,3.6,11.8,10.4,0.1,1.1,0.2,1.7,W06000010,Carmarthenshire,matched_reference,W06000010,Carmarthenshire
W06000011,Swansea,8.626279,0.9531314,4,0.9979490083600021,4.229854506839216e-08,4.0734041481548225e-11,0.002046269310610846,4.3760560208917386e-13,0.9979490083600021,4.679989670250169e-06,48.7,29.3,14.0,8.09,63.0,14.2,33.7,0.3,1.5,1.6,3.1,3.9,4.6,37.0,15.6,8.7,3.7,6.9,2.1,23.9,12.3,15.3,4.3,13.9,25.8,4.4,64.0,33.4,30.6,0.3,19.2,12.7,6.5,14.7,13.2,0.1,1.2,0.2,1.7,W06000011,Swansea,matched_reference,W06000011,Swansea
W06000012,Neath Port Talbot,8.640576,0.504076,4,0.9991231641560726,2.2726553656768203e-08,9.57020427381438e-13,0.0008765036624508854,1.250001966180698e-16,0.9991231641560726,3.094539652702738e-07,45.0,28.4,16.2,10.46,62.3,13.9,35.9,0.3,1.2,1.3,2.9,4.5,2.2,37.7,17.3,4.3,4.3,9.6,2.3,30.9,14.4,16.0,5.1,11.0,18.8,3.9,68.7,36.4,32.3,0.2,19.1,12.4,6.7,10.2,8.9,0.1,1.1,0.1,1.8,W06000012,Neath Port Talbot,matched_reference,W06000012,Neath Port Talbot
W06000013,Bridgend,8.5990715,0.62372786,4,0.9990044653513671,3.7672550451090445e-08,2.5680702010094323e-12,0.0009948088493660964,1.2871531172329227e-15,0.9990044653513671,6.881241471635944e-07,46.1,29.9,15.1,8.9,64.6,14.2,37.0,0.3,1.5,1.5,3.3,4.6,2.3,35.4,16.7,4.1,3.9,7.7,3.0,28.3,14.0,16.0,4.2,10.8,22.6,4.1,72.4,35.0,37.4,0.2,13.8,4.0,9.9,12.3,10.8,0.1,1.2,0.2,1.3,W06000013,Bridgend,matched_reference,W06000013,Bridgend
W06000014,The Vale of Glamorgan,8.198024,3.7339334,2,0.5619164116193351,1.744123630755517e-06,0.0027462946011703204,0.5619164116193351,0.0012883859082507085,0.005800228276374913,0.4282469354712381,48.0,32.0,13.6,6.39,69.0,14.9,38.1,0.4,2.2,2.3,4.4,4.3,2.5,31.0,16.2,4.6,3.7,4.8,1.6,20.5,12.9,16.9,4.2,11.9,29.8,4.0,72.2,35.4,36.8,0.2,11.9,7.5,4.4,14.6,12.7,0.4,1.2,0.3,1.1,W06000014,The Vale of Glamorgan,matched_reference,W06000014,Vale of Glamorgan
W06000015,Cardiff,5.4258914,1.3162881,0,0.9994877565480419,0.9994877565480419,4.320752347547757e-13,5.724872098567847e-07,2.578528596171056e-08,0.0003470895357410344,0.0001645556432890847,50.4,31.1,12.1,6.43,67.1,12.5,37.3,0.3,1.5,1.8,3.5,4.4,5.9,32.9,10.4,10.9,4.0,5.2,2.4,20.7,11.0,13.0,2.8,15.2,32.3,5.0,59.1,26.5,32.6,0.4,17.1,9.5,7.6,21.9,20.3,0.1,1.2,0.3,1.4,W06000015,Cardiff,matched_reference,W06000015,Cardiff
W06000016,Rhondda Cynon Taf,8.654394,0.6464692,4,0.9988440654962373,2.3085232866765366e-08,3.1852430544141666e-12,0.0011552018350563728,1.8291899279894176e-15,0.9988440654962373,7.095802865384472e-07,44.9,29.7,15.9,9.6,63.2,13.4,35.6,0.2,1.4,1.3,3.5,4.7,3.1,36.8,16.0,5.8,4.1,8.6,2.3,31.8,14.1,15.6,3.5,11.4,19.6,4.0,71.0,36.5,34.5,0.2,13.7,6.9,6.9,13.7,12.4,0.0,1.1,0.1,1.5,W06000016,Rhondda Cynon Taf,matched_reference,W06000016,Rhondda Cynon Taf
W06000024,Merthyr Tydfil,8.578599,0.47635508,4,0.999257545434542,3.9397281629806675e-08,7.292562609526465e-13,0.0007421192575935318,7.902448384910106e-17,0.999257545434542,2.959098535032223e-07,44.1,28.8,15.9,11.17,64.2,13.6,36.6,0.3,1.4,1.2,3.0,5.7,2.5,35.8,15.4,4.8,3.9,9.5,2.3,34.3,14.3,15.1,3.7,10.1,17.8,4.9,65.3,34.1,31.2,0.2,21.1,9.8,11.3,11.6,10.3,0.1,1.0,0.2,1.9,W06000024,Merthyr Tydfil,matched_reference,W06000024,Merthyr Tydfil
W06000018,Caerphilly,8.72971,0.69937193,4,0.9985156640276511,1.2105657152967482e-08,5.093728158890835e-12,0.001483475365404832,4.4222830340871925e-15,0.9985156640276511,8.484961888041265e-07,44.4,30.4,15.9,9.32,64.9,13.2,38.3,0.3,1.4,1.3,3.1,5.1,2.2,35.1,16.1,4.5,4.3,8.2,2.1,31.4,14.9,16.2,3.9,11.2,18.7,3.7,69.3,32.5,36.8,0.3,18.7,14.0,4.7,10.7,9.6,0.0,1.0,0.1,0.9,W06000018,Caerphilly,matched_reference,W06000018,Caerphilly
W06000019,Blaenau Gwent,8.48973,0.54759705,4,0.9992915756144667,9.574486688490286e-08,1.2720786489012483e-12,0.0007077862240001819,3.5595414255156773e-16,0.9992915756144667,5.424153936361573e-07,41.9,30.6,16.8,10.69,62.0,13.1,35.0,0.3,1.1,1.0,2.6,6.9,2.1,38.0,16.8,4.3,4.5,9.6,2.7,36.0,15.8,15.5,3.5,9.8,15.2,4.2,62.1,32.9,29.1,0.1,23.9,11.1,12.9,12.8,11.4,0.1,1.0,0.3,1.0,W06000019,Blaenau Gwent,matched_reference,W06000019,Blaenau Gwent
W06000020,Torfaen,8.294921,0.90239644,4,0.998971911913244,7.997193757708035e-07,2.5290140503365534e-11,0.0010206712001554956,3.1945845075923745e-13,0.998971911913244,6.617141615261418e-06,43.3,32.5,15.5,8.68,66.3,14.4,38.7,0.3,1.3,1.2,3.1,4.8,2.6,33.7,16.8,4.0,4.4,6.7,1.8,28.9,15.0,16.3,4.3,11.2,20.3,4.0,66.2,31.6,34.6,0.5,23.6,10.0,13.7,8.6,7.5,0.0,0.9,0.2,1.0,W06000020,Torfaen,matched_reference,W06000020,Torfaen
W06000021,Monmouthshire,8.50044,5.21966,2,0.9569094950952317,5.120201214229439e-10,0.002607487648930131,0.9569094950952317,7.12549800377957e-10,2.300876261057944e-07,0.040482785943641936,46.4,33.7,14.0,5.93,68.5,14.1,36.7,0.4,2.5,3.0,6.1,3.4,2.3,31.5,17.6,4.3,3.7,4.0,1.9,20.7,12.6,15.4,3.9,10.8,33.1,3.6,73.6,39.9,33.7,0.4,13.8,4.2,9.7,10.8,9.5,0.2,0.9,0.2,1.4,W06000021,Monmouthshire,matched_reference,W06000021,Monmouthshire
W06000022,Newport,7.889303,1.3620098,4,0.9978524015226037,4.519223922371589e-05,1.4903659598728486e-09,0.0018758623042778662,1.3274859662190374e-09,0.9978524015226037,0.00022654111604279297,45.7,32.8,14.1,7.36,67.5,14.8,37.3,0.3,1.5,1.5,3.2,5.3,3.6,32.5,14.6,5.3,4.4,5.7,2.3,27.0,14.1,15.3,4.0,11.3,23.4,4.8,64.2,29.8,34.4,0.5,19.8,9.8,10.0,14.0,12.9,0.1,0.8,0.2,1.4,W06000022,Newport,matched_reference,W06000022,Newport
