year,area_code,area_name,pc1,pc2,bgmm_cluster,bgmm_confidence,cluster_prob_0,cluster_prob_1,cluster_prob_2,cluster_prob_3,cluster_prob_4,cluster_prob_5,pct_very_good,pct_good,pct_fair,pct_bad_or_very_bad,pct_unemployed_of_total,pct_retired,pct_student_inactive,pct_looking_after_home_family,pct_long_term_sick_disabled,pct_other_inactive,area_code_map,area_name_map,tableau_lad_match_status,LAD_Code,LAD_Name
2011,E06000001,Hartlepool UA,3.630583129047444,2.4334703914505798,3,0.8693738349121285,8.603911837674164e-06,7.469451353871721e-17,2.241751010846642e-07,0.8693738349121285,0.1306048800937404,1.2456907192075526e-05,43.27,32.73,15.87,8.14,7.77,15.9,4.55,4.89,7.08,2.44,E06000001,Hartlepool,matched_reference,E06000001,Hartlepool
2011,E06000002,Middlesbrough UA,2.5823460884012315,3.5826843715577854,4,0.8195197943006851,1.3789217979594323e-05,2.139603218029195e-17,2.360831748978105e-11,0.18046424313520287,0.8195197943006851,2.173322524403679e-06,45.41,32.72,14.25,7.62,7.59,13.85,7.41,5.54,6.8,3.17,E06000002,Middlesbrough,matched_reference,E06000002,Middlesbrough
2011,E06000003,Redcar and Cleveland UA,3.249624557136288,0.9177122917763213,3,0.9619726656561184,2.7649446044876452e-05,8.901514528228467e-11,0.0017575959245316962,0.9619726656561184,0.03427472877072275,0.001967360113566904,42.38,33.91,15.87,7.84,6.59,19.37,4.18,4.4,5.92,2.09,E06000003,Redcar and Cleveland,matched_reference,E06000003,Redcar and Cleveland
2011,E06000004,Stockton-on-Tees UA,1.1188582550167119,1.2413249167312062,3,0.6248303257353417,0.00026707409940924647,6.34182126715839e-06,0.0008053956427185054,0.6248303257353417,0.21948338854811045,0.15460747415315318,46.35,33.55,13.77,6.33,5.74,14.76,5.17,4.2,4.88,2.54,E06000004,Stockton-on-Tees,matched_reference,E06000004,Stockton-on-Tees
2011,E06000005,Darlington UA,1.398476678449202,-0.11629248611804659,3,0.6529417483552573,0.00018277853834722948,0.000390811115794706,0.1558516386782406,0.6529417483552573,0.022583447454757134,0.1680495758576031,44.57,35.24,14.32,5.88,5.22,15.94,3.58,4.02,4.88,1.85,E06000005,Darlington,matched_reference,E06000005,Darlington
2011,E06000006,Halton UA,2.058355497284586,1.6301202134300603,3,0.8162279234200225,9.039965073050262e-05,2.8552934251048532e-09,7.380237666777261e-05,0.8162279234200225,0.17265479838780168,0.010953073309484375,46.67,31.57,13.92,7.85,5.56,14.38,4.16,4.21,6.96,1.89,E06000006,Halton,matched_reference,E06000006,Halton
2011,E06000007,Warrington UA,-0.6568293703660376,0.046992307027655195,5,0.6255229020728174,0.00031785007470302046,0.19153018143322323,0.04820089826429457,0.08976274774494933,0.04466542041001226,0.6255229020728174,49.81,32.75,12.09,5.35,3.99,14.85,3.64,3.29,4.06,2.06,E06000007,Warrington,matched_reference,E06000007,Warrington
2011,E06000008,Blackburn with Darwen UA,2.330259237367736,3.145378225230738,4,0.7233606231394292,2.8750951545141727e-05,7.666577696863725e-15,1.2815725684679499e-09,0.2765728709767168,0.7233606231394292,3.775365072837216e-05,45.42,33.23,14.05,7.3,5.34,12.69,5.81,6.76,7.07,3.48,E06000008,Blackburn with Darwen,matched_reference,E06000008,Blackburn with Darwen
2011,E06000009,Blackpool UA,4.846887489976254,1.0347733637983876,3,0.9658281472886554,5.895768666048677e-06,4.976694303669669e-16,0.0006552621981653598,0.9658281472886554,0.033491057085636225,1.9637658876442834e-05,39.84,33.8,16.88,9.48,6.1,16.19,3.67,3.8,7.93,2.39,E06000009,Blackpool,matched_reference,E06000009,Blackpool
2011,E06000010,"Kingston upon Hull, City of UA",2.7551198481279098,2.5984937779673247,3,0.6757465236687539,2.719409522399809e-05,2.48666726504473e-14,1.030231767052906e-07,0.6757465236687539,0.3241137261777618,0.00011245303505895082,43.12,34.93,14.86,7.09,8.02,12.08,6.95,4.97,6.05,2.73,E06000010,"Kingston upon Hull, City of",matched_reference,E06000010,"Kingston upon Hull, City of"
2011,E06000011,East Riding of Yorkshire UA,0.44486646466860474,-1.5203303579748626,2,0.7869405082120828,8.745324411525479e-05,0.08877611746976949,0.7869405082120828,0.09864498062291187,0.0014668608160252144,0.024084079635095193,45.19,34.97,14.46,5.39,3.58,19.46,3.73,3.2,3.14,1.72,E06000011,East Riding of Yorkshire,matched_reference,E06000011,East Riding of Yorkshire
2011,E06000012,North East Lincolnshire UA,1.8690409484629094,0.8950179162141969,3,0.8701561820925919,0.00012422560828136072,5.187608681094675e-07,0.00338791188515275,0.8701561820925919,0.0736280892028429,0.052703072450262935,44.01,35.04,14.9,6.05,6.46,15.56,4.17,4.87,4.85,2.16,E06000012,North East Lincolnshire,matched_reference,E06000012,North East Lincolnshire
2011,E06000013,North Lincolnshire UA,1.372322753168266,-0.4286829940220932,3,0.5285603483333431,0.00016387716321985494,0.0011161655003420496,0.32291958222695777,0.5285603483333431,0.013280312562712393,0.1339597142134248,43.74,35.76,14.73,5.77,4.8,16.59,3.74,4.44,4.21,1.81,E06000013,North Lincolnshire,matched_reference,E06000013,North Lincolnshire
2011,E06000014,York UA,-1.956222570520644,-0.6351127625757802,1,0.9018844198859262,6.604455639007132e-05,0.9018844198859262,0.04050177790790004,0.004667807059276119,0.005265689852622267,0.0476142607378852,49.69,34.19,11.99,4.13,3.06,13.81,9.6,2.74,2.46,1.32,E06000014,York,matched_reference,E06000014,York
2011,E06000015,Derby UA,1.1539161049145863,1.0145253460739485,3,0.6646076980521303,0.0002538984343258377,1.4683925704181693e-05,0.0023928575463099196,0.6646076980521303,0.1485887508407306,0.18414211120079907,44.96,35.0,14.15,5.89,5.19,12.79,6.27,4.79,4.78,2.38,E06000015,Derby,matched_reference,E06000015,Derby
2011,E06000016,Leicester UA,1.1711954716369077,3.287366051772653,4,0.9711527724361918,3.828155604327355e-05,5.786901781305848e-12,1.5238203717389076e-10,0.028658511310341698,0.9711527724361918,0.00015043453925459802,44.9,35.64,13.42,6.03,6.18,9.26,11.4,6.21,5.12,3.44,E06000016,Leicester,matched_reference,E06000016,Leicester
2011,E06000017,Rutland UA,-2.1622230004865926,-0.7430712544882901,1,0.9242325607801332,5.3832274710424766e-05,0.9242325607801332,0.03951082030120325,0.0031049344379264275,0.004058547890795849,0.029039304315230725,50.38,34.03,12.13,3.45,2.38,16.93,5.8,3.25,1.71,2.98,E06000017,Rutland,matched_reference,E06000017,Rutland
2011,E06000018,Nottingham UA,0.9463429051802906,3.7332789040107577,4,0.9950822416548611,1.7381247649055517e-05,4.8702988917443e-13,1.1686839033858294e-12,0.004884093446939747,0.9950822416548611,1.6283648894635517e-05,46.14,33.8,13.6,6.45,6.37,9.11,16.26,4.68,5.67,2.95,E06000018,Nottingham,matched_reference,E06000018,Nottingham
2011,E06000019,"Herefordshire, County of UA",0.17524888514737252,-1.38986302355616,2,0.7232246024901594,0.0001016506284749801,0.14078321525801793,0.7232246024901594,0.09701248602963103,0.0019437950589820995,0.036934250534734356,45.71,35.15,13.91,5.23,3.26,16.6,3.63,3.47,3.45,1.57,E06000019,"Herefordshire, County of",matched_reference,E06000019,"Herefordshire, County of"
2011,E06000020,Telford and Wrekin UA,0.970226951579449,0.7428146458042719,3,0.5963467010310676,0.00027879370447724493,0.00011038595756631657,0.007900979642679157,0.5963467010310676,0.10548626984319671,0.2898768698210131,45.87,34.32,13.57,6.24,4.75,13.74,5.08,4.84,4.91,1.96,E06000020,Telford and Wrekin,matched_reference,E06000020,Telford and Wrekin
2011,E06000021,Stoke-on-Trent UA,3.36773962599055,1.3952804016475853,3,0.9493275472581362,1.889569377041108e-05,1.5317407979802046e-12,0.00014690097660472894,0.9493275472581362,0.04996814103287967,0.0005385150370769122,41.97,34.66,15.33,8.04,5.31,14.28,5.61,4.68,7.23,2.69,E06000021,Stoke-on-Trent,matched_reference,E06000021,Stoke-on-Trent
2011,E06000022,Bath and North East Somerset UA,-2.0690451643228385,-0.19146822711802974,1,0.8847751982763535,7.744081998113447e-05,0.8847751982763535,0.011259812114579517,0.003077011254800585,0.012541699533508652,0.08826883800077645,50.5,33.43,11.85,4.22,2.72,13.71,10.12,3.29,2.77,1.37,E06000022,Bath and North East Somerset,matched_reference,E06000022,Bath and North East Somerset
2011,E06000023,"Bristol, City of UA",-0.5588781355027547,1.3677048599635515,5,0.5067949914490406,0.00040934868339813433,0.004255714120638684,0.0001604939919552744,0.05023413717904449,0.43814531457592243,0.5067949914490406,48.81,33.46,12.25,5.48,4.3,9.81,9.0,3.91,4.35,2.3,E06000023,"Bristol, City of",matched_reference,E06000023,"Bristol, City of"
2011,E06000024,North Somerset UA,0.1300699786189424,-1.4581886049541888,2,0.7239308480685224,9.536113973002585e-05,0.1569933535722707,0.7239308480685224,0.08695087919692408,0.0016710960102654844,0.030358462012287382,46.31,34.77,13.66,5.26,2.99,17.45,3.16,3.5,3.86,1.44,E06000024,North Somerset,matched_reference,E06000024,North Somerset
2011,E06000025,South Gloucestershire UA,-1.6179639009595903,-1.3536320587508808,1,0.766549783679273,6.0403803204508144e-05,0.766549783679273,0.20675362643260436,0.010520258231696835,0.0015516845908761135,0.014564243262345395,49.15,34.89,11.77,4.19,2.78,14.23,4.1,3.24,2.53,1.5,E06000025,South Gloucestershire,matched_reference,E06000025,South Gloucestershire
2011,E06000026,Plymouth UA,0.9221087315226919,0.7427483997129952,3,0.5749587094769284,0.00028739353881586654,0.00013756148694992062,0.007877327560605793,0.5749587094769284,0.10797605523354346,0.30876295270315657,46.02,33.53,13.95,6.51,4.24,14.09,8.37,3.9,5.24,1.79,E06000026,Plymouth,matched_reference,E06000026,Plymouth
2011,E06000027,Torbay UA,3.047322612999456,-0.5377246798983192,3,0.6412537391910806,6.2740568961112e-05,1.084886275439984e-06,0.3379904387620353,0.6412537391910806,0.0102135254181554,0.010478471173492453,41.7,34.44,16.31,7.55,4.55,19.59,3.23,3.86,5.8,1.79,E06000027,Torbay,matched_reference,E06000027,Torbay
2011,E06000030,Swindon UA,-0.7851412604352658,-0.2859544583106188,5,0.4050424563758551,0.00025470042698021704,0.3917414735625323,0.10814962553707355,0.07214549661591209,0.022666247481646556,0.4050424563758551,48.26,35.18,11.98,4.58,4.23,11.6,3.18,4.09,3.42,1.76,E06000030,Swindon,matched_reference,E06000030,Swindon
2011,E06000031,Peterborough UA,0.8481776537406903,0.5118130810729213,3,0.5419422153309176,0.00028591990646142836,0.00044822123460856267,0.019589670989425784,0.5419422153309176,0.07574911169180595,0.36198486084678083,44.26,37.3,13.27,5.17,5.06,11.58,3.86,5.49,4.14,2.64,E06000031,Peterborough,matched_reference,E06000031,Peterborough
2011,E06000032,Luton UA,0.0917454478500955,2.4012368980561267,4,0.9449713291418922,0.00017354246623777622,1.5355145877715996e-06,1.853128622219863e-07,0.02863301561089704,0.9449713291418922,0.02622039195352292,46.56,36.07,12.44,4.93,5.74,9.87,7.37,6.65,3.78,3.26,E06000032,Luton,matched_reference,E06000032,Luton
2011,E06000033,Southend-on-Sea UA,1.0002267563551275,0.40959692834489153,3,0.6032276235577401,0.00025772329637572654,0.0003385076331780391,0.029117538894293228,0.6032276235577401,0.06029126406763493,0.3067673425507782,45.11,35.09,14.06,5.74,4.97,14.12,3.81,5.04,4.25,2.12,E06000033,Southend-on-Sea,matched_reference,E06000033,Southend-on-Sea
2011,E06000034,Thurrock UA,-0.3872122713611285,0.8433116562486284,5,0.7097860042633375,0.0003892414236318289,0.013307853953591634,0.002607992620643795,0.09997879739361618,0.1739301103451789,0.7097860042633375,48.2,34.74,12.29,4.77,5.42,11.72,3.49,5.17,3.54,2.06,E06000034,Thurrock,matched_reference,E06000034,Thurrock
2011,E06000035,Medway UA,0.25637101752114183,0.4294700775848848,5,0.5969197816633008,0.0003441552215902505,0.00563418499352704,0.022141859873365807,0.29725827997509713,0.07770173827311891,0.5969197816633008,45.72,36.25,13.0,5.03,4.88,12.74,5.11,5.2,3.78,2.12,E06000035,Medway,matched_reference,E06000035,Medway
2011,E06000036,Bracknell Forest UA,-2.8926688422901523,-0.3552289117443628,1,0.9675245194639323,3.576857770500685e-05,0.9675245194639323,0.005450363013177922,0.00043757161396574146,0.007416404599668045,0.019135372731551147,52.4,34.29,10.06,3.25,3.38,10.22,3.62,4.15,2.13,1.51,E06000036,Bracknell Forest,matched_reference,E06000036,Bracknell Forest
2011,E06000037,West Berkshire UA,-2.64294331598958,-0.8214581644679517,1,0.9527801773620365,4.117385821444536e-05,0.9527801773620365,0.028756806529510747,0.0012677091348390669,0.003624944865403573,0.013529188249995742,51.64,34.5,10.7,3.16,2.93,12.58,3.39,4.26,2.16,1.4,E06000037,West Berkshire,matched_reference,E06000037,West Berkshire
2011,E06000038,Reading UA,-1.9725557163221963,1.0383130984200577,5,0.37491560783928324,0.00023981461328203264,0.3627331353254462,0.00017201128264705002,0.002699531100193115,0.2592398998391487,0.37491560783928324,50.21,35.27,10.77,3.75,4.56,8.56,7.96,4.57,2.76,2.24,E06000038,Reading,matched_reference,E06000038,Reading
2011,E06000039,Slough UA,-0.5999673643146781,2.2381628140646623,4,0.9295642895070061,0.000196131169765871,7.645798940332399e-05,3.2554124407235107e-07,0.008676848343286876,0.9295642895070061,0.061485947449293685,47.9,35.99,11.62,4.49,5.42,7.48,5.79,6.53,3.37,3.35,E06000039,Slough,matched_reference,E06000039,Slough
2011,E06000040,Windsor and Maidenhead UA,-3.3602042108905095,0.35895073322950016,1,0.9524707775902173,2.9719873333068662e-05,0.9524707775902173,0.00019975588133220283,5.4625148326899204e-05,0.02730329208354693,0.01994182942324363,54.51,32.22,9.85,3.43,3.16,12.82,4.41,4.81,1.76,1.71,E06000040,Windsor and Maidenhead,matched_reference,E06000040,Windsor and Maidenhead
2011,E06000041,Wokingham UA,-3.7470008357443976,-0.6882527686390488,1,0.977941450268522,3.4265871250036686e-05,0.977941450268522,0.008969349488695667,0.00015109777380565862,0.008356434650090006,0.004547401947636881,54.26,33.56,9.44,2.75,2.63,13.34,3.96,4.27,1.55,1.25,E06000041,Wokingham,matched_reference,E06000041,Wokingham
2011,E06000042,Milton Keynes UA,-1.500512263440758,0.5785830194879618,5,0.5201267399988314,0.0002616309533101216,0.3576813180574201,0.002603036072162499,0.012449050470322862,0.10687822444795272,0.5201267399988314,50.17,34.88,10.82,4.13,4.76,10.28,3.94,4.6,3.2,2.05,E06000042,Milton Keynes,matched_reference,E06000042,Milton Keynes
2011,E06000043,Brighton and Hove UA,-1.0365749805100106,0.8209996927943095,5,0.7016821619346895,0.0003542190427328678,0.08692188996593675,0.0016114268478875679,0.03027253726854713,0.1791577649402059,0.7016821619346895,49.26,33.64,11.81,5.28,3.71,9.31,9.76,3.44,4.18,1.75,E06000043,Brighton and Hove,matched_reference,E06000043,Brighton and Hove
2011,E06000044,Portsmouth UA,-0.672184973407884,0.9699642858633819,5,0.6959318051804102,0.00038935157430762665,0.021772458523987473,0.0011329759977369176,0.055504003649022464,0.22526940507453547,0.6959318051804102,47.69,34.84,12.42,5.05,4.25,10.66,10.66,4.1,3.78,1.95,E06000044,Portsmouth,matched_reference,E06000044,Portsmouth
2011,E06000045,Southampton UA,-0.6122862586168237,1.1813078368636434,5,0.6115113838085652,0.00040558402412723137,0.009557378937192816,0.00041834803305134825,0.05348474989089256,0.32462255530617073,0.6115113838085652,47.56,34.99,12.36,5.1,4.23,9.86,11.57,4.13,4.07,2.0,E06000045,Southampton,matched_reference,E06000045,Southampton
2011,E06000046,Isle of Wight UA,2.621136475403716,-0.771948938215926,2,0.505427887492834,7.16691385422152e-05,1.8724072489570254e-05,0.505427887492834,0.4712374358905461,0.00666689665821647,0.01657738674737141,40.81,36.53,16.18,6.48,4.4,20.53,3.67,3.94,4.52,2.96,E06000046,Isle of Wight,matched_reference,E06000046,Isle of Wight
2011,E06000047,County Durham UA,3.062685446909071,0.4806205792918968,3,0.9551074454175391,4.243477923474684e-05,4.503945083915034e-09,0.013196267898586203,0.9551074454175391,0.025582887650971324,0.006070959749723169,42.35,33.43,16.06,8.16,4.43,17.05,6.21,3.7,6.48,2.17,E06000047,County Durham,matched_reference,E06000047,County Durham
2011,E06000049,Cheshire East UA,-0.9125369772808622,-0.8390234092083664,1,0.5941500903681433,0.00013917090804209612,0.5941500903681433,0.24173588822242936,0.04321552203839237,0.0058735679210168805,0.11488576054197623,49.06,33.25,12.78,4.91,3.23,17.14,4.19,3.54,3.07,1.47,E06000049,Cheshire East,matched_reference,E06000049,Cheshire East
2011,E06000050,Cheshire West and Chester UA,-0.30365203958690146,-0.4111095605119034,5,0.4071489064226584,0.0002803607961954381,0.1942265147033064,0.22436649052900537,0.15450246283019983,0.019475264718634318,0.4071489064226584,48.47,33.06,12.93,5.54,3.68,16.41,4.42,3.55,3.94,1.46,E06000050,Cheshire West and Chester,matched_reference,E06000050,Cheshire West and Chester
2011,E06000051,Shropshire UA,-0.16740756354918018,-1.341716071203227,2,0.628645621315442,0.00010640873981827823,0.24979643898751985,0.628645621315442,0.0771196435286839,0.0021391486710152898,0.04219273875752079,46.49,34.92,13.55,5.04,3.28,16.9,3.91,3.36,3.23,1.58,E06000051,Shropshire,matched_reference,E06000051,Shropshire
2011,E06000052,Cornwall UA,1.074239692417209,-0.7233469176057461,2,0.5174306422794759,0.00015363049442060884,0.006402766053814914,0.5174306422794759,0.35143268530852073,0.007838843017567031,0.11674143284620078,45.23,33.59,14.88,6.3,3.26,18.93,4.3,3.99,4.37,1.68,E06000052,Cornwall,matched_reference,E06000052,Cornwall
2011,E06000053,Isles of Scilly UA,-3.1769555562200438,-2.92807383813736,2,0.8361917124733464,0.0001688130269489944,0.14765961243753,0.8361917124733464,0.01465141858610802,0.001272798103568676,5.564537249871177e-05,51.52,34.23,11.26,3.0,1.11,12.89,0.8,1.6,0.86,1.79,E06000053,Isles of Scilly,matched_reference,E06000053,Isles of Scilly
2011,E06000054,Wiltshire UA,-1.5510954406890303,-0.9554198706210049,1,0.8161299883275528,7.664193052012397e-05,0.8161299883275528,0.1272728401763464,0.011665993872520552,0.0032984286790819334,0.04155610701397793,49.75,34.05,12.15,4.05,2.94,14.69,3.27,3.99,2.68,1.51,E06000054,Wiltshire,matched_reference,E06000054,Wiltshire
2011,E06000055,Bedford UA,-0.43274003860581683,0.061748877622894445,5,0.6567236948820285,0.0003345356659804888,0.11256696348945346,0.05532751926298942,0.12878396754909024,0.046263319150457796,0.6567236948820285,46.9,35.98,12.58,4.54,4.45,12.76,5.48,4.32,3.3,2.26,E06000055,Bedford,matched_reference,E06000055,Bedford
2011,E06000056,Central Bedfordshire UA,-1.720279897928206,-1.0146657424807595,1,0.844650262588407,6.581510068162362e-05,0.844650262588407,0.1146810269025322,0.008407592002447286,0.002778809101999627,0.02941649430393209,49.15,35.52,11.48,3.85,3.45,13.45,4.16,3.94,2.36,1.34,E06000056,Central Bedfordshire,matched_reference,E06000056,Central Bedfordshire
2011,E06000057,Northumberland,1.635607749419139,-0.7122820473227438,2,0.498828458036205,0.00011860878773538517,0.000845232143554305,0.498828458036205,0.4268606451775052,0.007309282012212492,0.06603777384278749,43.98,34.32,15.37,6.33,4.43,18.82,3.48,3.59,4.43,1.83,E06000057,Northumberland,not_in_tableau_reference,E06000057,Northumberland
2011,E06000058,"Bournemouth, Christchurch and Poole",0.24902957119303099,-0.5782708432761279,2,0.3930804338854429,0.00023846077590711478,0.06374845500600244,0.3930804338854429,0.2530487671843094,0.013034632797365865,0.27684925035097224,45.88,34.8,13.83,5.49,3.5,15.0,5.85,3.75,3.87,1.69,E06000058,"Bournemouth, Christchurch and Poole",not_in_tableau_reference,E06000058,"Bournemouth, Christchurch and Poole"
2011,E06000059,Dorset,0.23072487657142815,-2.006194573058763,2,0.7673944133300452,6.677829580258325e-05,0.1695776488536692,0.7673944133300452,0.05630846652472468,0.000614658276459253,0.006038034719299038,44.95,35.89,14.24,4.92,2.68,19.93,3.17,3.6,3.08,1.77,E06000059,Dorset,not_in_tableau_reference,E06000059,Dorset
2011,E06000060,Buckinghamshire,-2.642676487197166,-0.15738584119861812,1,0.9479035651248554,4.4943704491384716e-05,0.9479035651248554,0.004035528679009008,0.0006616016127686154,0.010675058448944962,0.03667930242993062,52.03,33.82,10.68,3.47,2.99,13.29,4.49,4.74,2.02,1.81,E06000060,Buckinghamshire,not_in_tableau_reference,E06000060,Buckinghamshire
2011,E06000061,North Northamptonshire,0.16673331457208465,-0.8238587165591688,2,0.5293151543443714,0.0001909864841763236,0.10396844362304489,0.5293151543443714,0.18826017001458437,0.007509824954481315,0.17075542057934193,45.68,36.17,13.23,4.92,4.18,14.26,3.45,4.01,3.71,1.68,E06000061,North Northamptonshire,not_in_tableau_reference,E06000061,North Northamptonshire
2011,E06000062,West Northamptonshire,-0.9585118832908667,-0.7080952894822528,1,0.6063998367365723,0.00015389286708170443,0.6063998367365723,0.191890282814338,0.04279990071188149,0.007852340939541277,0.1509037459305855,47.8,35.85,12.08,4.27,3.79,12.85,4.25,3.71,3.03,1.91,E06000062,West Northamptonshire,not_in_tableau_reference,E06000062,West Northamptonshire
2011,E07000008,Cambridge,-4.183411295698693,2.2663294405278966,4,0.8241669500366752,1.3206036266957547e-05,0.17412865522693155,4.129302163224024e-10,6.40214757510001e-08,0.8241669500366752,0.0016911242657206165,54.69,31.97,9.7,3.64,2.69,7.12,21.84,3.0,2.48,1.57,E07000008,Cambridge,matched_reference,E07000008,Cambridge
2011,E07000009,East Cambridgeshire,-1.5125521752081943,-1.2828796890277367,1,0.7583158899381979,6.534324732816713e-05,0.7583158899381979,0.20803894922890045,0.012375603585411938,0.0017800227954180795,0.019424191204743493,48.77,35.18,12.09,3.97,2.88,13.55,2.94,4.17,2.37,1.35,E07000009,East Cambridgeshire,matched_reference,E07000009,East Cambridgeshire
2011,E07000010,Fenland,2.7058567954725734,-1.428046058461491,2,0.8113045086497411,4.959444403846135e-05,0.00010007909552579368,0.8113045086497411,0.18130412758332515,0.0022849197804420142,0.004956770446927397,39.45,37.83,16.54,6.18,4.23,17.14,3.1,4.27,4.48,1.96,E07000010,Fenland,matched_reference,E07000010,Fenland
2011,E07000011,Huntingdonshire,-1.5086527571865551,-1.1423188820272294,1,0.782386996956873,7.051721974752786e-05,0.782386996956873,0.17489034776335,0.012517984338291046,0.00231717513157603,0.027816978590162536,48.77,35.67,11.61,3.94,3.16,14.1,3.19,3.79,2.48,1.86,E07000011,Huntingdonshire,matched_reference,E07000011,Huntingdonshire
2011,E07000012,South Cambridgeshire,-3.005423892576431,-1.137970416639141,1,0.9361723567933071,4.3883916890301415e-05,0.9361723567933071,0.05407452947011832,0.0010996917600118983,0.00309712786204506,0.0055124101976270976,52.46,33.71,10.62,3.21,2.32,13.03,3.99,3.6,1.98,1.25,E07000012,South Cambridgeshire,matched_reference,E07000012,South Cambridgeshire
2011,E07000026,Allerdale,1.2754529527339882,-1.370858919009738,2,0.8038035522358655,7.954758057370484e-05,0.009699912571863754,0.8038035522358655,0.16144753018471447,0.0019347197895386236,0.02303473763744409,44.48,34.53,14.74,6.25,3.6,18.91,3.0,3.2,4.53,1.46,E07000026,Allerdale,matched_reference,E07000026,Allerdale
2011,E07000027,Barrow-in-Furness,3.355307840776232,0.09774000014825107,3,0.9216745986533742,4.2481255446787355e-05,8.000523524011983e-09,0.05436318148620451,0.9216745986533742,0.018991713693470472,0.00492801691098035,42.75,33.1,15.77,8.37,4.63,17.94,3.16,3.55,7.28,1.75,E07000027,Barrow-in-Furness,matched_reference,E07000027,Barrow-in-Furness
2011,E07000028,Carlisle,0.8411699337515964,-1.2020774981640687,2,0.748888056258734,0.00010602779274208548,0.026077732434368634,0.748888056258734,0.17453639019135853,0.0028112114520631747,0.04758058187073362,45.19,34.87,13.98,5.96,3.58,15.5,3.49,2.91,4.67,1.49,E07000028,Carlisle,matched_reference,E07000028,Carlisle
2011,E07000029,Copeland,1.9469406392341078,-0.14853827060792826,3,0.7495393960749852,0.00012589581631900057,3.9118062216659796e-05,0.15745487493634844,0.7495393960749852,0.018118321709390615,0.07472239340074015,44.37,33.91,14.89,6.83,4.24,18.32,3.03,3.65,5.45,2.5,E07000029,Copeland,matched_reference,E07000029,Copeland
2011,E07000030,Eden,-0.5413752345279165,-2.8740369573993534,2,0.5698319763981191,7.522621910355853e-05,0.39701304564453344,0.5698319763981191,0.032466256890931224,0.00025430038897036346,0.0003591944583425672,46.06,35.78,13.69,4.47,2.12,17.61,2.76,2.38,2.75,1.14,E07000030,Eden,matched_reference,E07000030,Eden
2011,E07000031,South Lakeland,-0.676055474858364,-2.8532131363643836,2,0.5625978065824457,7.408264208125776e-05,0.40619851429226556,0.5625978065824457,0.030514101326914737,0.0002574844990487452,0.00035801065724420326,46.75,35.1,13.62,4.53,2.01,20.38,3.04,2.33,2.59,1.24,E07000031,South Lakeland,matched_reference,E07000031,South Lakeland
2011,E07000032,Amber Valley,1.2253434358725486,-1.1125185509763977,2,0.7198950673637272,0.00010057550687435743,0.007579757687861155,0.7198950673637272,0.22460079345872183,0.0032863156540043938,0.04453749032881123,44.01,34.99,14.99,6.01,3.87,17.35,3.43,3.77,4.06,1.5,E07000032,Amber Valley,matched_reference,E07000032,Amber Valley
2011,E07000033,Bolsover,3.8359298245466924,0.18624540734912454,3,0.9412544807880471,2.864072966889193e-05,2.736703387760806e-10,0.036226256274843605,0.9412544807880471,0.02094006820204188,0.00155055373172797,40.77,33.51,17.09,8.63,4.67,16.91,3.51,4.35,6.48,1.82,E07000033,Bolsover,matched_reference,E07000033,Bolsover
2011,E07000034,Chesterfield,3.0552803923528273,-0.2625869172989914,3,0.7970284541834738,6.099815549468013e-05,2.9001003202889843e-07,0.1779885761292378,0.7970284541834738,0.013991951986814308,0.01092972953494703,41.69,34.32,16.36,7.62,4.66,16.87,3.64,3.82,5.96,1.77,E07000034,Chesterfield,matched_reference,E07000034,Chesterfield
2011,E07000035,Derbyshire Dales,-0.6075881804777596,-1.8896778205160552,2,0.5601118883201586,6.406870670569335e-05,0.40021295666432466,0.5601118883201586,0.03219881269811367,0.0006691284916462519,0.006743145119050922,47.09,34.71,13.66,4.54,2.68,19.05,3.27,3.04,2.54,1.79,E07000035,Derbyshire Dales,matched_reference,E07000035,Derbyshire Dales
2011,E07000036,Erewash,1.1468201287005628,-0.8456857695636378,2,0.5903242734390267,0.00013317156706297957,0.006274410897419552,0.5903242734390267,0.3114832458420289,0.00592628557505232,0.0858586126794098,44.03,35.39,14.96,5.62,4.53,15.61,3.6,3.76,4.0,1.56,E07000036,Erewash,matched_reference,E07000036,Erewash
2011,E07000037,High Peak,-0.26699044467353356,-0.9631742774105472,2,0.49310474299286944,0.0001627060202096082,0.27357374817415364,0.49310474299286944,0.10533266231962328,0.005342491256495472,0.12248364923664873,47.51,34.08,13.21,5.19,3.82,15.67,4.29,2.96,3.67,1.34,E07000037,High Peak,matched_reference,E07000037,High Peak
2011,E07000038,North East Derbyshire,1.9619679099237604,-1.2713030011726278,2,0.7685273111588731,6.77881284624203e-05,0.0009368791831092662,0.7685273111588731,0.21239741623543554,0.002442670235071082,0.015627935059048748,42.95,34.26,15.89,6.9,3.67,19.27,3.38,3.51,4.47,1.41,E07000038,North East Derbyshire,matched_reference,E07000038,North East Derbyshire
2011,E07000039,South Derbyshire,-0.482646858854905,-0.8848088781613982,2,0.39451652794557274,0.0001681308395908285,0.37341633284888187,0.39451652794557274,0.0857566253646294,0.006231864414216829,0.13991051858710843,47.64,34.4,13.05,4.9,3.06,14.81,3.63,3.96,3.52,1.57,E07000039,South Derbyshire,matched_reference,E07000039,South Derbyshire
2011,E07000040,East Devon,0.567970900347102,-2.766917996488687,2,0.7390259834089593,7.82366727412238e-05,0.20999165994756588,0.7390259834089593,0.049841569867026,0.0003320390809888886,0.0007305110227186942,43.79,36.02,15.07,5.12,2.45,22.36,2.93,3.27,2.82,1.3,E07000040,East Devon,matched_reference,E07000040,East Devon
2011,E07000041,Exeter,-1.6915296864600184,0.5540928720263374,1,0.4777790506005464,0.00022033205592715297,0.4777790506005464,0.002126654910673427,0.007644678880853269,0.09412469526421323,0.4181045882877868,49.91,33.37,11.95,4.77,3.06,11.14,12.82,2.94,3.49,1.62,E07000041,Exeter,matched_reference,E07000041,Exeter
2011,E07000042,Mid Devon,-0.45065125417718593,-1.661872276471242,2,0.5838150041922533,7.567843677021295e-05,0.35733642065073246,0.5838150041922533,0.043147627761328425,0.0010316025523476229,0.01459366640656815,46.64,35.44,13.37,4.55,2.71,16.46,3.18,3.71,3.11,1.52,E07000042,Mid Devon,matched_reference,E07000042,Mid Devon
2011,E07000043,North Devon,0.30518351208069333,-1.1704887043767356,2,0.6953285474895284,0.0001261685263897008,0.09636294990746466,0.6953285474895284,0.13804545557426146,0.0032057226015323936,0.06693115590082335,46.38,33.85,14.16,5.61,3.04,18.16,3.0,3.83,3.67,1.55,E07000043,North Devon,matched_reference,E07000043,North Devon
2011,E07000044,South Hams,-0.5139050381823386,-1.8935248901709847,2,0.5853519921297992,6.504262496651957e-05,0.37193658696591997,0.5853519921297992,0.035002773604097766,0.0006713688837838471,0.00697223579143302,47.41,34.37,13.32,4.9,2.35,20.2,3.26,3.25,3.08,1.52,E07000044,South Hams,matched_reference,E07000044,South Hams
2011,E07000045,Teignbridge,0.617475608497382,-1.6623182999628923,2,0.8220770923524947,7.670582012378566e-05,0.06933742460068378,0.8220770923524947,0.09202383548924888,0.0011171643941751094,0.01536777734327378,44.94,34.89,14.68,5.49,2.77,19.01,3.01,3.29,3.56,2.01,E07000045,Teignbridge,matched_reference,E07000045,Teignbridge
2011,E07000046,Torridge,1.4790224169438158,-1.4593668349567732,2,0.8249468670309633,7.02073995442205e-05,0.006216951228971179,0.8249468670309633,0.15123600262780376,0.0016528978043859803,0.015877073908331304,43.53,34.84,15.42,6.21,3.41,20.48,3.07,3.86,4.04,1.55,E07000046,Torridge,matched_reference,E07000046,Torridge
2011,E07000047,West Devon,0.29210120369707115,-1.389331433103413,2,0.7446817518432528,0.00010053172263355936,0.11204343156867622,0.7446817518432528,0.10493488151982293,0.0019426271765912012,0.03629677616902334,45.85,34.73,14.28,5.14,3.07,19.59,3.27,3.44,3.42,2.12,E07000047,West Devon,matched_reference,E07000047,West Devon
2011,E07000061,Eastbourne,1.6319579028430091,-0.7228065407978223,2,0.5056020999905032,0.00011789769244334336,0.0008791358476074756,0.5056020999905032,0.421054968762054,0.00716035854607064,0.06518553916132125,43.07,35.4,15.34,6.19,4.08,16.79,5.15,3.75,4.53,1.77,E07000061,Eastbourne,matched_reference,E07000061,Eastbourne
2011,E07000062,Hastings,3.476588006680878,0.588483911129232,3,0.9650167562026915,2.7532971345051576e-05,1.7896956093189543e-10,0.007419770942633039,0.9650167562026915,0.02556444473607338,0.001971494968287036,40.5,36.24,15.82,7.44,5.48,14.34,4.09,4.71,6.62,2.46,E07000062,Hastings,matched_reference,E07000062,Hastings
2011,E07000063,Lewes,0.5454038293111495,-1.2844613900725161,2,0.7550966133783319,0.00010640637001501389,0.059950236495511906,0.7550966133783319,0.13757476454315734,0.0024145547579918904,0.044857424454991766,44.84,35.52,14.26,5.38,3.35,17.59,3.67,3.86,3.53,1.76,E07000063,Lewes,matched_reference,E07000063,Lewes
2011,E07000064,Rother,2.34802444691665,-1.7791903878029707,2,0.8808319059836243,4.9531117960602634e-05,0.0008876849004670523,0.8808319059836243,0.1133818059977405,0.0012422938841312302,0.003606778116076486,40.55,36.6,16.51,6.34,3.21,22.53,3.8,4.34,4.06,1.87,E07000064,Rother,matched_reference,E07000064,Rother
2011,E07000065,Wealden,-0.8322407266500311,-1.473643737077185,1,0.5133253197427684,7.857149425886407e-05,0.5133253197427684,0.4325567047577756,0.031779529406622306,0.0014144162478968892,0.02084545835067823,47.59,34.93,13.03,4.45,2.52,18.03,3.42,4.25,2.67,1.54,E07000065,Wealden,matched_reference,E07000065,Wealden
2011,E07000066,Basildon,0.4442998029552659,0.45475980855289283,5,0.5285404739028281,0.00033135620102120315,0.0026702459451724524,0.02183059059613329,0.3686736964834601,0.0779536368713848,0.5285404739028281,46.25,34.95,13.26,5.53,4.65,13.91,3.42,5.73,3.94,1.81,E07000066,Basildon,matched_reference,E07000066,Basildon
2011,E07000067,Braintree,-0.695768616609666,-0.7963594863586542,1,0.47907316065512623,0.00016790742823374687,0.47907316065512623,0.2936058054676133,0.06596351639157,0.007214485830503543,0.153975124226953,47.51,35.69,12.44,4.36,3.76,14.08,2.95,4.58,3.14,1.49,E07000067,Braintree,matched_reference,E07000067,Braintree
2011,E07000068,Brentwood,-1.9919556782434193,-0.21674563108917458,1,0.8741036672531745,8.267269957689945e-05,0.8741036672531745,0.013744180501751857,0.0038082255748342433,0.012402544529586852,0.09585870944107577,51.02,33.34,11.64,4.01,3.15,14.89,4.4,4.84,2.29,1.54,E07000068,Brentwood,matched_reference,E07000068,Brentwood
2011,E07000069,Castle Point,0.9933930439137292,-1.3793325645557608,2,0.8022453832309205,8.630367611409969e-05,0.02135840448867367,0.8022453832309205,0.1469650026941497,0.001913441115742163,0.02743146479439988,43.49,36.12,14.73,5.66,3.54,19.38,2.87,4.78,3.15,1.62,E07000069,Castle Point,matched_reference,E07000069,Castle Point
2011,E07000070,Chelmsford,-1.952395871149114,-0.6854999506271856,1,0.901431948424768,6.462468322175467e-05,0.901431948424768,0.04552101049120206,0.004785248123044933,0.004783868182720347,0.0434133000950429,50.19,34.72,11.44,3.65,3.41,14.13,3.91,4.23,2.27,1.61,E07000070,Chelmsford,matched_reference,E07000070,Chelmsford
2011,E07000071,Colchester,-1.2779303137866889,-0.23683952098616506,1,0.6406729968558876,0.00017691384313804227,0.6406729968558876,0.04833408226869673,0.024463108306525077,0.019263529415372824,0.26708936931037963,48.83,34.83,12.09,4.25,3.47,13.15,6.96,4.06,3.22,1.53,E07000071,Colchester,matched_reference,E07000071,Colchester
2011,E07000072,Epping Forest,-1.1779516412378677,0.060289682579559835,5,0.4553926265244223,0.00024159678728146393,0.4485150098477534,0.025126833033125615,0.03119107676018701,0.039532857047229884,0.4553926265244223,49.26,33.75,12.38,4.6,3.6,14.07,4.47,4.92,2.62,1.85,E07000072,Epping Forest,matched_reference,E07000072,Epping Forest
2011,E07000073,Harlow,0.612127995099951,0.17459810451007782,5,0.44832656907506113,0.0002960496039122615,0.0034716348261655053,0.0624031472284257,0.4385084088094944,0.04699419045694113,0.44832656907506113,45.11,35.85,13.67,5.36,5.19,11.29,3.58,4.74,3.73,1.92,E07000073,Harlow,matched_reference,E07000073,Harlow
2011,E07000074,Maldon,-0.254323905428677,-1.4148231961813942,2,0.6143200500236096,9.752126727754346e-05,0.2849997394344265,0.6143200500236096,0.06555973077909573,0.00179139252050861,0.03323156597508186,46.2,35.63,13.42,4.75,3.04,17.94,2.98,4.67,2.85,1.4,E07000074,Maldon,matched_reference,E07000074,Maldon
2011,E07000075,Rochford,-0.9154218729977982,-1.2657567467607431,1,0.5715163088419032,9.055171262859892e-05,0.5715163088419032,0.3580151863590078,0.03226768663827258,0.002163049135014065,0.03594721731317359,47.76,34.92,13.01,4.32,3.04,17.73,3.06,4.56,2.31,1.5,E07000075,Rochford,matched_reference,E07000075,Rochford
2011,E07000076,Tendring,4.049935251855413,-0.9459380700018719,2,0.6102857518620873,4.004613800085339e-05,5.070168800936602e-08,0.6102857518620873,0.3790373314141838,0.009268024313049723,0.0013687955709903302,38.42,35.82,18.15,7.61,4.67,23.08,3.32,4.6,5.29,1.98,E07000076,Tendring,matched_reference,E07000076,Tendring
2011,E07000077,Uttlesford,-2.905806906021165,-0.43840145056638136,1,0.9691048856706197,3.544950967870174e-05,0.9691048856706197,0.007036682960103144,0.0004698853491212366,0.00653673197440141,0.016816364536075667,52.55,33.34,10.85,3.27,2.67,13.46,4.15,4.87,1.76,1.35,E07000077,Uttlesford,matched_reference,E07000077,Uttlesford
2011,E07000078,Cheltenham,-1.7010502863351546,-0.4028647507486582,1,0.8378628631665908,9.83963753536756e-05,0.8378628631665908,0.03544162169662806,0.00832727458445206,0.00982691311299739,0.1084429310639781,49.91,34.32,11.78,3.99,3.34,12.68,6.27,3.54,3.0,1.6,E07000078,Cheltenham,matched_reference,E07000078,Cheltenham
2011,E07000079,Cotswold,-1.6470541576132387,-1.533783896736652,1,0.729845820839906,5.6734642684595595e-05,0.729845820839906,0.24961423386322648,0.010412063604005466,0.0011609184890724504,0.008910228561104941,48.78,35.07,12.33,3.81,2.48,16.25,4.44,3.86,2.15,1.38,E07000079,Cotswold,matched_reference,E07000079,Cotswold
2011,E07000080,Forest of Dean,0.7429165009375479,-1.31638947205928,2,0.7773750094095712,9.803728949905951e-05,0.038056501178771164,0.7773750094095712,0.14482834630018548,0.002214465857879944,0.037427639964093234,44.27,35.8,14.49,5.44,3.45,17.73,4.38,3.86,3.72,1.56,E07000080,Forest of Dean,matched_reference,E07000080,Forest of Dean
2011,E07000081,Gloucester,-0.016592862527459576,-0.24263501885345842,5,0.4931478062597376,0.00030813373198068666,0.07393903120049011,0.1766485316525444,0.22934541998359376,0.026611077171653254,0.4931478062597376,46.56,35.46,13.09,4.89,4.26,12.06,4.17,3.96,3.95,1.95,E07000081,Gloucester,matched_reference,E07000081,Gloucester
2011,E07000082,Stroud,-0.9761067876673679,-1.624689883133314,1,0.5418978046129482,6.734776178371939e-05,0.5418978046129482,0.42046758165933207,0.024521638385489136,0.0010260684206349507,0.012019559159812088,47.69,35.21,12.8,4.3,2.81,15.63,3.57,3.5,2.78,1.34,E07000082,Stroud,matched_reference,E07000082,Stroud
2011,E07000083,Tewkesbury,-1.0939873586299504,-1.8267866410294138,1,0.5419758038506748,5.9531506862547535e-05,0.5419758038506748,0.4309333366288727,0.02022607158532952,0.0007205504830848284,0.0060847059451755,47.64,35.61,12.46,4.28,2.82,16.85,2.97,3.61,2.37,1.39,E07000083,Tewkesbury,matched_reference,E07000083,Tewkesbury
2011,E07000084,Basingstoke and Deane,-2.223410511982194,-1.0091392428878623,1,0.9108357797578857,4.949591827468655e-05,0.9108357797578857,0.06707199968834512,0.0032754329751730035,0.0026367375810642936,0.016130554079257477,50.68,35.11,10.76,3.46,3.24,12.55,2.71,3.99,2.43,1.39,E07000084,Basingstoke and Deane,matched_reference,E07000084,Basingstoke and Deane
2011,E07000085,East Hampshire,-2.166622277235465,-1.1717535037866043,1,0.8830869752930502,5.027097500483834e-05,0.8830869752930502,0.09833435061652704,0.004063183679041788,0.0020760125321147237,0.012389206904261409,50.45,34.7,11.15,3.7,2.55,15.31,3.9,4.25,2.29,1.27,E07000085,East Hampshire,matched_reference,E07000085,East Hampshire
2011,E07000086,Eastleigh,-1.6493470248978794,-1.4664789126871962,1,0.7468528363822725,5.763394468912266e-05,0.7468528363822725,0.23097975339238747,0.010233588171365094,0.0012892137807981835,0.010586974328487497,49.17,35.3,11.61,3.92,3.02,14.11,3.14,3.56,2.57,1.24,E07000086,Eastleigh,matched_reference,E07000086,Eastleigh
2011,E07000087,Fareham,-1.5160395516322724,-2.0505960970522756,1,0.5743398365735594,5.544552009881322e-05,0.5743398365735594,0.40889802517387785,0.013758309807877398,0.0005645582545243064,0.002383824670061968,48.55,35.21,12.22,4.02,2.61,17.34,3.36,3.19,2.18,1.18,E07000087,Fareham,matched_reference,E07000087,Fareham
2011,E07000088,Gosport,0.2808007250615102,-0.7455147151976277,2,0.49996161813078593,0.0002025694174384042,0.07226606622993026,0.49996161813078593,0.223182704001197,0.008881804026198089,0.1955052381944502,45.32,36.21,13.58,4.88,4.24,14.54,3.63,4.34,3.6,1.66,E07000088,Gosport,matched_reference,E07000088,Gosport
2011,E07000089,Hart,-3.9987400107269275,-0.7737207279227664,1,0.9740590944032469,4.0149534967942285e-05,0.9740590944032469,0.011680191294387108,0.00012946557953868695,0.010787407619766435,0.0033036915680933875,55.01,33.09,9.26,2.64,2.38,14.26,3.29,4.4,1.35,1.24,E07000089,Hart,matched_reference,E07000089,Hart
2011,E07000090,Havant,0.9978264141501069,-0.8794303439445633,2,0.6099703248489633,0.000137472396075568,0.010725849912134745,0.6099703248489633,0.2823933819414395,0.005645820253639897,0.0911271506477472,44.31,35.86,14.24,5.59,3.99,17.27,3.42,4.43,4.16,1.62,E07000090,Havant,matched_reference,E07000090,Havant
2011,E07000091,New Forest,0.05817473838065618,-2.1806594877214236,2,0.7229310904929847,6.369874150640435e-05,0.226987819750475,0.7229310904929847,0.04601466974056308,0.00047209863696551506,0.0035306226375054505,45.15,35.87,14.09,4.88,2.63,19.71,2.74,3.79,2.83,1.4,E07000091,New Forest,matched_reference,E07000091,New Forest
2011,E07000092,Rushmoor,-1.968867626752461,-0.30412078858784686,1,0.8817910011429633,7.963879209261136e-05,0.8817910011429633,0.017952021891824595,0.004131654239887294,0.010369717473153019,0.08567596646007924,50.07,35.54,10.77,3.62,3.72,9.78,3.79,3.99,2.68,2.03,E07000092,Rushmoor,matched_reference,E07000092,Rushmoor
2011,E07000093,Test Valley,-1.9177175910378583,-1.326531140677926,1,0.8235340412445731,5.418565146949514e-05,0.8235340412445731,0.1567297173334746,0.006594851905803806,0.001619106137080881,0.011468097727598225,50.02,34.59,11.62,3.77,2.52,15.46,3.35,4.04,2.42,1.33,E07000093,Test Valley,matched_reference,E07000093,Test Valley
2011,E07000094,Winchester,-3.052030102114926,-0.2820915976208223,1,0.9709951589968947,3.2751595291086186e-05,0.9709951589968947,0.003522277214616464,0.0002771131911421663,0.008511321804387056,0.01666137719766877,53.2,32.78,10.6,3.43,2.3,14.47,6.7,3.92,2.23,1.64,E07000094,Winchester,matched_reference,E07000094,Winchester
2011,E07000095,Broxbourne,-0.7769348922887175,-0.13005495419869118,5,0.5017455157266192,0.0002813631896542257,0.3196536541224889,0.072922059900999,0.07410795343776706,0.03128945362247162,0.5017455157266192,47.71,35.33,12.33,4.63,4.18,13.21,4.33,4.76,2.75,1.83,E07000095,Broxbourne,matched_reference,E07000095,Broxbourne
2011,E07000096,Dacorum,-1.6777651453715978,0.06084642440279184,1,0.7065387357120236,0.00014841755143308222,0.7065387357120236,0.011151130612882466,0.008694407209936427,0.02929058774358612,0.24417672117013844,50.34,34.05,11.58,4.03,3.67,12.36,3.83,4.53,2.67,2.09,E07000096,Dacorum,matched_reference,E07000096,Dacorum
2011,E07000098,Hertsmere,-2.0086574248055604,0.7353785614456041,1,0.5552203078233942,0.00018642604255241833,0.5552203078233942,0.0006050171647224282,0.0028952143562037606,0.12486554940023561,0.31622748521289124,51.54,32.88,11.43,4.15,3.71,11.23,6.12,4.71,2.77,1.85,E07000098,Hertsmere,matched_reference,E07000098,Hertsmere
2011,E07000099,North Hertfordshire,-1.8140237722393024,-0.5922111635697594,1,0.8785013884401546,7.692102727931859e-05,0.8785013884401546,0.0452471088760969,0.006430916587731322,0.00612287475784227,0.06362079031089546,50.19,34.11,11.77,3.92,3.44,13.28,3.75,4.33,2.38,1.34,E07000099,North Hertfordshire,matched_reference,E07000099,North Hertfordshire
2011,E07000102,Three Rivers,-2.1011402788906843,-0.2577835270809373,1,0.8984894996008697,7.154900615794528e-05,0.8984894996008697,0.012777255789169663,0.00288489700947512,0.010662369799163003,0.07511442879516475,50.7,34.21,11.19,3.9,3.18,12.77,4.53,4.66,2.27,1.65,E07000102,Three Rivers,matched_reference,E07000102,Three Rivers
2011,E07000103,Watford,-1.746283304819833,0.3758863158904105,1,0.5998488866477746,0.00018063389501107266,0.5998488866477746,0.003662386243181117,0.006885899554507026,0.05976177997101535,0.3296604136885108,50.05,34.83,10.98,4.14,4.06,9.44,4.61,4.57,2.68,2.09,E07000103,Watford,matched_reference,E07000103,Watford
2011,E07000105,Ashford,-0.591902813226769,-0.500536786176137,1,0.3607774088092214,0.00023935471458100526,0.3607774088092214,0.21043389704984067,0.09572008073596856,0.015199358847311951,0.31762989984307627,47.58,35.09,12.74,4.59,3.63,14.41,3.29,4.88,3.12,1.67,E07000105,Ashford,matched_reference,E07000105,Ashford
2011,E07000106,Canterbury,-0.6075216074262525,0.12803932383328107,5,0.6673347556952071,0.00032932165679700295,0.14694974277702905,0.0384066646149655,0.09532263573758099,0.051656879518420365,0.6673347556952071,46.82,34.63,13.37,5.18,3.05,15.04,12.47,3.61,3.32,1.79,E07000106,Canterbury,matched_reference,E07000106,Canterbury
2011,E07000107,Dartford,-0.943392088804114,-0.07129178643348896,5,0.4800306046877623,0.000263922436321348,0.3827407247892851,0.05073880602567968,0.052982408509083076,0.0332435335518684,0.4800306046877623,48.55,34.86,12.16,4.43,4.4,11.86,3.5,4.44,2.98,1.77,E07000107,Dartford,matched_reference,E07000107,Dartford
2011,E07000108,Dover,1.6966156710405205,-0.31515824299790846,3,0.6385091897748012,0.00014289187692811153,0.00021402928581683084,0.24726876412338433,0.6385091897748012,0.014974275914252747,0.09889084902481664,43.37,35.35,14.99,6.29,4.46,17.6,3.97,4.43,4.45,2.12,E07000108,Dover,matched_reference,E07000108,Dover
2011,E07000109,Gravesham,0.32012506979194466,0.7113655621160108,5,0.5575896941300984,0.00036332596950695454,0.0018348947783011222,0.007471652398415539,0.3078535983883632,0.12488683433531478,0.5575896941300984,46.5,34.97,13.4,5.13,5.07,13.53,4.18,5.28,3.81,2.28,E07000109,Gravesham,matched_reference,E07000109,Gravesham
2011,E07000110,Maidstone,-0.9647592775641656,-0.6209910563097696,1,0.596477363312053,0.00016706191130867303,0.596477363312053,0.16656444685138105,0.04427725726801105,0.00963427055004186,0.18287960010720425,48.11,35.05,12.43,4.4,3.4,14.4,3.6,4.5,2.74,1.87,E07000110,Maidstone,matched_reference,E07000110,Maidstone
2011,E07000111,Sevenoaks,-2.091621046314282,-0.17005849579498997,1,0.8857347864873326,7.672956186972932e-05,0.8857347864873326,0.010214483771795133,0.002877066357606469,0.012983715007317057,0.08811321881407913,51.17,33.37,11.47,3.98,2.84,15.26,4.08,5.42,2.18,1.55,E07000111,Sevenoaks,matched_reference,E07000111,Sevenoaks
2011,E07000112,Shepway,2.1595002487857458,-0.4717251618781433,3,0.619494361439577,0.00010262842686719832,4.950495878746629e-05,0.32472951941535666,0.619494361439577,0.010727956155702961,0.044896029603708656,42.21,36.12,15.25,6.42,4.59,17.7,3.68,4.47,4.86,2.07,E07000112,Shepway,matched_reference,E07000112,Shepway
2011,E07000113,Swale,1.2428940497452028,0.3468513954866302,3,0.6902257866294904,0.00021820905674259646,0.00014613848430282202,0.03639432885130175,0.6902257866294904,0.04904184329132102,0.22397369368684128,44.32,35.87,14.07,5.74,4.6,15.11,3.71,5.18,4.44,2.68,E07000113,Swale,matched_reference,E07000113,Swale
2011,E07000114,Thanet,3.400372530551698,0.41054581314164945,3,0.9577096243742096,3.3262425596109124e-05,9.030309153987008e-10,0.016114177968706362,0.9577096243742096,0.023061209385449866,0.0030817249430071378,40.72,35.11,16.68,7.5,5.67,18.24,4.25,4.9,5.58,2.15,E07000114,Thanet,matched_reference,E07000114,Thanet
2011,E07000115,Tonbridge and Malling,-1.74492238022585,-0.6551306325181031,1,0.8676426520168556,7.881096692537856e-05,0.8676426520168556,0.057148313475165975,0.007617465306236827,0.00556747277274744,0.06194528546206856,49.92,34.33,11.81,3.94,2.98,14.5,3.96,4.71,2.46,1.44,E07000115,Tonbridge and Malling,matched_reference,E07000115,Tonbridge and Malling
2011,E07000116,Tunbridge Wells,-2.161621268206593,0.11506483597422687,1,0.8484903612392176,8.841426662607729e-05,0.8484903612392176,0.003909710297680406,0.002173661342290697,0.02402335467289318,0.12131449818129221,51.42,33.6,11.12,3.87,2.95,12.65,4.76,5.11,2.68,1.7,E07000116,Tunbridge Wells,matched_reference,E07000116,Tunbridge Wells
2011,E07000117,Burnley,3.164212675264184,1.2396118400278453,3,0.9507841962462553,2.5697547335849967e-05,1.8651152627212886e-11,0.00036468424744863417,0.9507841962462553,0.04750533779848777,0.0013200841418213995,42.93,33.64,15.72,7.72,5.27,15.38,4.34,4.54,6.99,2.67,E07000117,Burnley,matched_reference,E07000117,Burnley
2011,E07000118,Chorley,-0.012596473260964646,-0.444214446421295,5,0.37943418182939836,0.00027608767749391655,0.10395394739044166,0.28219691296952437,0.21610481452879257,0.018034055604349026,0.37943418182939836,47.88,33.32,13.27,5.53,3.24,16.13,3.24,2.85,4.08,2.85,E07000118,Chorley,matched_reference,E07000118,Chorley
2011,E07000119,Fylde,1.2068666774445433,-1.3061750795182119,2,0.7861929778788721,8.558077484352172e-05,0.010726697611428174,0.7861929778788721,0.1723681020008029,0.00220006066346185,0.02842658107059144,44.64,33.78,15.34,6.25,3.09,20.65,3.27,3.11,3.96,2.18,E07000119,Fylde,matched_reference,E07000119,Fylde
2011,E07000120,Hyndburn,2.7850670008434757,0.7463598368897862,3,0.9518798699032393,4.8388960240535474e-05,4.9817186864022865e-09,0.004596145393449992,0.9518798699032393,0.03541467623146858,0.008060914529882985,43.05,34.2,15.14,7.61,4.61,15.08,4.31,4.46,6.7,2.42,E07000120,Hyndburn,matched_reference,E07000120,Hyndburn
2011,E07000121,Lancaster,-0.00741859077593433,-0.04071326055706051,5,0.5825274679064375,0.0003281109252145532,0.046542431563253175,0.09978410134545329,0.2331493400770149,0.03766854818262662,0.5825274679064375,46.67,33.84,13.7,5.79,3.25,15.22,10.86,2.82,4.29,1.7,E07000121,Lancaster,matched_reference,E07000121,Lancaster
2011,E07000122,Pendle,2.3918254171774835,1.1284678334987017,3,0.9196869493459487,6.565719933675187e-05,6.205713216188524e-09,0.0008975133019612986,0.9196869493459487,0.06764974428786873,0.011700129659171166,43.56,34.46,15.01,6.96,4.67,15.14,4.11,5.74,6.08,2.56,E07000122,Pendle,matched_reference,E07000122,Pendle
2011,E07000123,Preston,0.6727690920578169,1.4204839836384047,3,0.38659183985034606,0.00036442073039224583,2.6394304737714773e-05,0.000299456858689351,0.38659183985034606,0.3782464778211587,0.23447141043467595,46.56,34.12,13.26,6.06,4.4,11.67,8.2,4.4,5.37,2.61,E07000123,Preston,matched_reference,E07000123,Preston
2011,E07000124,Ribble Valley,-2.00128933299588,-1.6581201515470068,1,0.7476424364309828,5.306540710034866e-05,0.7476424364309828,0.2393753561233382,0.007092850034315085,0.001057252108913819,0.0047790398953498755,51.49,32.16,12.34,4.01,2.06,18.0,3.64,2.37,2.73,1.38,E07000124,Ribble Valley,matched_reference,E07000124,Ribble Valley
2011,E07000125,Rossendale,1.122186764066369,0.08770605392978882,3,0.6189434313127483,0.00022674070665857062,0.0006254074405262584,0.08727116782436446,0.6189434313127483,0.03450063158683634,0.2584326211288661,46.24,33.11,14.13,6.52,4.17,14.72,4.29,3.61,5.42,1.69,E07000125,Rossendale,matched_reference,E07000125,Rossendale
2011,E07000126,South Ribble,-0.48598985994849814,-1.6365712081408244,2,0.5700384022810967,7.654762459237731e-05,0.3708459145404342,0.5700384022810967,0.04243371874010488,0.0010790698030170994,0.015526347010754999,47.69,34.12,13.06,5.13,3.01,16.51,3.33,2.65,3.48,1.22,E07000126,South Ribble,matched_reference,E07000126,South Ribble
2011,E07000127,West Lancashire,0.24590306318041777,-0.18681984649874173,5,0.4689354309420428,0.0003006792571025661,0.031112160707778416,0.16844101193538483,0.30315081306954783,0.028059904088143687,0.4689354309420428,47.59,32.73,13.37,6.31,3.9,17.02,5.72,3.28,4.31,1.44,E07000127,West Lancashire,matched_reference,E07000127,West Lancashire
2011,E07000128,Wyre,1.895934431898591,-1.6104000331199941,2,0.8541514157074632,5.7673201810726145e-05,0.0024074192531898463,0.8541514157074632,0.13413355962454487,0.0013660746406380967,0.007883857572353388,43.25,33.62,15.95,7.18,3.17,21.2,3.88,2.89,4.43,1.35,E07000128,Wyre,matched_reference,E07000128,Wyre
2011,E07000129,Blaby,-1.168306382713424,-1.8874026937450379,1,0.5486959210789444,5.7726623766905e-05,0.5486959210789444,0.4271524424701804,0.018598182472184897,0.000658338905833804,0.004837388449089396,47.51,35.81,12.53,4.16,2.86,15.64,3.64,2.79,2.28,1.75,E07000129,Blaby,matched_reference,E07000129,Blaby
2011,E07000130,Charnwood,-1.5276810497712845,-0.5040551138983079,1,0.8050024286295856,0.00010887967281124701,0.8050024286295856,0.0583724026575105,0.012754081867726415,0.008775104727158653,0.11498710244520768,48.11,35.3,12.41,4.18,3.09,13.68,11.43,3.14,2.75,1.3,E07000130,Charnwood,matched_reference,E07000130,Charnwood
2011,E07000131,Harborough,-2.3732936600041836,-1.4909673951901896,1,0.8312258278838015,5.069512746545765e-05,0.8312258278838015,0.15809243425055333,0.003996747111988315,0.0015016500022617656,0.0051326456239294506,50.85,34.27,11.37,3.51,2.45,15.46,3.9,3.02,1.99,1.67,E07000131,Harborough,matched_reference,E07000131,Harborough
2011,E07000132,Hinckley and Bosworth,-0.44484843048810374,-1.9486270548772646,2,0.6066218761283277,6.422710405522053e-05,0.3505024477405471,0.6066218761283277,0.036120564660060604,0.0006182076023384849,0.006072676764671037,46.26,35.83,13.3,4.61,3.15,16.63,3.36,3.23,2.84,1.19,E07000132,Hinckley and Bosworth,matched_reference,E07000132,Hinckley and Bosworth
2011,E07000133,Melton,-1.5241748449123682,-1.9212941612578622,1,0.6078699421054489,5.512791760911738e-05,0.6078699421054489,0.3748624506561225,0.013130527674283063,0.0006606224460699608,0.003421329200466384,48.33,35.52,12.5,3.65,2.89,15.78,3.33,3.37,2.11,1.2,E07000133,Melton,matched_reference,E07000133,Melton
2011,E07000134,North West Leicestershire,0.20032823029892588,-1.30740656420523,2,0.7126508030462119,0.00011038482033641344,0.12941241145358612,0.7126508030462119,0.10878418332810437,0.0023425576241664988,0.04669965972759499,45.45,35.52,13.88,5.15,3.44,16.08,3.81,3.79,3.43,1.42,E07000134,North West Leicestershire,matched_reference,E07000134,North West Leicestershire
2011,E07000135,Oadby and Wigston,-0.43401756517408113,-1.1973025105917467,2,0.5095630013105583,0.00011859331259593165,0.3605678644079893,0.5095630013105583,0.06706226994011266,0.0029019705119140526,0.05978630051682989,45.19,36.62,13.4,4.8,3.22,14.96,8.71,3.18,2.69,1.54,E07000135,Oadby and Wigston,matched_reference,E07000135,Oadby and Wigston
2011,E07000136,Boston,2.2415406202126835,-1.2964669978086016,2,0.7735869841101878,6.07962149483683e-05,0.0003766379147397973,0.7735869841101878,0.2125287560991442,0.002455764166751153,0.010991061494228863,40.69,37.48,15.86,5.97,4.16,16.58,3.06,3.89,4.4,2.25,E07000136,Boston,matched_reference,E07000136,Boston
2011,E07000137,East Lindsey,4.322317411032548,-1.228733032136545,2,0.7647725454751239,3.494652183062491e-05,4.811589628369486e-08,0.7647725454751239,0.22677602473648512,0.007798061047070178,0.0006183741035939888,38.22,35.29,18.27,8.22,3.97,24.06,3.24,4.36,5.8,1.79,E07000137,East Lindsey,matched_reference,E07000137,East Lindsey
2011,E07000138,Lincoln,0.8234772340079889,0.5640324064578326,3,0.531432204541816,0.00029272208125796074,0.0004125563997539151,0.015961240073094254,0.531432204541816,0.08342776057111868,0.3684735163329592,44.18,36.58,13.9,5.34,4.94,11.2,8.78,4.02,4.58,2.23,E07000138,Lincoln,matched_reference,E07000138,Lincoln
2011,E07000139,North Kesteven,-0.10772860834646522,-1.8666861540595696,2,0.6923338593446566,6.968884542713229e-05,0.24830416457292068,0.6923338593446566,0.04983290317709178,0.0007372729454654371,0.008722111114438411,45.99,35.11,13.86,5.04,2.91,18.94,3.23,3.74,2.9,1.15,E07000139,North Kesteven,matched_reference,E07000139,North Kesteven
2011,E07000140,South Holland,2.0417725713794446,-1.8738264303690195,2,0.891071601317669,5.256640059124711e-05,0.0028057268474917085,0.891071601317669,0.1011915187434759,0.0010025000333330186,0.0038760866574391786,40.52,37.55,15.82,6.1,3.96,18.6,2.89,3.99,3.61,1.64,E07000140,South Holland,matched_reference,E07000140,South Holland
2011,E07000141,South Kesteven,-0.4080872345203118,-1.3909522611593976,2,0.5599187145375305,9.694491780576498e-05,0.3471581662406079,0.5599187145375305,0.057044960129995936,0.0018483649323516476,0.03393284924170819,46.81,35.13,13.28,4.78,3.34,16.51,3.2,3.68,2.92,1.48,E07000141,South Kesteven,matched_reference,E07000141,South Kesteven
2011,E07000142,West Lindsey,0.9336797346472943,-1.4187187199316862,2,0.8091379638381831,8.508715512243992e-05,0.026161578964942953,0.8091379638381831,0.13715180127881504,0.0017725292484151198,0.025691039514521362,44.03,35.94,14.68,5.36,3.81,18.87,3.61,3.96,3.8,1.43,E07000142,West Lindsey,matched_reference,E07000142,West Lindsey
2011,E07000143,Breckland,1.3320951548936568,-1.5080684989641264,2,0.8346336667141522,7.117492445361325e-05,0.010210632163277208,0.8346336667141522,0.13781427672659233,0.0015016070713969318,0.015768642400127552,42.22,37.29,14.99,5.49,3.51,17.99,3.01,4.23,3.49,2.23,E07000143,Breckland,matched_reference,E07000143,Breckland
2011,E07000144,Broadland,0.07461627615929589,-2.6198115614330972,2,0.6803843211561165,6.812935385717444e-05,0.27712039560811336,0.6803843211561165,0.041136917068455375,0.00031084397829356453,0.000979392835164304,44.3,36.99,14.02,4.69,2.56,18.58,2.83,3.45,2.78,1.24,E07000144,Broadland,matched_reference,E07000144,Broadland
2011,E07000145,Great Yarmouth,3.3815887707594077,0.26744369597527207,3,0.946268455655394,3.7261366031041605e-05,2.466657749832946e-09,0.028690401398470313,0.946268455655394,0.02113212302636246,0.003871756087084546,40.3,36.01,16.58,7.1,6.06,18.34,3.6,4.9,5.33,2.31,E07000145,Great Yarmouth,matched_reference,E07000145,Great Yarmouth
2011,E07000146,Kings Lynn and West Norfolk,2.1081836347772183,-1.7024377030795548,2,0.8692522227018656,5.306896917436337e-05,0.0015477859211770824,0.8692522227018656,0.12256554259848129,0.001263893895275546,0.005317485914026055,40.91,37.08,15.9,6.11,3.66,19.6,3.09,4.32,4.07,1.65,E07000146,King's Lynn and West Norfolk,matched_reference,E07000146,King's Lynn and West Norfolk
2011,E07000147,North Norfolk,2.8074205089392907,-2.2937923790859474,2,0.9286080707865423,5.276955539848099e-05,0.0009666511236079465,0.9286080707865423,0.06846739116574044,0.0010533753486731917,0.0008517420200379132,38.92,37.77,17.15,6.15,3.32,23.79,2.76,4.03,3.93,2.25,E07000147,North Norfolk,matched_reference,E07000147,North Norfolk
2011,E07000148,Norwich,0.8840064911136434,1.175462832664178,3,0.5299821115232756,0.0003185111330960923,2.824170074563195e-05,0.001115871461560346,0.5299821115232756,0.2291500058009968,0.23940525838032567,44.87,35.42,14.05,5.66,5.02,10.69,9.55,4.35,4.92,2.2,E07000148,Norwich,matched_reference,E07000148,Norwich
2011,E07000149,South Norfolk,-0.47473153080398517,-1.9497543338223053,2,0.5989412285949173,6.389790337942959e-05,0.35921167873640425,0.5989412285949173,0.035194250001881915,0.0006151216372100619,0.005973823126206885,46.35,35.8,13.37,4.48,2.73,18.19,3.18,3.86,2.81,1.26,E07000149,South Norfolk,matched_reference,E07000149,South Norfolk
2011,E07000163,Craven,-0.9296422267693708,-2.3258605877768668,2,0.5303074773004405,5.792229773726356e-05,0.4448755819617124,0.5303074773004405,0.022872166872413807,0.00037369052095734083,0.001513161046738502,47.62,34.56,13.33,4.49,2.5,18.79,3.25,2.57,2.41,1.23,E07000163,Craven,matched_reference,E07000163,Craven
2011,E07000164,Hambleton,-1.3222456708870678,-1.9220379475450065,1,0.573320323924846,5.613934488107967e-05,0.573320323924846,0.406085633237172,0.015968408999137092,0.0006358642172664047,0.003933630276697574,48.67,34.42,12.6,4.31,2.56,18.1,3.0,3.13,2.27,1.37,E07000164,Hambleton,matched_reference,E07000164,Hambleton
2011,E07000165,Harrogate,-2.0661479794599145,-1.440042725007991,1,0.8159907894544804,5.1807869359202154e-05,0.8159907894544804,0.16924869409799062,0.005679545012801111,0.0014172265712317754,0.007611936994136737,50.63,33.77,11.8,3.79,2.57,15.52,3.32,3.35,2.27,1.3,E07000165,Harrogate,matched_reference,E07000165,Harrogate
2011,E07000166,Richmondshire,-2.184865395949692,-0.9762891272005968,1,0.9108336249498707,5.059033746601799e-05,0.9108336249498707,0.06488484316864891,0.003434489520508161,0.0027684283667334096,0.018028023656772547,51.34,33.45,11.52,3.69,2.89,14.9,2.42,3.61,2.17,1.82,E07000166,Richmondshire,matched_reference,E07000166,Richmondshire
2011,E07000167,Ryedale,-0.2307912886988725,-2.2697298553127707,2,0.6559991001995706,6.152452884109123e-05,0.3039554093895723,0.6559991001995706,0.037088440943202655,0.0004059944810802286,0.0024895304577330787,45.52,35.7,14.16,4.62,2.74,18.64,3.41,3.13,2.51,1.41,E07000167,Ryedale,matched_reference,E07000167,Ryedale
2011,E07000168,Scarborough,2.3940935067175095,-1.221674342995543,2,0.7453008470914237,6.040169331883904e-05,0.00017857196586701778,0.7453008470914237,0.2408663102717632,0.0028965027867452007,0.01069736619088224,41.58,35.59,16.17,6.66,4.25,20.3,3.96,3.51,4.67,1.76,E07000168,Scarborough,matched_reference,E07000168,Scarborough
2011,E07000169,Selby,-0.9865461808944956,-1.289389068674764,1,0.5963137266483426,8.556966098034626e-05,0.5963137266483426,0.34139103814843247,0.02854292590175684,0.0020097793114576415,0.03165696032903009,48.35,34.3,12.77,4.58,3.48,15.7,3.05,3.53,2.57,1.21,E07000169,Selby,matched_reference,E07000169,Selby
2011,E07000170,Ashfield,2.7982329076667942,-0.032940098467189566,3,0.8714214422518968,6.741627599972422e-05,3.48217134961037e-07,0.09436375199264371,0.8714214422518968,0.01750764417222221,0.016639397090102644,42.05,34.48,16.31,7.16,4.7,16.52,3.32,4.53,5.58,1.93,E07000170,Ashfield,matched_reference,E07000170,Ashfield
2011,E07000171,Bassetlaw,2.2106995315849254,-0.33394903783912067,3,0.7003102424880159,0.00010316158836040248,2.3851003408852196e-05,0.24063052393249315,0.7003102424880159,0.013168777105705893,0.04576344388201594,42.82,34.68,15.77,6.74,3.95,17.05,3.5,3.8,5.06,2.7,E07000171,Bassetlaw,matched_reference,E07000171,Bassetlaw
2011,E07000172,Broxtowe,0.28272396936155475,-0.9980302114126541,2,0.6296131594968851,0.00015383375972710127,0.09040860023305042,0.6296131594968851,0.16815829428775564,0.004857884738766092,0.10680822748381572,45.51,34.96,14.26,5.27,3.87,16.48,5.61,3.34,3.47,1.43,E07000172,Broxtowe,matched_reference,E07000172,Broxtowe
2011,E07000173,Gedling,0.5894525056537671,-1.2413090830604563,2,0.7473647733532487,0.00010987549102597701,0.052002050110000246,0.7473647733532487,0.14847369386351628,0.002647721825116725,0.04940188535709221,45.05,35.17,14.51,5.27,4.07,16.54,3.61,3.26,3.64,1.52,E07000173,Gedling,matched_reference,E07000173,Gedling
2011,E07000174,Mansfield,3.3522743557150156,0.21643097362334057,3,0.9399790262896783,3.9425885201693985e-05,4.000567699966886e-09,0.035113224884281605,0.9399790262896783,0.02048533025330913,0.004382988686961746,41.44,34.36,16.2,8.0,4.6,15.71,3.45,4.45,6.48,2.01,E07000174,Mansfield,matched_reference,E07000174,Mansfield
2011,E07000175,Newark and Sherwood,1.024179311617115,-0.6711093560416332,2,0.4844129229732571,0.00016443095868814083,0.006865706866269315,0.4844129229732571,0.3651096931416022,0.008865873431621683,0.13458137262856165,44.86,34.55,14.7,5.89,3.56,17.06,3.75,4.07,4.27,1.96,E07000175,Newark and Sherwood,matched_reference,E07000175,Newark and Sherwood
2011,E07000176,Rushcliffe,-2.397776314465849,-0.8000496671944487,1,0.940572149767369,4.606240014528958e-05,0.940572149767369,0.034630706043757016,0.0019917617980922506,0.0036248244338950956,0.01913449555674134,51.91,32.59,11.5,3.99,2.75,15.88,5.53,3.02,2.18,1.53,E07000176,Rushcliffe,matched_reference,E07000176,Rushcliffe
2011,E07000177,Cherwell,-1.9861904674100612,-0.6178747573029251,1,0.905743941424547,6.492230031493602e-05,0.905743941424547,0.037349122154203156,0.004332622590302827,0.005381194190827649,0.047128197339804494,50.33,34.65,11.17,3.85,2.84,12.29,3.45,3.82,2.46,2.29,E07000177,Cherwell,matched_reference,E07000177,Cherwell
2011,E07000178,Oxford,-4.155970306303146,2.922866441213496,4,0.9848103891244075,4.4410335815288044e-06,0.015015759066723708,7.194751131842296e-13,4.279187903670834e-09,0.9848103891244075,0.00016940649537991722,55.23,31.73,9.43,3.61,3.21,7.05,21.56,3.55,2.64,1.94,E07000178,Oxford,matched_reference,E07000178,Oxford
2011,E07000179,South Oxfordshire,-2.8785305600872206,-0.8040287263479406,1,0.9623387983246886,3.802190591287659e-05,0.9623387983246886,0.022384472801632856,0.0008047183672382996,0.003992127295942453,0.010441861304585076,52.56,33.35,10.73,3.35,2.52,13.9,3.49,3.97,1.87,1.62,E07000179,South Oxfordshire,matched_reference,E07000179,South Oxfordshire
2011,E07000180,Vale of White Horse,-2.7605376637095578,-1.0878208074581124,1,0.9346707316247094,4.2959417700088534e-05,0.9346707316247094,0.053418408541636694,0.0014522503057248528,0.0027748334004084737,0.007640816709820368,51.85,33.98,10.8,3.36,2.5,13.89,3.89,3.86,1.92,1.33,E07000180,Vale of White Horse,matched_reference,E07000180,Vale of White Horse
2011,E07000181,West Oxfordshire,-2.6494710343919072,-1.5045647248444745,1,0.8434112987457838,5.196680340322177e-05,0.8434112987457838,0.14788410579957928,0.0029510501322772623,0.0017582301411055252,0.0039433483778509425,51.52,33.82,11.15,3.5,2.27,13.68,3.02,3.41,1.83,1.24,E07000181,West Oxfordshire,matched_reference,E07000181,West Oxfordshire
2011,E07000187,Mendip,-0.3909458910552131,-1.178389535601367,2,0.5197834910350387,0.00012262866070448172,0.3406296541520088,0.5197834910350387,0.07210148554545015,0.003064920711794873,0.06429781989500273,46.81,35.02,13.38,4.79,2.92,15.32,4.24,3.73,3.3,1.63,E07000187,Mendip,matched_reference,E07000187,Mendip
2011,E07000188,Sedgemoor,0.9019765639453772,-1.08103346545419,2,0.7059685220348549,0.00011693759148597192,0.01902878771146087,0.7059685220348549,0.20949656238034464,0.003649059930356335,0.06174013035149742,44.55,35.16,14.77,5.52,3.58,17.03,3.37,4.05,3.98,1.65,E07000188,Sedgemoor,matched_reference,E07000188,Sedgemoor
2011,E07000189,South Somerset,-0.0481471776785697,-2.0622419048326464,2,0.7049866579817554,6.470913025548857e-05,0.2437047403028241,0.7049866579817554,0.045792986128116386,0.0005455457700199638,0.004905360687028625,45.45,35.91,13.82,4.82,2.74,17.92,2.95,3.56,3.06,1.36,E07000189,South Somerset,matched_reference,E07000189,South Somerset
2011,E07000192,Cannock Chase,1.6524932196691993,-0.2635515666097036,3,0.6535039284423162,0.00014936844273224774,0.00021770819872091456,0.2205217764896224,0.6535039284423162,0.016479693231070687,0.10912752519553764,43.74,35.02,14.46,6.78,4.58,14.85,3.6,4.16,4.73,1.67,E07000192,Cannock Chase,matched_reference,E07000192,Cannock Chase
2011,E07000193,East Staffordshire,0.24407208990399418,-0.324026689314804,5,0.40679828812081453,0.0002833876604612651,0.04191767448299422,0.23764506156244233,0.29148367343690507,0.021871914736382815,0.40679828812081453,45.86,35.72,13.47,4.94,3.82,15.05,3.7,4.44,3.74,2.54,E07000193,East Staffordshire,matched_reference,E07000193,East Staffordshire
2011,E07000194,Lichfield,-0.2714661149523652,-1.2236671911915074,2,0.5712339996383506,0.00011950727303813601,0.28847608996789204,0.5712339996383506,0.07885094850040011,0.002798905694315961,0.05852054892600333,46.92,34.79,13.17,5.12,3.39,18.57,3.74,3.48,3.04,1.79,E07000194,Lichfield,matched_reference,E07000194,Lichfield
2011,E07000195,Newcastle-under-Lyme,1.0536260884123676,-0.36179361745282046,3,0.48876854020952065,0.0002014215831593796,0.0031187051436451026,0.28544149938691726,0.48876854020952065,0.01639626155989117,0.20607357211686664,44.65,34.48,14.37,6.49,3.66,16.06,7.65,3.23,4.7,1.68,E07000195,Newcastle-under-Lyme,matched_reference,E07000195,Newcastle-under-Lyme
2011,E07000196,South Staffordshire,0.11346026227322267,-1.532405215937093,2,0.7289765242702355,8.915854957720197e-05,0.16582961150632225,0.7289765242702355,0.07928149302970795,0.0014250766770924875,0.02439813596706454,45.34,35.5,13.78,5.37,3.31,18.28,3.91,3.17,2.76,1.98,E07000196,South Staffordshire,matched_reference,E07000196,South Staffordshire
2011,E07000197,Stafford,-0.2488388319532696,-1.346651845281616,2,0.6044368784619508,0.00010473668036259055,0.28174806827577886,0.6044368784619508,0.07075998122496609,0.002096021104486534,0.04085431425245516,46.13,35.59,13.23,5.05,3.11,16.7,5.06,2.97,3.11,2.0,E07000197,Stafford,matched_reference,E07000197,Stafford
2011,E07000198,Staffordshire Moorlands,0.9848323976037033,-2.041549175569725,2,0.8699987255306012,6.321036949280065e-05,0.04956157212616502,0.8699987255306012,0.07483101815585708,0.0006510020123944793,0.0048944718054892925,44.15,35.06,14.86,5.92,2.82,19.07,3.3,2.9,4.06,1.32,E07000198,Staffordshire Moorlands,matched_reference,E07000198,Staffordshire Moorlands
2011,E07000199,Tamworth,0.5855459549314858,-0.44811445181931703,3,0.35458891406980475,0.00023596702551370837,0.018874976580877563,0.33103530119211527,0.35458891406980475,0.01579573788005502,0.27946910325163343,45.6,35.23,13.43,5.74,4.47,14.26,3.54,4.16,4.12,1.44,E07000199,Tamworth,matched_reference,E07000199,Tamworth
2011,E07000200,Babergh,-0.6094116678778447,-1.677647159615516,2,0.5369450961516092,7.220653527240684e-05,0.41288526066268144,0.5369450961516092,0.03623244468012816,0.0009775701242715215,0.0128874218460372,46.59,35.83,13.25,4.34,2.98,18.18,3.38,4.23,2.53,1.37,E07000200,Babergh,matched_reference,E07000200,Babergh
2011,E07000202,Ipswich,0.5900478829236894,0.42575448732293986,5,0.4709330908934668,0.0003143698564831037,0.0016987197684185699,0.025577125645022895,0.4299706309577633,0.0715060628788454,0.4709330908934668,45.56,35.84,13.53,5.07,5.36,11.61,3.84,4.8,4.17,2.08,E07000202,Ipswich,matched_reference,E07000202,Ipswich
2011,E07000203,Mid Suffolk,-1.2112204043890518,-1.8883117253017596,1,0.5578775687146783,5.731755013856975e-05,0.5578775687146783,0.418911513742633,0.017809528949774625,0.0006591905178000315,0.0046848805249753815,47.88,35.31,12.85,3.95,2.55,17.4,2.9,3.97,2.24,1.27,E07000203,Mid Suffolk,matched_reference,E07000203,Mid Suffolk
2011,E07000207,Elmbridge,-3.9067888930000274,1.2031386498756893,1,0.8268149844270356,2.514910200758836e-05,0.8268149844270356,1.3297770324832237e-06,2.865911838568933e-06,0.16213941170555102,0.011016259076534723,56.45,30.99,9.44,3.12,2.67,12.21,4.49,6.36,1.78,1.78,E07000207,Elmbridge,matched_reference,E07000207,Elmbridge
2011,E07000208,Epsom and Ewell,-2.7914648894594336,-0.4581853073855025,1,0.965336443146525,3.7723273348449295e-05,0.965336443146525,0.008539040678868662,0.0006188712429909822,0.006247550839513509,0.019220370818753305,52.21,33.76,10.64,3.4,2.73,13.44,5.14,4.19,2.08,1.6,E07000208,Epsom and Ewell,matched_reference,E07000208,Epsom and Ewell
2011,E07000209,Guildford,-3.587064318563035,0.44905506540983736,1,0.9523231225766233,2.5481775221768742e-05,0.9523231225766233,9.522255644282341e-05,2.5164012985126912e-05,0.03306452434173226,0.014466484736994968,53.92,33.13,9.8,3.15,2.69,11.32,8.51,4.43,1.89,1.69,E07000209,Guildford,matched_reference,E07000209,Guildford
2011,E07000210,Mole Valley,-2.4150903673317585,-0.9291929157567228,1,0.9331868532329167,4.554262886965405e-05,0.9331868532329167,0.046719950289994275,0.002161995682481231,0.0030070206681373783,0.014878637497600836,51.45,33.73,11.25,3.56,2.52,15.66,3.82,4.37,2.1,1.37,E07000210,Mole Valley,matched_reference,E07000210,Mole Valley
2011,E07000211,Reigate and Banstead,-2.3744113796067348,-0.2581551610504783,1,0.9323097999723254,5.46428568265969e-05,0.9323097999723254,0.008262514689597723,0.0014178817829359441,0.009447000396771972,0.04850816030154221,51.55,34.03,10.79,3.63,2.92,12.38,3.54,4.39,2.32,2.14,E07000211,Reigate and Banstead,matched_reference,E07000211,Reigate and Banstead
2011,E07000212,Runnymede,-2.769246469104106,-0.08726115843456118,1,0.9520261886588317,4.145367570046126e-05,0.9520261886588317,0.0026521159003423194,0.00044825335622885926,0.011931575667980955,0.03290041274091557,51.32,34.1,10.89,3.69,2.73,11.86,9.16,3.94,1.9,1.54,E07000212,Runnymede,matched_reference,E07000212,Runnymede
2011,E07000213,Spelthorne,-1.3051057488825029,-1.1307908227757582,1,0.7291974964079628,8.076895979704282e-05,0.7291974964079628,0.21432145422991775,0.018029955412692932,0.002531065745614002,0.03583925924401552,48.04,35.82,12.04,4.1,3.26,13.29,3.23,3.9,2.27,1.85,E07000213,Spelthorne,matched_reference,E07000213,Spelthorne
2011,E07000214,Surrey Heath,-3.2172848118611976,-0.3770207890787077,1,0.9760535819981919,3.0602477503600783e-05,0.9760535819981919,0.004105762403823529,0.00022002301934022212,0.007778178388013975,0.011811851713126523,53.47,33.3,10.0,3.23,2.77,13.49,3.49,4.36,1.69,1.82,E07000214,Surrey Heath,matched_reference,E07000214,Surrey Heath
2011,E07000215,Tandridge,-2.1255672999970185,-0.7647900540173347,1,0.919873293611303,5.4867535905159836e-05,0.919873293611303,0.04343728682659801,0.003396470802843829,0.0039369150853821805,0.029301166137967998,50.5,34.36,11.39,3.76,2.77,14.11,4.34,4.3,2.2,1.57,E07000215,Tandridge,matched_reference,E07000215,Tandridge
2011,E07000216,Waverley,-3.1138005963717443,-0.0926510027198769,1,0.967466929118349,3.1982409994270244e-05,0.967466929118349,0.001662329301403505,0.00018725979095076146,0.011687557829326352,0.0189639415499762,53.52,32.72,10.5,3.26,2.42,14.32,5.14,4.95,2.06,1.53,E07000216,Waverley,matched_reference,E07000216,Waverley
2011,E07000217,Woking,-2.555095368544912,0.10225774118415511,1,0.9178123412133332,5.616220018711611e-05,0.9178123412133332,0.0019991437918597727,0.0006998178005299163,0.018879125202384654,0.06055340979170532,51.78,34.57,10.27,3.39,3.22,11.49,3.57,5.51,2.27,1.8,E07000217,Woking,matched_reference,E07000217,Woking
2011,E07000218,North Warwickshire,0.5915109834198289,-1.3007936584545632,2,0.7631752849028337,0.00010354920221669831,0.054431142980838475,0.7631752849028337,0.13791975521145278,0.0023196999250334484,0.04205056777762506,45.12,34.84,14.07,5.98,3.6,16.54,3.32,3.34,3.53,1.46,E07000218,North Warwickshire,matched_reference,E07000218,North Warwickshire
2011,E07000219,Nuneaton and Bedworth,1.400037316156408,-0.4681779373564838,3,0.5155651475730153,0.0001578198736192213,0.0011148647573336302,0.3472583420168185,0.5155651475730153,0.012251630716660116,0.12365219506255337,43.98,35.33,14.48,6.21,4.74,15.61,3.56,3.93,4.41,1.73,E07000219,Nuneaton and Bedworth,matched_reference,E07000219,Nuneaton and Bedworth
2011,E07000220,Rugby,-0.856846979323253,-1.1204657759779661,1,0.5611228244064058,0.00010749345679717422,0.5611228244064058,0.3396263589728872,0.03909814646276264,0.0030747370024424596,0.05697043969870482,47.68,35.28,12.57,4.47,3.59,14.74,3.9,3.51,2.84,1.54,E07000220,Rugby,matched_reference,E07000220,Rugby
2011,E07000221,Stratford-on-Avon,-1.2510034807833983,-1.8112317330200465,1,0.5819282107068071,5.7969133869586464e-05,0.5819282107068071,0.3944386897542832,0.017132886946670752,0.0007406851766679519,0.0057015582817015195,48.22,34.83,12.71,4.24,2.46,17.27,3.4,3.48,2.31,1.42,E07000221,Stratford-on-Avon,matched_reference,E07000221,Stratford-on-Avon
2011,E07000222,Warwick,-2.232743248366772,-0.45628487794149303,1,0.9295365800505562,5.6570576423858225e-05,0.9295365800505562,0.01766515119332677,0.002256217152118399,0.0067212712674804154,0.04376420976009452,50.61,33.94,11.42,4.03,3.03,12.95,8.98,2.93,2.55,1.34,E07000222,Warwick,matched_reference,E07000222,Warwick
2011,E07000223,Adur,1.217662031551648,-1.692381801086694,2,0.861232318571048,6.651217270610085e-05,0.01821248457902558,0.861232318571048,0.10866020951910371,0.0010914069965948182,0.010737068161521616,42.67,36.57,15.01,5.75,3.34,16.81,3.31,3.91,3.63,1.54,E07000223,Adur,matched_reference,E07000223,Adur
2011,E07000224,Arun,1.510393167247669,-2.035129339079971,2,0.8961463846602774,5.830405505175768e-05,0.015713643791833896,0.8961463846602774,0.08345380352226933,0.0007273524995407569,0.0039005114710266883,41.98,36.77,15.58,5.66,3.34,20.42,3.11,3.68,3.52,1.8,E07000224,Arun,matched_reference,E07000224,Arun
2011,E07000225,Chichester,-0.9464975099455114,-1.3385828646122888,1,0.574282632947736,8.368914364039449e-05,0.574282632947736,0.3659253372999476,0.02945592990103429,0.0018289726406696654,0.028423438066972055,47.64,34.95,13.09,4.32,2.8,18.23,4.43,4.19,2.4,1.52,E07000225,Chichester,matched_reference,E07000225,Chichester
2011,E07000226,Crawley,-0.6924272550048222,0.2205731103773524,5,0.6870823150024761,0.0003300565249657684,0.1467952482976651,0.025736253563466406,0.07965178983287984,0.060404336778546695,0.6870823150024761,47.61,35.91,12.06,4.42,4.51,9.48,3.34,4.91,3.21,2.14,E07000226,Crawley,matched_reference,E07000226,Crawley
2011,E07000227,Horsham,-2.244512480635685,-1.2414057520250295,1,0.8782466072018358,4.916460585967876e-05,0.8782466072018358,0.10614290803558923,0.003789056154933416,0.0019164592441024485,0.00985580475767952,50.57,34.79,11.1,3.53,2.71,15.48,3.49,4.19,2.15,1.28,E07000227,Horsham,matched_reference,E07000227,Horsham
2011,E07000228,Mid Sussex,-2.668573516361789,-1.0523631895673884,1,0.9349497809189091,4.3005928004355244e-05,0.9349497809189091,0.051697366962491643,0.0016001539523201442,0.002760428769916519,0.00894926346835803,51.8,33.98,10.68,3.54,2.43,14.17,3.56,4.03,2.04,1.36,E07000228,Mid Sussex,matched_reference,E07000228,Mid Sussex
2011,E07000229,Worthing,0.8137494959396497,-1.4135813539346962,2,0.8029600572465971,8.831201638965365e-05,0.03519639275734394,0.8029600572465971,0.132109075106076,0.0017998724236577674,0.02784629044993547,44.22,36.1,14.41,5.26,3.47,15.37,3.06,3.66,4.15,1.61,E07000229,Worthing,matched_reference,E07000229,Worthing
2011,E07000234,Bromsgrove,-1.1042219405343918,-0.8212566607400165,1,0.680132171611089,0.00012227537762089623,0.680132171611089,0.18597215826888217,0.030000860170718506,0.005528015421668321,0.09824451915002085,49.05,33.43,12.69,4.82,3.05,16.27,4.18,2.82,2.53,2.44,E07000234,Bromsgrove,matched_reference,E07000234,Bromsgrove
2011,E07000235,Malvern Hills,0.15765404143899775,-1.4668484746392805,2,0.7309685478681925,9.446699178715506e-05,0.14993064986647056,0.7309685478681925,0.08782305084854741,0.0016409218907606606,0.029542362534241896,45.57,35.07,14.06,5.3,3.16,19.23,4.83,3.51,3.16,1.51,E07000235,Malvern Hills,matched_reference,E07000235,Malvern Hills
2011,E07000236,Redditch,0.06152494173707843,-0.24079753231655035,5,0.48222370558646876,0.00030535407779995114,0.05958127350389691,0.18179917486775798,0.24969619332658463,0.026394298637491882,0.48222370558646876,46.77,34.86,12.96,5.41,4.6,12.96,3.83,3.9,3.8,1.58,E07000236,Redditch,matched_reference,E07000236,Redditch
2011,E07000237,Worcester,-0.5221466149482676,-0.2352772427516077,5,0.4963684580495824,0.00029586409668105976,0.23563428665987843,0.12475333791400874,0.11593548114177069,0.027012572138078696,0.4963684580495824,47.44,34.93,12.78,4.85,4.18,12.15,5.51,3.7,3.4,1.69,E07000237,Worcester,matched_reference,E07000237,Worcester
2011,E07000238,Wychavon,-0.43024058905090234,-1.7519460792438826,2,0.5983699071032174,7.13973328837704e-05,0.34829797990584754,0.5983699071032174,0.04122400226746661,0.0008705503114154565,0.01116616307916917,46.36,35.61,13.35,4.69,3.13,17.39,3.34,3.39,2.66,1.55,E07000238,Wychavon,matched_reference,E07000238,Wychavon
2011,E07000239,Wyre Forest,1.4450670345226189,-1.0845474262955548,2,0.7056021423252976,9.468328490772984e-05,0.0036007550327164795,0.7056021423252976,0.24822259266112434,0.0034383102756971886,0.03904151642025663,43.61,35.19,15.19,6.0,4.2,18.47,3.34,3.65,4.11,1.71,E07000239,Wyre Forest,matched_reference,E07000239,Wyre Forest
2011,E07000240,St Albans,-3.556356669571157,0.2850451199810361,1,0.9620181733866379,2.519810806754138e-05,0.9620181733866379,0.00020354352690433352,3.504948263251754e-05,0.024259062108358865,0.01345897338739912,55.12,31.86,9.81,3.21,2.72,12.34,4.62,4.82,2.08,1.48,E07000240,St Albans,not_in_tableau_reference,E07000240,St Albans
2011,E07000241,Welwyn Hatfield,-2.3641119581283783,0.5628923769835164,1,0.7833735097310924,0.00010361686712431208,0.7833735097310924,0.0005804985754109403,0.0010146338558919658,0.06442406845729365,0.15050367251318678,50.89,33.92,11.24,3.95,3.3,10.94,10.97,4.03,2.56,1.53,E07000241,Welwyn Hatfield,not_in_tableau_reference,E07000241,Welwyn Hatfield
2011,E07000242,East Hertfordshire,-2.9096951535106,-0.4733848408315879,1,0.9694628054988828,3.542536410472787e-05,0.9694628054988828,0.007842829883817064,0.0004868028907119651,0.0062123621366064734,0.015959774225876834,52.53,33.7,10.4,3.36,2.85,12.47,4.4,4.4,2.06,1.3,E07000242,East Hertfordshire,not_in_tableau_reference,E07000242,East Hertfordshire
2011,E07000243,Stevenage,-0.39470088403302805,-0.041685293482953883,5,0.6143063171444525,0.0003277177277371854,0.1275263484847862,0.07939864792278709,0.13963779281582994,0.038803175904407024,0.6143063171444525,47.06,35.68,12.69,4.57,4.8,11.07,3.72,4.58,3.28,1.7,E07000243,Stevenage,not_in_tableau_reference,E07000243,Stevenage
2011,E07000244,East Suffolk,1.0512227875572082,-1.3207088241318756,2,0.7887763700839293,8.898015605848732e-05,0.01696363417764843,0.7887763700839293,0.16136045314122593,0.0021493179891685222,0.03066124445196923,43.78,35.86,14.89,5.47,3.6,19.84,3.16,4.22,3.57,1.93,E07000244,East Suffolk,not_in_tableau_reference,E07000244,East Suffolk
2011,E07000245,West Suffolk,-0.9453487909495474,-1.010762328355789,1,0.6077318030356248,0.00011390175385044903,0.6077318030356248,0.2808240544801264,0.03632827473280383,0.0038367700079349415,0.07116519598965983,47.6,35.64,12.48,4.28,3.1,14.28,2.99,3.87,2.56,2.37,E07000245,West Suffolk,not_in_tableau_reference,E07000245,West Suffolk
2011,E07000246,Somerset West and Taunton,0.28740526959431895,-1.601009461504611,2,0.7703120313840578,8.346748664480371e-05,0.12595754493105335,0.7703120313840578,0.08270690467478628,0.0012459362434290421,0.01969411528002859,45.58,34.95,14.22,5.25,2.8,17.39,3.73,3.39,3.74,1.49,E07000246,Somerset West and Taunton,not_in_tableau_reference,E07000246,Somerset West and Taunton
2011,E08000001,Bolton,1.6208785111924284,1.125450927359038,3,0.8063217640445022,0.0001610453507158414,6.830714985704867e-07,0.0012650575983493657,0.8063217640445022,0.12402449699905871,0.06822695293587556,45.36,33.88,14.14,6.62,4.94,14.7,5.14,4.73,5.77,2.43,E08000001,Bolton,matched_reference,E08000001,Bolton
2011,E08000002,Bury,0.5903357400289991,0.26377409979619315,5,0.4653023202263375,0.00030396186948374244,0.002853995003685143,0.04580992867081862,0.43102928783387157,0.05470050639580323,0.4653023202263375,47.08,33.3,13.74,5.87,4.28,14.52,4.51,3.84,4.9,1.94,E08000002,Bury,matched_reference,E08000002,Bury
2011,E08000003,Manchester,0.6548216767520648,4.3547977367602195,4,0.9996814300647969,5.195617755036929e-06,1.0655177543365772e-14,6.909409983500848e-16,0.00031292125772411307,0.9996814300647969,4.5305971245774806e-07,48.76,31.69,12.45,7.09,5.71,7.62,14.1,4.88,6.57,3.31,E08000003,Manchester,matched_reference,E08000003,Manchester
2011,E08000004,Oldham,1.965135136602253,1.979053890059562,3,0.6929638713276298,9.395909582842573e-05,6.229394638004242e-10,9.397243247388073e-06,0.6929638713276298,0.3006628048104972,0.006269966899858132,45.14,33.34,14.57,6.94,5.42,14.04,5.09,5.66,5.76,2.85,E08000004,Oldham,matched_reference,E08000004,Oldham
2011,E08000005,Rochdale,2.6636618858747507,2.2851574254567115,3,0.7619974881627035,3.4567332801018456e-05,5.201229951945958e-13,9.624912617454162e-07,0.7619974881627035,0.2375587438039769,0.00040823820873707,44.51,33.14,14.79,7.56,5.92,13.65,5.25,5.13,6.84,3.0,E08000005,Rochdale,matched_reference,E08000005,Rochdale
2011,E08000006,Salford,2.0159182951925514,2.017340901132188,3,0.6932775983440949,8.72170461589623e-05,3.450852243713919e-10,7.227964731664334e-06,0.6932775983440949,0.30162105525548116,0.005006901044447741,46.03,32.35,14.04,7.57,5.22,12.1,5.83,4.06,6.88,2.89,E08000006,Salford,matched_reference,E08000006,Salford
2011,E08000007,Stockport,-0.0074354732684465,-0.31523296751942637,5,0.45294508470285305,0.0002977626602590791,0.08278865121880798,0.21263054494095734,0.22810223659446932,0.023235719882653147,0.45294508470285305,47.83,33.27,13.27,5.62,3.9,15.29,4.22,3.48,4.15,1.6,E08000007,Stockport,matched_reference,E08000007,Stockport
2011,E08000008,Tameside,2.351216733520172,0.6399031773776316,3,0.9274074159194521,7.834138348880063e-05,1.2072398811819074e-07,0.008599065905791074,0.9274074159194521,0.03937964272817498,0.024535413339104722,43.96,33.7,15.05,7.29,4.99,14.67,4.25,3.99,6.17,2.16,E08000008,Tameside,matched_reference,E08000008,Tameside
2011,E08000009,Trafford,-1.018858488759839,0.5309554681870264,5,0.6936813454088234,0.0003270696733979218,0.158593053302867,0.005708297424877304,0.037342551668920566,0.10434768252111382,0.6936813454088234,50.97,31.64,12.16,5.23,3.77,13.35,4.42,3.95,3.99,1.77,E08000009,Trafford,matched_reference,E08000009,Trafford
2011,E08000010,Wigan,1.9810539736164487,0.34603454843458803,3,0.8689690135464555,0.00011933435880043025,3.991898973375634e-06,0.03138586586157918,0.8689690135464555,0.03389270988916012,0.06562908444503116,45.39,32.7,14.72,7.18,4.86,16.16,3.51,3.51,6.2,1.8,E08000010,Wigan,matched_reference,E08000010,Wigan
2011,E08000011,Knowsley,3.484339663782837,3.2981566374136873,3,0.5962913869541648,7.113909618289141e-06,1.5628980004718728e-19,3.329764783274486e-10,0.5962913869541648,0.4037008406393369,6.581639034800595e-07,46.03,29.82,14.68,9.47,6.52,13.58,4.83,4.54,8.79,2.68,E08000011,Knowsley,matched_reference,E08000011,Knowsley
2011,E08000012,Liverpool,2.538842096315115,3.841383257210902,4,0.8998171988227692,9.67069136233082e-06,2.460894445155496e-18,1.697414461319138e-12,0.1001725902338987,0.8998171988227692,5.402502725686197e-07,46.73,30.47,14.03,8.77,6.72,11.51,10.31,3.83,7.97,2.98,E08000012,Liverpool,matched_reference,E08000012,Liverpool
2011,E08000013,St. Helens,2.6192524513952544,0.9068006822684976,3,0.9427869208013716,5.4125959374670236e-05,5.404022971204539e-09,0.002355691487825692,0.9427869208013716,0.045326362501634083,0.009476893845770756,44.85,31.93,14.94,8.28,5.12,17.09,4.09,3.84,6.67,1.86,E08000013,St. Helens,matched_reference,E08000013,St. Helens
2011,E08000014,Sefton,1.954868406298945,0.4045758704228763,3,0.8708116082451689,0.00012116313724895528,3.4877578793699515e-06,0.025383947567764492,0.8708116082451689,0.03692439508685062,0.06675539820508761,45.32,32.55,14.84,7.3,4.9,17.32,4.38,3.38,5.86,1.95,E08000014,Sefton,matched_reference,E08000014,Sefton
2011,E08000015,Wirral,1.9164536685523068,1.0960013510105442,3,0.8677849121248568,0.00011543071021307815,1.3967983916725686e-07,0.0012989921022293115,0.8677849121248568,0.0934481653405958,0.03735236004226571,46.29,31.92,14.29,7.5,5.17,16.79,4.54,3.92,6.38,1.99,E08000015,Wirral,matched_reference,E08000015,Wirral
2011,E08000016,Barnsley,3.7114304029483183,0.649148223862981,3,0.967714290106309,2.151266716979425e-05,2.6433831710894946e-11,0.005339005212249761,0.967714290106309,0.025924805973535088,0.0010003860143029436,41.6,33.58,16.42,8.4,5.13,16.44,3.65,4.36,7.0,2.06,E08000016,Barnsley,matched_reference,E08000016,Barnsley
2011,E08000017,Doncaster,2.5978465448884567,1.400234090933299,3,0.9144977508206429,4.7686938220610344e-05,3.13458656341388e-10,0.0002018638945057159,0.9144977508206429,0.0809494240144474,0.004303274018724785,43.56,34.05,15.13,7.25,5.75,15.44,3.97,4.87,5.87,2.96,E08000017,Doncaster,matched_reference,E08000017,Doncaster
2011,E08000018,Rotherham,2.5877016751682804,0.7187292882406237,3,0.9432806900336028,5.990747626241054e-05,1.9400921966878098e-08,0.005594839880969369,0.9432806900336028,0.03785443902881815,0.013210104179425357,43.23,33.91,15.27,7.59,5.23,16.56,3.94,4.72,5.65,2.16,E08000018,Rotherham,matched_reference,E08000018,Rotherham
2011,E08000019,Sheffield,0.4153354192563408,1.4635195660757614,4,0.44393178865128846,0.00040107418583441287,7.089530803595187e-05,0.0002100908780012397,0.2672678599023506,0.44393178865128846,0.2881182910744892,46.73,33.35,13.7,6.22,4.78,12.88,10.76,4.06,4.48,2.07,E08000019,Sheffield,matched_reference,E08000019,Sheffield
2011,E08000021,Newcastle upon Tyne,0.5192347728218291,2.7169195073428676,4,0.9628379026958144,0.0001058015359700431,2.1139317776340166e-08,1.7877464718278815e-08,0.03199412863504116,0.9628379026958144,0.00506212811639166,47.8,31.8,13.57,6.83,5.0,11.54,13.74,4.17,5.41,2.26,E08000021,Newcastle upon Tyne,matched_reference,E08000021,Newcastle upon Tyne
2011,E08000022,North Tyneside,1.6634968258587728,-0.10662684549006038,3,0.7151017421011173,0.0001539183705483727,0.00012028568405146425,0.14703245992799058,0.7151017421011173,0.020983529737101332,0.11660806417919102,44.84,33.34,15.02,6.8,4.94,15.89,3.59,3.41,4.97,1.65,E08000022,North Tyneside,matched_reference,E08000022,North Tyneside
2011,E08000023,South Tyneside,3.4451522969869988,1.4814967185409635,3,0.9472558512922786,1.6548057905962785e-05,4.739938717263213e-13,8.870256209823838e-05,0.9472558512922786,0.052285798252298905,0.00035309983494381076,42.76,32.99,16.0,8.25,6.56,15.92,4.23,4.31,6.64,2.24,E08000023,South Tyneside,matched_reference,E08000023,South Tyneside
2011,E08000024,Sunderland,3.4493751679466214,1.3565649549792205,3,0.9529155009605023,1.755482720994038e-05,1.1238594947999056e-12,0.000175239295243971,0.9529155009605023,0.0464232125132697,0.00046849240265052174,42.6,32.87,15.95,8.58,5.85,15.67,5.24,4.22,6.85,2.11,E08000024,Sunderland,matched_reference,E08000024,Sunderland
2011,E08000025,Birmingham,1.623027558888454,3.951166028916511,4,0.9873339793261087,1.0925693250655591e-05,7.485902275195371e-16,2.3561314702126233e-13,0.012653441101324379,0.9873339793261087,1.6538790795295809e-06,45.53,33.91,13.87,6.69,7.12,10.68,9.75,6.42,5.25,3.69,E08000025,Birmingham,matched_reference,E08000025,Birmingham
2011,E08000026,Coventry,0.553969851626135,1.6927604749970149,4,0.5715597576981788,0.0003567971326962444,1.2311265902180722e-05,5.6885266967894685e-05,0.26294160879313416,0.5715597576981788,0.16507263984312062,46.05,34.65,13.25,6.05,5.4,11.99,10.45,4.33,4.52,2.41,E08000026,Coventry,matched_reference,E08000026,Coventry
2011,E08000027,Dudley,2.062624620799371,-0.006820491480190052,3,0.8136005211165589,0.00011611952337546306,1.2744424811519514e-05,0.10214731449382276,0.8136005211165589,0.021180437440655543,0.06294286300077588,42.45,35.76,15.28,6.51,5.32,16.15,4.25,4.57,4.44,2.0,E08000027,Dudley,matched_reference,E08000027,Dudley
2011,E08000028,Sandwell,3.2814166067789885,2.558002335070757,3,0.8015136210503212,1.3414929182564679e-05,4.951313860730435e-16,1.109462432017314e-07,0.8015136210503212,0.19844746817975506,2.538489449765896e-05,41.93,34.76,15.61,7.7,7.31,13.02,5.34,5.86,5.78,3.19,E08000028,Sandwell,matched_reference,E08000028,Sandwell
2011,E08000029,Solihull,-0.26059602597690873,-0.5038153505021579,5,0.3502718230719665,0.00026333870904289027,0.19892288982505152,0.2776510174185164,0.15685561959830008,0.0160353113771225,0.3502718230719665,47.51,34.2,13.09,5.2,4.25,16.19,4.38,3.71,3.34,1.54,E08000029,Solihull,matched_reference,E08000029,Solihull
2011,E08000030,Walsall,2.873622924201686,1.8696236869039597,3,0.8825388037112697,2.9332188640001392e-05,2.029326056454283e-12,1.2265288546378806e-05,0.8825388037112697,0.11671836924032108,0.0007012295691932296,42.15,35.14,15.47,7.24,6.77,15.04,4.97,5.84,5.2,2.9,E08000030,Walsall,matched_reference,E08000030,Walsall
2011,E08000031,Wolverhampton,3.0924731481040046,2.345836323047251,3,0.8221680038695114,1.881708250626886e-05,1.193755852111938e-14,5.263038566868438e-07,0.8221680038695114,0.17771923028690462,9.342245720951023e-05,41.79,35.34,15.67,7.19,7.85,13.2,6.13,5.27,5.43,3.08,E08000031,Wolverhampton,matched_reference,E08000031,Wolverhampton
2011,E08000032,Bradford,1.3960215022602127,2.4455909270960445,4,0.7253333215615002,0.00012108511755133,1.0998944151432676e-09,3.480581897186146e-07,0.26946661834279734,0.7253333215615002,0.005078625820067452,44.81,35.61,13.7,5.88,5.8,12.0,6.37,6.69,4.96,3.43,E08000032,Bradford,matched_reference,E08000032,Bradford
2011,E08000033,Calderdale,0.6354975063625189,0.13731896654988582,3,0.4464033351598997,0.0002911098639187883,0.0035700144286126556,0.07094053562120431,0.4464033351598997,0.04392920762400047,0.4348657973023642,46.34,34.35,13.78,5.53,4.97,15.06,4.14,3.93,4.38,1.99,E08000033,Calderdale,matched_reference,E08000033,Calderdale
2011,E08000034,Kirklees,0.8144352318528378,0.7419637912298234,3,0.5259311013625136,0.0003057544569435467,0.0002230976871496053,0.007797369993899199,0.5259311013625136,0.11318905935822832,0.3525536171412655,45.53,34.97,13.74,5.76,4.71,14.33,5.73,4.96,4.4,2.39,E08000034,Kirklees,matched_reference,E08000034,Kirklees
2011,E08000035,Leeds,-0.3028449238987926,0.9616903240582965,5,0.668110649043625,0.0004022460437575141,0.00713098801826111,0.0016247932874619263,0.10933484162784057,0.2133964819790536,0.668110649043625,48.08,33.8,12.71,5.41,4.78,12.38,8.21,3.64,4.01,2.23,E08000035,Leeds,matched_reference,E08000035,Leeds
2011,E08000036,Wakefield,2.7387041025127754,0.26417339810978824,3,0.9272124526306883,6.273316281203252e-05,1.0097349111025213e-07,0.03406849947655865,0.9272124526306883,0.023193028958132234,0.015463184798317837,42.75,34.04,15.53,7.68,4.86,16.07,3.52,3.96,5.85,2.24,E08000036,Wakefield,matched_reference,E08000036,Wakefield
2011,E08000037,Gateshead,2.830325432325677,0.40309386468541336,3,0.943876384589309,5.43510190079775e-05,2.780473605482877e-08,0.019384807524935446,0.943876384589309,0.02554225315546959,0.011142175906541959,42.61,33.87,15.56,7.96,5.01,15.89,4.61,3.83,5.97,2.04,E08000037,Gateshead,not_in_tableau_reference,E08000037,Gateshead
2011,E09000001,City of London,-4.078170265546208,0.003573739052586948,1,0.9733457128483178,2.140931200950135e-05,0.9733457128483178,0.0003927941111076886,1.663546808566866e-05,0.021149975531498128,0.005073472728980994,55.76,32.19,8.72,3.34,2.96,9.2,5.76,2.43,1.84,1.95,E09000001,City of London,matched_reference,E09000001,City of London
2011,E09000002,Barking and Dagenham,1.0222268209981984,4.349368762574266,4,0.9991213849697949,5.361541535982821e-06,1.0070764009553033e-15,1.2247802998755892e-15,0.0008729516424655167,0.9991213849697949,3.018462013492615e-07,47.24,33.74,12.93,6.09,7.34,8.62,7.44,7.43,5.06,3.72,E09000002,Barking and Dagenham,matched_reference,E09000002,Barking and Dagenham
2011,E09000003,Barnet,-1.7822886314664468,2.33510199517154,4,0.9640677506984688,0.00010311560622986437,0.0022659611372252138,2.5654488523260628e-08,0.00025409478249497155,0.9640677506984688,0.033309052121092586,51.48,32.97,10.99,4.56,4.44,8.89,8.17,5.52,3.05,2.99,E09000003,Barnet,matched_reference,E09000003,Barnet
2011,E09000004,Bexley,-0.6824993621333174,0.339100786015313,5,0.7205851722828982,0.0003397868414529518,0.111146541581165,0.01674608927990386,0.0770493495766551,0.07413306043792486,0.7205851722828982,47.98,34.68,12.51,4.83,4.37,13.16,5.53,4.64,2.98,2.05,E09000004,Bexley,matched_reference,E09000004,Bexley
2011,E09000005,Brent,-0.2644104848872281,2.977427541843859,4,0.9951901156596612,6.0865075769457116e-05,1.4710142966116267e-07,5.897654918808848e-10,0.0022834797833385387,0.9951901156596612,0.002465391790036122,48.1,34.76,11.8,5.34,5.79,7.97,8.52,5.58,3.9,3.87,E09000005,Brent,matched_reference,E09000005,Brent
2011,E09000006,Bromley,-1.564254805674687,0.2221334794165159,1,0.5799077871885027,0.00019187317877241564,0.5799077871885027,0.008320229306555509,0.011637602091756568,0.04618374030066707,0.3537587679337456,50.1,34.12,11.67,4.11,3.9,13.33,4.78,4.77,2.72,1.93,E09000006,Bromley,matched_reference,E09000006,Bromley
2011,E09000007,Camden,-1.8792676700335662,3.6613771144886975,4,0.9999214672097113,7.929893287650249e-06,1.0136251220147077e-06,3.011268925707859e-14,1.2435622963084238e-06,0.9999214672097113,6.834570955230143e-05,53.41,30.56,10.42,5.6,4.46,6.85,13.08,4.53,4.41,3.02,E09000007,Camden,matched_reference,E09000007,Camden
2011,E09000008,Croydon,-0.5562874409144924,1.5297730021323808,4,0.5524721719242838,0.00039535636743921987,0.0022651485404943136,6.178254715416891e-05,0.04172757517226209,0.5524721719242838,0.4030779654483666,48.04,35.4,11.96,4.59,5.52,9.91,6.33,5.04,3.52,2.84,E09000008,Croydon,matched_reference,E09000008,Croydon
2011,E09000009,Ealing,-0.793967580696996,2.5585906632090456,4,0.9797705108010499,0.0001098029779777879,2.3019114491263056e-05,1.5026545864635903e-08,0.0020618233166759922,0.9797705108010499,0.018034828763259212,49.16,34.48,11.35,5.0,5.21,8.27,7.43,5.76,3.61,3.48,E09000009,Ealing,matched_reference,E09000009,Ealing
2011,E09000010,Enfield,0.3702915956747822,2.844001518276517,4,0.9804160402631761,8.504564772111979e-05,1.7810853578229658e-08,4.696944466389958e-09,0.016295428034162653,0.9804160402631761,0.003203463547142293,46.84,35.01,12.71,5.45,5.89,9.85,7.67,6.01,4.13,3.9,E09000010,Enfield,matched_reference,E09000010,Enfield
2011,E09000011,Greenwich,-0.42460843932689546,3.2647418617917907,4,0.998760669544106,3.426721248950123e-05,3.840743158991054e-08,2.6143119516841702e-11,0.0005806398933235104,0.998760669544106,0.0006243849165058715,50.14,32.95,11.54,5.36,6.17,8.41,7.47,5.13,4.62,3.64,E09000011,Greenwich,matched_reference,E09000011,Greenwich
2011,E09000012,Hackney,-0.4968067722745311,4.791121688561149,4,0.9999966796797735,1.6147368969535427e-06,2.0549961168226937e-13,4.757439935807524e-19,1.6501343350971003e-06,0.9999966796797735,5.544878873009203e-08,52.15,30.74,10.9,6.21,7.05,5.57,8.78,4.94,5.22,4.05,E09000012,Hackney,matched_reference,E09000012,Hackney
2011,E09000013,Hammersmith and Fulham,-2.7585338849433145,3.5455026700454124,4,0.9998906680417868,5.162799647547199e-06,3.727570347208603e-05,1.8606905657612766e-14,7.536502699109511e-08,0.9998906680417868,6.681809004759713e-05,56.46,29.25,9.42,4.87,4.85,6.28,8.19,4.57,3.9,3.04,E09000013,Hammersmith and Fulham,matched_reference,E09000013,Hammersmith and Fulham
2011,E09000014,Haringey,-0.4519297674107886,3.3354971189602143,4,0.9991108775732501,2.9744591287325816e-05,2.5857623789742763e-08,1.2044512324143788e-11,0.00042342780434893813,0.9991108775732501,0.0004359241614455917,49.62,33.57,11.16,5.66,6.08,6.94,8.26,4.97,4.38,3.88,E09000014,Haringey,matched_reference,E09000014,Haringey
2011,E09000015,Harrow,-0.8358058408575033,1.2942373093751782,5,0.5546828083583721,0.00039258473832152574,0.01315672167318096,0.0001828529118458756,0.03060523756107553,0.40097979475720363,0.5546828083583721,47.58,36.0,11.85,4.57,4.49,10.41,7.68,5.48,2.92,2.95,E09000015,Harrow,matched_reference,E09000015,Harrow
2011,E09000016,Havering,0.06987208420158947,-0.02280719223601919,5,0.5732247286091113,0.00032624120427077885,0.03568067892116343,0.09784568249639129,0.25459011477248017,0.03833255399658303,0.5732247286091113,46.0,35.57,13.27,5.16,4.46,14.26,4.64,4.89,3.16,1.96,E09000016,Havering,matched_reference,E09000016,Havering
2011,E09000017,Hillingdon,-1.2726909094443277,1.2653951455377606,5,0.5332630750043476,0.00035683722532466115,0.04966123938330064,0.00013459917101414954,0.012278969354248239,0.40430527986176473,0.5332630750043476,48.78,35.28,11.5,4.44,4.35,10.16,8.4,5.16,2.94,2.55,E09000017,Hillingdon,matched_reference,E09000017,Hillingdon
2011,E09000018,Hounslow,-0.9983769546939112,1.9716819333790203,4,0.8458001874654438,0.00024951611300907153,0.0013359466079783497,1.6843137448024403e-06,0.006429740941491257,0.8458001874654438,0.14618292455833265,49.0,35.07,11.24,4.69,4.64,8.33,6.71,5.87,3.42,3.16,E09000018,Hounslow,matched_reference,E09000018,Hounslow
2011,E09000019,Islington,-0.62936904844283,3.6510797242892306,4,0.9998191266313109,1.5303576353613048e-05,5.538138581078664e-09,3.0978323894760017e-13,8.309628949950826e-05,0.9998191266313109,8.24679643872964e-05,51.61,30.75,11.21,6.43,5.43,6.18,9.97,4.0,5.27,3.44,E09000019,Islington,matched_reference,E09000019,Islington
2011,E09000020,Kensington and Chelsea,-3.159117988269178,4.576956886971029,4,0.999999333342694,4.029351448362604e-07,1.604728206682631e-07,2.5101558760269987e-20,1.0842471625829205e-10,0.999999333342694,1.0314091624409599e-07,57.84,28.48,9.12,4.56,4.31,8.03,8.75,6.14,3.57,4.1,E09000020,Kensington and Chelsea,matched_reference,E09000020,Kensington and Chelsea
2011,E09000021,Kingston upon Thames,-2.9757625739394027,0.9541642933432791,1,0.810216344621683,6.728289836738662e-05,0.810216344621683,3.264654512859973e-05,0.00010444585294884021,0.12266696076848486,0.06691231931338708,52.69,33.49,10.26,3.56,3.22,9.43,8.61,4.69,2.23,2.05,E09000021,Kingston upon Thames,matched_reference,E09000021,Kingston upon Thames
2011,E09000022,Lambeth,-1.7845946525287453,2.680048120350404,4,0.9910324539297749,5.5929086044452514e-05,0.000343363998322759,1.0375359086122975e-09,7.58411866705715e-05,0.9910324539297749,0.008492410761651806,52.9,32.1,10.29,4.71,6.0,5.58,6.76,3.54,3.81,3.25,E09000022,Lambeth,matched_reference,E09000022,Lambeth
2011,E09000023,Lewisham,-0.4359074306786556,2.451745954981009,4,0.9661148618856875,0.00014623300750319553,1.0862571502126765e-05,6.359575557543825e-08,0.007182539526243594,0.9661148618856875,0.026545439413307916,49.09,34.02,11.7,5.19,6.19,7.32,7.28,4.45,4.26,3.1,E09000023,Lewisham,matched_reference,E09000023,Lewisham
2011,E09000024,Merton,-2.353483598597478,1.445406708456005,4,0.5167147384814255,0.00019018066086378115,0.2839069924597487,9.811176702602377e-06,0.0005233580576122634,0.5167147384814255,0.19865491916364686,52.03,33.6,10.53,3.85,4.06,8.63,6.12,5.29,2.5,2.58,E09000024,Merton,matched_reference,E09000024,Merton
2011,E09000025,Newham,-0.09107680864421706,5.000976902957843,4,0.9999959247253839,1.1985119206597792e-06,2.618074502689405e-15,6.446614899567155e-20,2.867310991824394e-06,0.9999959247253839,9.451701376916364e-09,48.47,34.6,11.31,5.63,6.87,5.77,10.9,7.21,4.25,4.71,E09000025,Newham,matched_reference,E09000025,Newham
2011,E09000026,Redbridge,-0.5418185536743616,2.6604962861179713,4,0.9855717352651233,9.963814629509068e-05,4.368880153177173e-06,8.32373168779395e-09,0.0029439750552173742,0.9855717352651233,0.011380274329479061,48.12,34.98,12.0,4.9,5.31,9.53,8.12,6.58,3.28,3.44,E09000026,Redbridge,matched_reference,E09000026,Redbridge
2011,E09000027,Richmond upon Thames,-4.15985510091425,1.3778719445381828,1,0.7632670803253472,2.0058963871024343e-05,0.7632670803253472,2.913046798869458e-07,8.376423214096858e-07,0.23033458626815093,0.006377145495629321,57.34,30.53,8.91,3.22,3.01,10.01,5.36,5.07,2.03,1.98,E09000027,Richmond upon Thames,matched_reference,E09000027,Richmond upon Thames
2011,E09000028,Southwark,-1.7998803162252355,3.4895604914169627,4,0.9998037072430838,1.1752352217562669e-05,2.403052071681354e-06,2.3808500697578065e-13,3.3036484355818626e-06,0.9998037072430838,0.00017883370395358562,53.49,31.22,10.38,4.9,6.0,5.76,9.91,3.76,4.3,3.3,E09000028,Southwark,matched_reference,E09000028,Southwark
2011,E09000029,Sutton,-1.3382365582351226,-0.10973203799730354,1,0.6187588253144835,0.0001848275982674533,0.6187588253144835,0.031843193985926985,0.021294841290914825,0.0247564049509414,0.30316190685946576,48.74,35.53,11.64,4.1,3.91,11.15,4.65,4.5,2.81,1.92,E09000029,Sutton,matched_reference,E09000029,Sutton
2011,E09000030,Tower Hamlets,-0.503533164135112,5.102544790397072,4,0.9999987112256505,8.348319831200465e-07,1.221563994273015e-14,7.865041492335426e-21,4.482044258855056e-07,0.9999987112256505,5.737928093571512e-09,50.56,32.75,10.65,6.04,6.75,4.71,9.87,7.03,4.52,4.04,E09000030,Tower Hamlets,matched_reference,E09000030,Tower Hamlets
2011,E09000031,Waltham Forest,-0.033810955452754886,2.7645481246959256,4,0.9860772863881865,9.329950399140968e-05,2.2861210086793672e-07,6.115580563553726e-09,0.007833074674650506,0.9860772863881865,0.005996104705489757,47.11,35.61,12.06,5.23,6.1,8.03,7.96,5.98,3.75,3.57,E09000031,Waltham Forest,matched_reference,E09000031,Waltham Forest
2011,E09000032,Wandsworth,-3.7401812935924124,2.290912626307773,4,0.8808562958741842,2.1637397890702113e-05,0.11534735185759258,9.146842492767422e-10,3.456383737905308e-07,0.8808562958741842,0.0037743683172748533,57.39,29.95,8.89,3.77,3.82,6.22,5.99,4.28,2.89,2.69,E09000032,Wandsworth,matched_reference,E09000032,Wandsworth
2011,E09000033,Westminster,-1.6412625184327645,4.401876626539516,4,0.9999969513046579,2.0259768827440773e-06,1.7663563860421502e-09,7.233676315965e-18,1.3171287961227008e-07,0.9999969513046579,8.892392234164934e-07,54.15,29.99,10.04,5.81,4.52,6.84,10.16,5.42,4.84,4.12,E09000033,Westminster,matched_reference,E09000033,Westminster
2011,W06000001,Isle of Anglesey,1.018829248924964,0.5369707852086363,3,0.6153556690284794,0.0002603639900107189,0.00019493087925014562,0.018052052240052813,0.6153556690284794,0.07343101779983359,0.29270596606237353,48.02,30.55,15.11,6.32,4.69,19.97,4.46,3.72,5.1,1.76,W06000001,Isle of Anglesey,matched_reference,W06000001,Isle of Anglesey
2011,W06000002,Gwynedd,-0.6499329055729149,0.8173340414726127,5,0.7316368604842967,0.0003778640964471452,0.031231947543067524,0.0023483766814740136,0.06354310100697574,0.17086185018773908,0.7316368604842967,50.38,30.67,13.61,5.34,3.57,16.38,8.79,3.44,4.35,1.82,W06000002,Gwynedd,matched_reference,W06000002,Gwynedd
2011,W06000003,Conwy,1.7441709913100185,-0.24309269608529369,3,0.6784832282456158,0.00014174561023169033,0.0001369625848138564,0.2074446934529039,0.6784832282456158,0.016615773660139985,0.097177596446295,45.42,32.09,15.51,6.98,4.1,19.75,4.22,3.28,5.33,1.75,W06000003,Conwy,matched_reference,W06000003,Conwy
2011,W06000004,Denbighshire,1.6176368044800375,0.3709529971166019,3,0.8020287370663228,0.00016344462076454602,2.252698826275191e-05,0.03147202413416344,0.8020287370663228,0.04213835018395623,0.12417491700653002,46.61,31.39,14.69,7.31,4.22,18.45,4.79,3.42,6.04,1.68,W06000004,Denbighshire,matched_reference,W06000004,Denbighshire
2011,W06000005,Flintshire,-0.09014608893031074,-0.3331887411878299,5,0.45105336241647076,0.0002968511199767448,0.1055744875099522,0.21348877809027733,0.2069288374682728,0.022657683395050015,0.45105336241647076,48.66,32.46,13.19,5.69,3.86,16.77,3.77,3.43,4.3,1.43,W06000005,Flintshire,matched_reference,W06000005,Flintshire
2011,W06000006,Wrexham,0.8520372533204617,0.3825150366302024,3,0.5410502765769072,0.0002782105428697522,0.0006952104307101276,0.031707011192464093,0.5410502765769072,0.06116174708047458,0.36510754417657443,47.2,32.49,14.1,6.21,4.18,15.18,4.47,3.85,5.34,1.84,W06000006,Wrexham,matched_reference,W06000006,Wrexham
2011,W06000008,Ceredigion,0.005594600938368778,0.2535990647742827,5,0.6557801849139228,0.0003454274128877547,0.021119043963483578,0.03732837142647403,0.224808684714254,0.06061828756897768,0.6557801849139228,47.15,32.1,14.42,6.34,2.56,16.64,13.65,2.8,4.39,1.44,W06000008,Ceredigion,matched_reference,W06000008,Ceredigion
2011,W06000009,Pembrokeshire,1.7040491213744045,0.0801758247974974,3,0.7753890305986058,0.00015231751377264952,4.916438880529413e-05,0.08386415514991327,0.7753890305986058,0.027081462390040088,0.11346386995886287,45.36,32.58,15.26,6.8,4.04,18.75,3.76,4.28,5.33,1.88,W06000009,Pembrokeshire,matched_reference,W06000009,Pembrokeshire
2011,W06000010,Carmarthenshire,2.7524308434162745,0.667155708807822,3,0.950347922135461,5.1765304310224944e-05,9.672456805102525e-09,0.006599364639928136,0.950347922135461,0.03331901628299813,0.009681921964845758,44.97,30.26,16.33,8.44,3.73,18.13,4.51,3.77,6.81,1.93,W06000010,Carmarthenshire,matched_reference,W06000010,Carmarthenshire
2011,W06000011,Swansea,1.3064251668421933,2.0013049442082065,4,0.5293009354157522,0.00018731479407266833,3.6577537673392146e-08,9.054317387854156e-06,0.44533886375458304,0.5293009354157522,0.025163795140666675,48.65,29.28,13.97,8.09,3.86,15.64,8.67,3.71,6.86,2.13,W06000011,Swansea,matched_reference,W06000011,Swansea
2011,W06000012,Neath Port Talbot,4.243807364240438,2.332653988901211,3,0.9189270802444167,3.922360036103448e-06,9.670046702671437e-19,3.366429508474432e-07,0.9189270802444167,0.08106641827136674,2.2424812295113048e-06,44.95,28.39,16.19,10.46,4.5,17.32,4.27,4.32,9.55,2.29,W06000012,Neath Port Talbot,matched_reference,W06000012,Neath Port Talbot
2011,W06000013,Bridgend,2.8839867763808598,1.8956737892904405,3,0.8797389107623065,2.8712539811458637e-05,1.5684344135902652e-12,1.0424556825731151e-05,0.8797389107623065,0.11958541464033895,0.0006365374991490247,46.08,29.93,15.09,8.9,4.56,16.73,4.11,3.88,7.68,2.96,W06000013,Bridgend,matched_reference,W06000013,Bridgend
2011,W06000014,The Vale of Glamorgan,0.4916839090553201,0.3263461306058004,5,0.507375531574619,0.00031811783897003426,0.003369490157213531,0.035648066473011934,0.3910810623018752,0.06220773165431046,0.507375531574619,48.01,32.05,13.55,6.39,4.31,16.24,4.61,3.66,4.81,1.64,W06000014,The Vale of Glamorgan,matched_reference,W06000014,Vale of Glamorgan
2011,W06000015,Cardiff,-0.41803471660994607,2.491037936629359,4,0.9705930201582467,0.00013763381664120885,7.855769269028317e-06,4.589742309586294e-08,0.006707254114245655,0.9705930201582467,0.02255419024417439,50.37,31.05,12.14,6.43,4.44,10.4,10.91,4.0,5.18,2.38,W06000015,Cardiff,matched_reference,W06000015,Cardiff
2011,W06000016,Rhondda Cynon Taf,3.6244249297444386,2.1276090160016103,3,0.9075111453691351,9.835492785787067e-06,9.162786730572407e-16,1.71691506121498e-06,0.9075111453691351,0.09244276542039338,3.453680262387416e-05,44.86,29.67,15.87,9.6,4.71,16.04,5.76,4.07,8.63,2.29,W06000016,Rhondda Cynon Taf,matched_reference,W06000016,Rhondda Cynon Taf
2011,W06000018,Caerphilly,3.629870388390963,1.8618307521441266,3,0.9305313064111914,1.0999594483679073e-05,6.956501899156931e-15,9.011839601904591e-06,0.9305313064111914,0.06937370524761764,7.497690709855677e-05,44.4,30.35,15.93,9.32,5.14,16.06,4.48,4.31,8.19,2.09,W06000018,Caerphilly,matched_reference,W06000018,Caerphilly
2011,W06000019,Blaenau Gwent,5.40625039421809,2.891122685138791,3,0.9135709210614094,5.847854846889767e-07,1.0993587547775962e-25,3.787906283052118e-09,0.9135709210614094,0.086428487233788,3.131411393955934e-09,41.92,30.63,16.75,10.69,6.87,16.81,4.33,4.46,9.64,2.71,W06000019,Blaenau Gwent,matched_reference,W06000019,Blaenau Gwent
2011,W06000020,Torfaen,3.1178287679278958,0.7793014179684918,3,0.9610180354476052,3.40784067866339e-05,5.088216028474234e-10,0.0035165601217424206,0.9610180354476052,0.03197229421919093,0.0034590312958532534,43.26,32.52,15.54,8.68,4.78,16.81,4.03,4.38,6.67,1.82,W06000020,Torfaen,matched_reference,W06000020,Torfaen
2011,W06000021,Monmouthshire,0.4664726553554079,-0.6096478252373188,2,0.4303767638871417,0.00021785456105158753,0.03606760299405343,0.4303767638871417,0.2890484059740457,0.011604688318518793,0.23268468426518865,46.39,33.66,14.02,5.93,3.35,17.61,4.29,3.67,4.0,1.94,W06000021,Monmouthshire,matched_reference,W06000021,Monmouthshire
2011,W06000022,Newport,1.7536066593824204,1.441739006378793,3,0.7922145061717986,0.00013548072029308738,5.902790656305484e-08,0.00023879566726422167,0.7922145061717986,0.17518175916647993,0.032229399246257805,45.75,32.81,14.09,7.36,5.34,14.64,5.32,4.42,5.74,2.35,W06000022,Newport,matched_reference,W06000022,Newport
2011,W06000023,Powys,0.9675515926848058,-1.4411936997841934,2,0.8148726490330314,8.281308220638284e-05,0.024627138450479095,0.8148726490330314,0.1349723241683691,0.0016939234206710763,0.023751151845243137,44.75,34.19,14.93,6.13,3.05,17.99,3.68,3.16,4.09,1.5,W06000023,Powys,matched_reference,W06000023,Powys
2011,W06000024,Merthyr Tydfil,4.598157547661274,2.727251720982769,3,0.8994798366969644,1.9448782606841508e-06,1.1723455047036627e-21,1.7888736872658017e-08,0.8994798366969644,0.1005180611132546,1.3942278378044017e-07,44.13,28.84,15.86,11.17,5.72,15.42,4.79,3.87,9.47,2.28,W06000024,Merthyr Tydfil,matched_reference,W06000024,Merthyr Tydfil
2021,E06000001,Hartlepool,3.419464903304028,1.461911334249249,3,0.9475320096855294,1.721893688283182e-05,6.574751859886531e-13,9.990008609157437e-05,0.9475320096855294,0.05195268200228831,0.0003981892885507413,43.12,33.3,15.61,7.97,4.02,23.98,4.64,5.76,7.27,3.78,E06000001,Hartlepool,matched_reference,E06000001,Hartlepool
2021,E06000002,Middlesbrough,2.163443443761386,3.4102307014393136,4,0.8644101261336172,2.2784917790555615e-05,2.5228768834984666e-15,1.0158171474392082e-10,0.13555270977220288,0.8644101261336172,1.4379074805011688e-05,46.7,32.23,13.77,7.31,5.1,20.42,7.0,6.61,6.92,4.43,E06000002,Middlesbrough,matched_reference,E06000002,Middlesbrough
2021,E06000003,Redcar and Cleveland,3.2074725545417806,-0.05182714588910001,3,0.8824962062558862,5.115636053149896e-05,4.2935656655464936e-08,0.09292817665426502,0.8824962062558862,0.016995171359252718,0.0075292464344077735,42.54,34.0,15.84,7.62,3.56,28.51,3.96,4.98,6.47,3.0,E06000003,Redcar and Cleveland,matched_reference,E06000003,Redcar and Cleveland
2021,E06000004,Stockton-on-Tees,1.2590521290464225,0.771220763863443,3,0.7131063328456771,0.0002257715315732928,2.457144124191383e-05,0.00691791507610162,0.7131063328456771,0.09391299123715614,0.18581241786824992,46.53,33.33,13.89,6.25,3.73,23.44,4.35,4.85,5.19,3.72,E06000004,Stockton-on-Tees,matched_reference,E06000004,Stockton-on-Tees
2021,E06000005,Darlington,1.2786598398082247,-0.5040249951960878,3,0.4779594100116733,0.00016463007116653653,0.0019344920168687463,0.37268114553450366,0.4779594100116733,0.011767828295886755,0.1354924940699012,45.22,34.62,14.27,5.88,3.44,24.89,3.67,4.43,4.74,2.88,E06000005,Darlington,matched_reference,E06000005,Darlington
2021,E06000006,Halton,2.113442581898461,0.7442153542272428,3,0.9059763800535956,9.771181580181709e-05,2.748720103116645e-07,0.006013747928655855,0.9059763800535956,0.05118580128985455,0.03672608404008175,45.97,32.27,14.08,7.68,3.21,22.09,3.77,4.41,6.78,3.26,E06000006,Halton,matched_reference,E06000006,Halton
2021,E06000007,Warrington,-0.6469453189380561,-0.3335741386934943,5,0.4106973548272652,0.0002655558378785622,0.3343402058259643,0.14080493985386125,0.09238020888377875,0.021511734771252157,0.4106973548272652,50.06,32.77,12.13,5.04,2.77,23.13,3.62,3.6,4.11,3.02,E06000007,Warrington,matched_reference,E06000007,Warrington
2021,E06000008,Blackburn with Darwen,1.3694797099389564,3.394508426999536,4,0.9671048590161488,3.083487356806051e-05,6.633961323301139e-13,6.347692722806796e-11,0.03280028423564225,0.9671048590161488,6.40218105006221e-05,47.79,32.32,13.25,6.64,3.81,17.78,6.51,8.03,6.55,4.14,E06000008,Blackburn with Darwen,matched_reference,E06000008,Blackburn with Darwen
2021,E06000009,Blackpool,4.872237205366193,1.239414509020401,3,0.9640876768456783,4.649817436422903e-06,7.208854889436376e-17,0.00021901379329679235,0.9640876768456783,0.035678440576568195,1.0218967020251871e-05,40.37,33.51,16.99,9.14,4.29,23.85,3.57,5.07,8.17,4.03,E06000009,Blackpool,matched_reference,E06000009,Blackpool
2021,E06000010,"Kingston upon Hull, City of",2.6142275917876656,1.8537060513930785,3,0.8566651658604348,4.1639368799363775e-05,1.4958627431013462e-11,1.5328231562884847e-05,0.8566651658604348,0.14175432272889327,0.001523543795350897,43.36,34.89,14.92,6.83,4.85,18.01,5.97,5.86,6.41,3.83,E06000010,"Kingston upon Hull, City of",matched_reference,E06000010,"Kingston upon Hull, City of"
2021,E06000011,East Riding of Yorkshire,0.7465153375805257,-2.3513125045898673,2,0.8302072817074173,6.566060555403701e-05,0.10867293774624345,0.8302072817074173,0.05832853941702007,0.0004515163236927427,0.0022740642000725203,44.87,35.39,14.37,5.37,2.32,31.05,3.19,3.42,3.39,2.45,E06000011,East Riding of Yorkshire,matched_reference,E06000011,East Riding of Yorkshire
2021,E06000012,North East Lincolnshire,2.4637674112510726,-0.1875538889320582,3,0.7935686990828155,8.806530275683542e-05,3.9557637809890226e-06,0.15937370281498284,0.7935686990828155,0.015453541837690401,0.03151203519797333,43.06,35.0,15.44,6.5,3.29,24.93,3.6,5.17,5.86,3.17,E06000012,North East Lincolnshire,matched_reference,E06000012,North East Lincolnshire
2021,E06000013,North Lincolnshire,1.9159130416400179,-1.2798794162656901,2,0.7719977634912855,6.847022245941287e-05,0.001115548176960776,0.7719977634912855,0.20834435267980403,0.0023899318092487107,0.016083933620241443,42.9,35.92,15.15,6.03,3.03,27.0,3.37,4.56,4.69,2.69,E06000013,North Lincolnshire,matched_reference,E06000013,North Lincolnshire
2021,E06000014,York,-1.41784520740285,-0.7822102565090854,1,0.790610700908092,9.676514416426362e-05,0.790610700908092,0.11493694383069457,0.015739963879201117,0.005060817891282937,0.07355480834656489,48.62,35.02,12.13,4.23,2.93,22.45,11.15,2.69,2.74,2.15,E06000014,York,matched_reference,E06000014,York
2021,E06000015,Derby,1.0909284669834376,1.110320477861995,3,0.630315147746964,0.00027058172561387995,1.3297368906220252e-05,0.0015344977252753748,0.630315147746964,0.18114148046167672,0.18672499497156383,45.84,34.65,13.72,5.8,3.89,20.19,6.18,5.66,5.08,3.45,E06000015,Derby,matched_reference,E06000015,Derby
2021,E06000016,Leicester,0.12430502473422567,4.289501780130943,4,0.9999099137518951,5.431489825411324e-06,5.03730128459225e-13,6.802021260571981e-16,8.35077255614267e-05,0.9999099137518951,1.147032213975221e-06,48.76,33.49,12.52,5.23,5.03,13.4,10.94,7.81,5.01,4.56,E06000016,Leicester,matched_reference,E06000016,Leicester
2021,E06000017,Rutland,-1.6622689340563928,-0.8241088571229535,1,0.8493811449730487,7.620087648631035e-05,0.8493811449730487,0.08864043245063889,0.0092724436199376,0.0041008902305514116,0.048528887849336906,50.34,34.26,11.86,3.53,1.87,28.38,4.78,3.24,2.09,4.87,E06000017,Rutland,matched_reference,E06000017,Rutland
2021,E06000018,Nottingham,0.35513635056907494,4.0977859764741575,4,0.9996684205575987,8.2815179040746e-06,7.046883794969439e-13,9.100441988817532e-15,0.00032005379305178336,0.9996684205575987,3.2441307316622673e-06,47.57,33.46,12.94,6.03,5.32,13.38,17.91,5.37,5.46,3.81,E06000018,Nottingham,matched_reference,E06000018,Nottingham
2021,E06000019,"Herefordshire, County of",0.4671686123084522,-1.9357497479781887,2,0.811229416280204,6.805585623627688e-05,0.11362035687164102,0.811229416280204,0.06702604410925544,0.0007020899697162582,0.00735403691294688,45.72,35.1,13.92,5.25,2.32,28.41,3.19,3.71,3.57,2.46,E06000019,"Herefordshire, County of",matched_reference,E06000019,"Herefordshire, County of"
2021,E06000020,Telford and Wrekin,1.1550679475096526,0.32348482678331175,3,0.6572518643521729,0.0002308792780884765,0.00023610369980629425,0.0397376755737523,0.6572518643521729,0.04922698306848325,0.25331649402769685,45.96,34.08,13.84,6.12,3.29,21.18,4.8,5.02,5.3,2.9,E06000020,Telford and Wrekin,matched_reference,E06000020,Telford and Wrekin
2021,E06000021,Stoke-on-Trent,2.7322128349775863,1.0018401992239454,3,0.9452762061228625,4.6165871563184575e-05,1.5020023505025458e-09,0.001433006710642491,0.9452762061228625,0.04702640121135227,0.0062182185815773125,42.67,35.16,14.81,7.36,3.59,20.5,5.47,5.79,6.39,3.57,E06000021,Stoke-on-Trent,matched_reference,E06000021,Stoke-on-Trent
2021,E06000022,Bath and North East Somerset,-2.216534226704575,0.08702588347161655,1,0.8663557427254192,8.102975875922126e-05,0.8663557427254192,0.0038533343657893033,0.0018696391832755982,0.021728832484388023,0.10611142148236857,51.8,32.84,11.3,4.06,2.87,22.05,11.33,3.25,2.84,2.1,E06000022,Bath and North East Somerset,matched_reference,E06000022,Bath and North East Somerset
2021,E06000023,"Bristol, City of",-1.250485796610373,1.4042556836725826,4,0.49774037471346066,0.00035153661511155355,0.03031460632786689,6.178704307084107e-05,0.010741790445389834,0.49774037471346066,0.4607899048550998,50.81,32.73,11.5,4.96,3.63,14.5,9.79,3.85,4.2,2.83,E06000023,"Bristol, City of",matched_reference,E06000023,"Bristol, City of"
2021,E06000024,North Somerset,-0.0978857641137624,-1.9332156888652778,2,0.6952408659982787,6.753151984903127e-05,0.24896943792029833,0.6952408659982787,0.04791310484573785,0.0006605809847667861,0.007148478731069398,47.57,33.88,13.28,5.27,2.2,27.99,3.45,3.24,3.62,1.98,E06000024,North Somerset,matched_reference,E06000024,North Somerset
2021,E06000025,South Gloucestershire,-1.436503793812728,-1.3177612377743886,1,0.7331051645401891,6.667479219383128e-05,0.7331051645401891,0.23200722644830146,0.013955953496273266,0.0016926540245196147,0.019172326698522486,49.72,34.16,11.91,4.21,2.47,22.39,4.74,3.13,2.77,2.31,E06000025,South Gloucestershire,matched_reference,E06000025,South Gloucestershire
2021,E06000026,Plymouth,1.2324040195306467,0.306100207084292,3,0.6829367654611063,0.00021874155244483825,0.0001786731417593386,0.04208516747201131,0.6829367654611063,0.04629947562717548,0.2282811767455025,45.76,33.76,14.05,6.43,3.26,21.8,7.15,4.22,5.48,2.75,E06000026,Plymouth,matched_reference,E06000026,Plymouth
2021,E06000027,Torbay,3.0296150050773236,-1.0004947477059478,2,0.6364878137918881,5.466840741992769e-05,7.086420545586842e-06,0.6364878137918881,0.35165562078377627,0.005095071732520614,0.006699738863849761,42.23,34.23,16.21,7.33,2.94,30.34,3.29,4.3,5.9,2.87,E06000027,Torbay,matched_reference,E06000027,Torbay
2021,E06000030,Swindon,-0.5306389987182738,-0.3514044267730437,5,0.4219030900264897,0.00027546576924824997,0.280108369013569,0.16421669731358002,0.11213466089902482,0.02136171697808811,0.4219030900264897,48.08,35.2,12.28,4.44,3.23,19.15,3.56,4.64,3.63,2.82,E06000030,Swindon,matched_reference,E06000030,Swindon
2021,E06000031,Peterborough,0.5234502240367815,0.9777463570271803,5,0.4262349345827706,0.0003688891786662242,0.00032260366238129876,0.0025868105511730214,0.37967006102458994,0.1908167010004191,0.4262349345827706,46.16,35.88,12.86,5.11,3.66,17.29,4.42,5.99,4.45,3.94,E06000031,Peterborough,matched_reference,E06000031,Peterborough
2021,E06000032,Luton,-0.1696679625017677,3.5891977593424476,4,0.9994801847466722,1.9873930138631445e-05,9.204672435182334e-10,1.2364359242159065e-12,0.00040237518164700295,0.9994801847466722,9.756521983856218e-05,48.68,34.56,12.02,4.74,5.29,14.03,6.74,8.4,3.89,4.49,E06000032,Luton,matched_reference,E06000032,Luton
2021,E06000033,Southend-on-Sea,0.6652433266763595,0.4069280277600077,3,0.462072795956731,0.00030430327561310684,0.00135205524030259,0.027986983369000094,0.462072795956731,0.06778747262395116,0.440496389534402,46.7,34.39,13.34,5.57,3.67,22.51,3.94,5.27,4.35,3.39,E06000033,Southend-on-Sea,matched_reference,E06000033,Southend-on-Sea
2021,E06000034,Thurrock,-1.273399644518164,1.1015715411597513,5,0.6001131224445176,0.000354028909352135,0.07831399939561874,0.0003236833337778751,0.014648098608922376,0.3062470673078109,0.6001131224445176,50.77,33.35,11.55,4.34,3.79,16.75,4.5,5.46,3.25,3.22,E06000034,Thurrock,matched_reference,E06000034,Thurrock
2021,E06000035,Medway,0.0872593536248997,0.5551699444327463,5,0.6488338895252238,0.00036209378306944204,0.006828744696849765,0.012404250493556658,0.23264088336282382,0.09893013813847643,0.6488338895252238,47.48,34.58,12.83,5.11,3.58,19.57,4.66,5.36,4.07,3.24,E06000035,Medway,matched_reference,E06000035,Medway
2021,E06000036,Bracknell Forest,-2.784262971557632,-0.4566520463652296,1,0.9650465859232004,3.788255547974966e-05,0.9650465859232004,0.008570186045743462,0.0006277545704079993,0.0062584563942616024,0.019459134510907014,52.83,34.12,9.85,3.2,3.0,17.99,3.87,3.85,2.29,2.55,E06000036,Bracknell Forest,matched_reference,E06000036,Bracknell Forest
2021,E06000037,West Berkshire,-2.172987132251663,-1.3251422218859659,1,0.8544891174284133,5.0345989960700444e-05,0.8544891174284133,0.1303897720152883,0.004504778059845985,0.0016899852242327955,0.008876001282258808,51.05,34.65,10.95,3.35,2.45,22.49,3.66,3.96,2.32,2.17,E06000037,West Berkshire,matched_reference,E06000037,West Berkshire
2021,E06000038,Reading,-1.9772743018780663,1.4655019701359584,4,0.5659563436860822,0.00025338444012657993,0.1421662078733903,1.631018581485389e-05,0.001551246170251529,0.5659563436860822,0.29005650764433494,51.2,34.45,10.69,3.66,4.12,13.63,8.21,4.9,3.01,3.27,E06000038,Reading,matched_reference,E06000038,Reading
2021,E06000039,Slough,-1.6468285177660336,3.5425344119502373,4,0.9998395891405005,1.1621132617768505e-05,9.526094998578205e-07,1.765536621034218e-13,4.549540839063758e-06,0.9998395891405005,0.00014328757636633232,51.7,33.95,10.6,3.75,5.06,11.36,6.17,7.93,3.02,4.49,E06000039,Slough,matched_reference,E06000039,Slough
2021,E06000040,Windsor and Maidenhead,-3.4830317413072924,0.5070239221408808,1,0.9448759520726181,2.8259271623140458e-05,0.9448759520726181,8.706965066863707e-05,3.145830516661852e-05,0.03684343461926629,0.018133826080657386,55.76,31.79,9.43,3.02,3.07,21.02,4.79,4.81,1.97,2.64,E06000040,Windsor and Maidenhead,matched_reference,E06000040,Windsor and Maidenhead
2021,E06000041,Wokingham,-3.6860143229429587,-0.5916669554265875,1,0.9797364419386112,3.145848776288793e-05,0.9797364419386112,0.00636030126512863,0.0001342022209753365,0.008431952461934894,0.005305643625586783,54.96,33.16,9.22,2.65,2.68,21.18,4.79,4.15,1.73,1.93,E06000041,Wokingham,matched_reference,E06000041,Wokingham
2021,E06000042,Milton Keynes,-1.5139826532073222,0.714409403849977,5,0.5472408602741621,0.00028047029627431785,0.2967274962081426,0.001473263608095051,0.0112882073613001,0.1429897022520264,0.5472408602741621,51.08,33.72,11.05,4.15,3.69,16.75,4.59,4.82,3.36,3.02,E06000042,Milton Keynes,matched_reference,E06000042,Milton Keynes
2021,E06000043,Brighton and Hove,-0.8541432193098782,1.650522468894976,4,0.6510772660450402,0.00035008012579879186,0.0036818351992316165,2.049936472884306e-05,0.017980976617992302,0.6510772660450402,0.32688934264720776,50.19,33.16,11.59,5.06,4.6,15.29,9.86,3.6,4.42,3.05,E06000043,Brighton and Hove,matched_reference,E06000043,Brighton and Hove
2021,E06000044,Portsmouth,-0.06681814978209087,1.2229828759297439,5,0.5225913085051779,0.00042611789254995994,0.0013138104423808632,0.0005500039662496434,0.14395684329837508,0.33116191589526683,0.5225913085051779,47.36,34.83,12.86,4.96,4.44,17.14,9.3,4.58,4.16,3.14,E06000044,Portsmouth,matched_reference,E06000044,Portsmouth
2021,E06000045,Southampton,-0.3845569745108332,1.3724339133784667,5,0.4907842709263351,0.00041906018808185794,0.0023267489464606586,0.0001854970313512064,0.0709377346314705,0.43534668827630096,0.4907842709263351,47.69,35.09,12.25,4.97,4.09,15.53,10.61,4.68,4.19,3.05,E06000045,Southampton,matched_reference,E06000045,Southampton
2021,E06000046,Isle of Wight,3.228294951048917,-2.0018250567777436,2,0.9134589332282257,4.319338950640501e-05,9.501131842124255e-05,0.9134589332282257,0.08388390239021455,0.001593364381179489,0.0009255952924522719,39.88,36.95,16.43,6.74,2.92,33.22,3.1,4.0,5.11,3.22,E06000046,Isle of Wight,matched_reference,E06000046,Isle of Wight
2021,E06000047,County Durham,2.689711128568211,0.06936199105657823,3,0.8917056877720226,7.053750180151232e-05,3.6739622464205487e-07,0.06908143933072629,0.8917056877720226,0.01960388593810617,0.019538082061118685,42.96,33.9,15.63,7.5,3.06,25.63,6.49,4.37,6.14,3.11,E06000047,County Durham,matched_reference,E06000047,County Durham
2021,E06000049,Cheshire East,-0.9693779837051303,-1.3388441274672223,1,0.5828976363067402,8.277718064846114e-05,0.5828976363067402,0.35884903178548533,0.028477906713501703,0.001816525251411589,0.027876122762212602,49.84,33.31,12.15,4.7,2.37,26.62,3.49,3.49,3.31,2.3,E06000049,Cheshire East,matched_reference,E06000049,Cheshire East
2021,E06000050,Cheshire West and Chester,-0.2999689580752356,-0.7392496958306078,2,0.38760950938963573,0.00020913820268716164,0.2628611759450839,0.38760950938963573,0.12596077343371995,0.00927010935977385,0.2140892936690994,48.82,33.27,12.68,5.24,2.76,25.33,4.42,3.8,4.02,2.43,E06000050,Cheshire West and Chester,matched_reference,E06000050,Cheshire West and Chester
2021,E06000051,Shropshire,0.15546294136614025,-1.7881208366817418,2,0.7533466190287863,7.37430901676616e-05,0.170554496748616,0.7533466190287863,0.06372480910562421,0.0008692664347802561,0.011431065592025594,46.63,34.71,13.58,5.08,2.38,28.49,3.56,3.6,3.52,2.46,E06000051,Shropshire,matched_reference,E06000051,Shropshire
2021,E06000052,Cornwall,1.1354980926575295,-1.0409411416460541,2,0.6900346320526366,0.00011129387238432046,0.008953654525156125,0.6900346320526366,0.24037967448202727,0.003869313628818074,0.05665143143897738,45.74,33.52,14.55,6.19,2.59,28.84,4.21,4.09,4.47,2.55,E06000052,Cornwall,matched_reference,E06000052,Cornwall
2021,E06000053,Isles of Scilly,-2.248092668829553,-2.5051393397550528,2,0.537999970169871,7.932252607561903e-05,0.448649691850712,0.537999970169871,0.012247606998127943,0.0006052672306026352,0.0004181412246111461,51.31,32.96,11.68,4.04,0.87,26.72,1.16,3.41,1.33,2.14,E06000053,Isles of Scilly,matched_reference,E06000053,Isles of Scilly
2021,E06000054,Wiltshire,-1.1567290830965298,-1.3845195091432108,1,0.6405977138997397,7.323795774548179e-05,0.6405977138997397,0.315781720264536,0.021126270746492776,0.0015777244508466347,0.020843332680639603,49.54,34.08,12.16,4.23,2.32,24.98,3.34,3.78,2.95,2.42,E06000054,Wiltshire,matched_reference,E06000054,Wiltshire
2021,E06000055,Bedford,-0.8086857188411752,0.024006198053965255,5,0.5772084580969971,0.00029777922252456954,0.2676862301478631,0.0445839976000954,0.06845472503923444,0.04176880989328546,0.5772084580969971,48.82,34.97,11.85,4.37,3.34,19.75,4.27,4.68,3.38,3.24,E06000055,Bedford,matched_reference,E06000055,Bedford
2021,E06000056,Central Bedfordshire,-1.762239047735329,-1.2158549431234575,1,0.8214078499661772,5.929911439971522e-05,0.8214078499661772,0.15092441210326968,0.008126057461094672,0.0019327262943219243,0.017549655060736736,50.37,34.49,11.33,3.81,2.63,21.43,3.53,3.84,2.6,2.15,E06000056,Central Bedfordshire,matched_reference,E06000056,Central Bedfordshire
2021,E06000057,Northumberland,1.868783569392014,-1.399720591351468,2,0.808080279544385,6.447507955254201e-05,0.0016820900225275872,0.808080279544385,0.17529920313108355,0.0019160363294449592,0.012957915893006294,43.76,34.59,15.42,6.22,2.91,30.19,3.16,3.84,4.55,2.98,E06000057,Northumberland,not_in_tableau_reference,E06000057,Northumberland
2021,E06000058,"Bournemouth, Christchurch and Poole",0.013583821365537421,-0.5031447328245953,5,0.3428343211957888,0.0002639680875952237,0.10606159207012734,0.31981512577649396,0.2151232911841396,0.015901701685854603,0.3428343211957888,47.54,34.11,13.11,5.24,3.34,24.78,6.09,3.75,3.92,2.57,E06000058,"Bournemouth, Christchurch and Poole",not_in_tableau_reference,E06000058,"Bournemouth, Christchurch and Poole"
2021,E06000059,Dorset,0.6561031522798093,-2.612149211421442,2,0.7829056858171634,7.210537286064835e-05,0.16321186075510885,0.7829056858171634,0.052315869095436986,0.00036718297305852527,0.0011272959863715723,44.88,35.79,14.23,5.09,2.14,33.38,3.02,3.61,3.29,2.44,E06000059,Dorset,not_in_tableau_reference,E06000059,Dorset
2021,E06000060,Buckinghamshire,-2.6677310847835938,-0.12884166614768128,1,0.9479299964574157,4.449038764652595e-05,0.9479299964574157,0.0035448876210185634,0.0006056558148642438,0.011223467601989681,0.03665150211706527,53.14,33.19,10.34,3.33,2.76,21.64,4.38,4.79,2.19,2.61,E06000060,Buckinghamshire,not_in_tableau_reference,E06000060,Buckinghamshire
2021,E06000061,North Northamptonshire,0.1240777821682451,-1.2112580791760554,2,0.674864402194278,0.00012339715395424312,0.14448287638232887,0.674864402194278,0.11544698068184414,0.002940772519239305,0.06214157106835553,46.19,35.79,13.15,4.88,2.7,21.49,3.42,4.07,3.84,2.62,E06000061,North Northamptonshire,not_in_tableau_reference,E06000061,North Northamptonshire
2021,E06000062,West Northamptonshire,-1.2123382711992845,-0.6705369892786517,1,0.715780380905822,0.00012835962548433233,0.715780380905822,0.12802817924484722,0.02549162903043447,0.007365757350054551,0.12320569384335756,49.2,35.05,11.62,4.12,3.02,20.08,4.28,3.87,3.03,2.83,E06000062,West Northamptonshire,not_in_tableau_reference,E06000062,West Northamptonshire
2021,E07000008,Cambridge,-4.097051670703574,2.3551537049994358,4,0.873461219319357,1.2970459969666105e-05,0.12497082223151203,2.2672440174827975e-10,6.457517142903106e-08,0.873461219319357,0.0015549231872654427,55.05,32.13,9.58,3.24,2.9,11.73,20.59,3.38,2.52,2.29,E07000008,Cambridge,matched_reference,E07000008,Cambridge
2021,E07000009,East Cambridgeshire,-1.098733108715356,-1.8530299732512834,1,0.5386585648133444,5.8985971296432835e-05,0.5386585648133444,0.4349361169997552,0.02004222577687928,0.0006917585769909438,0.005612347861733843,48.34,35.13,12.4,4.14,2.13,23.46,3.32,3.9,2.6,2.02,E07000009,East Cambridgeshire,matched_reference,E07000009,East Cambridgeshire
2021,E07000010,Fenland,2.644936624014231,-1.609356417625214,2,0.8536883832280692,4.757865578000776e-05,0.00020955615319972527,0.8536883832280692,0.14058927470621047,0.0017262359277636465,0.0037389713289773968,40.27,37.48,15.87,6.38,2.69,26.32,2.89,4.84,4.63,3.09,E07000010,Fenland,matched_reference,E07000010,Fenland
2021,E07000011,Huntingdonshire,-0.8593152549199923,-1.588902831505735,1,0.5085568164436963,7.149778296772512e-05,0.5085568164436963,0.4470069481496175,0.028741740093991268,0.0011168545276960587,0.014506143002031114,47.88,35.71,12.18,4.24,2.33,23.61,3.02,3.77,2.77,2.85,E07000011,Huntingdonshire,matched_reference,E07000011,Huntingdonshire
2021,E07000012,South Cambridgeshire,-2.553559508602111,-1.324387757832663,1,0.8843938267908996,4.7778458140220906e-05,0.8843938267908996,0.1048244075864492,0.0026453373376973837,0.001958486656346598,0.006130163170467136,52.21,33.62,10.74,3.43,2.13,22.7,4.2,3.79,2.2,1.86,E07000012,South Cambridgeshire,matched_reference,E07000012,South Cambridgeshire
2021,E07000026,Allerdale,1.4039735954520998,-1.6595882129774346,2,0.8604304361820493,6.441223155699026e-05,0.010704770319190517,0.8604304361820493,0.11729584367939433,0.0011708620243970251,0.010333675563412057,44.89,34.18,14.93,6.0,2.21,28.9,2.87,3.62,4.77,2.68,E07000026,Allerdale,matched_reference,E07000026,Allerdale
2021,E07000027,Barrow-in-Furness,2.3901149902444407,-1.0198079022473197,2,0.6555735445728325,6.853398894870684e-05,0.0001042678349340401,0.6555735445728325,0.32451258882597334,0.004147036047112613,0.015594028730198673,43.41,34.51,14.92,7.16,2.7,26.15,2.62,3.84,5.92,2.91,E07000027,Barrow-in-Furness,matched_reference,E07000027,Barrow-in-Furness
2021,E07000028,Carlisle,0.9306613863079859,-1.4292947466365027,2,0.8112082534539493,8.445142414211879e-05,0.026690151671618364,0.8112082534539493,0.13524537589513605,0.001735891268876946,0.025035876286277178,45.57,34.56,14.07,5.81,2.54,25.48,3.46,3.33,4.6,2.62,E07000028,Carlisle,matched_reference,E07000028,Carlisle
2021,E07000029,Copeland,2.102562709612507,-0.9620735710401883,2,0.6320229148500806,7.991012143580706e-05,0.00027018322969501383,0.6320229148500806,0.3385169484609969,0.004444399370019903,0.024665643967772117,44.44,33.22,15.49,6.86,2.45,27.81,2.76,3.89,5.51,2.98,E07000029,Copeland,matched_reference,E07000029,Copeland
2021,E07000030,Eden,-0.3892845425537381,-2.645473383974614,2,0.6043635879008833,6.579412912651372e-05,0.36183251141676265,0.6043635879008833,0.032694685882646055,0.00028465621247503496,0.000758764458106376,46.91,35.39,13.26,4.44,1.82,28.61,2.65,3.11,2.92,2.28,E07000030,Eden,matched_reference,E07000030,Eden
2021,E07000031,South Lakeland,-0.7856983930520559,-2.926073495256747,2,0.5545881912758105,7.903253809308459e-05,0.41433420950802996,0.5545881912758105,0.03046922719240834,0.0002557031117227425,0.0002736363739354335,47.92,34.85,12.81,4.41,1.67,32.04,3.04,2.56,2.5,2.3,E07000031,South Lakeland,matched_reference,E07000031,South Lakeland
2021,E07000032,Amber Valley,1.1119123780030462,-1.8594098539752246,2,0.8721921587622288,6.4041705877449e-05,0.02968335473307379,0.8721921587622288,0.08978704690147704,0.0008402614813810991,0.007433136415961751,44.43,35.44,14.5,5.63,2.34,26.81,3.04,3.93,4.28,2.33,E07000032,Amber Valley,matched_reference,E07000032,Amber Valley
2021,E07000033,Bolsover,3.0566337251027793,-0.9244812128743917,2,0.5926181120791943,5.6017081057815295e-05,4.806464345037532e-06,0.5926181120791943,0.3943624549800933,0.005809916945890032,0.007148692449419315,41.79,34.27,16.12,7.82,2.34,24.1,2.89,4.46,6.11,2.61,E07000033,Bolsover,matched_reference,E07000033,Bolsover
2021,E07000034,Chesterfield,3.117443060988621,-1.0426760914599322,2,0.6587339551859076,5.20252784446108e-05,5.629752133487356e-06,0.6587339551859076,0.33074531418526887,0.004924418060007603,0.005538657538237589,41.49,34.79,16.47,7.24,2.73,25.72,3.15,4.27,6.12,2.75,E07000034,Chesterfield,matched_reference,E07000034,Chesterfield
2021,E07000035,Derbyshire Dales,-0.3965700467804482,-2.3648414737872594,2,0.6190957640962577,6.067698105702843e-05,0.3461038625365942,0.6190957640962577,0.03262943756400938,0.0003591787981482055,0.001751080023933653,47.53,34.5,13.4,4.57,1.87,31.9,3.2,3.3,2.78,2.53,E07000035,Derbyshire Dales,matched_reference,E07000035,Derbyshire Dales
2021,E07000036,Erewash,1.2438863623122605,-1.5725736784426447,2,0.8450630631625783,7.022827197156043e-05,0.014286399473603027,0.8450630631625783,0.12496914058334903,0.0013344603169972362,0.014276708191500965,44.33,35.36,14.66,5.65,2.69,24.7,3.11,3.74,4.53,2.47,E07000036,Erewash,matched_reference,E07000036,Erewash
2021,E07000037,High Peak,-0.15812285044067656,-1.7463105312637819,2,0.675427367243365,7.453777784913671e-05,0.258578265618715,0.675427367243365,0.0525856245174736,0.0009098769087741098,0.012424327933823314,47.62,34.18,13.2,4.99,2.46,26.08,3.48,2.98,3.73,2.29,E07000037,High Peak,matched_reference,E07000037,High Peak
2021,E07000038,North East Derbyshire,1.9198824412756743,-1.912191137060656,2,0.8940785891416895,5.384759932184621e-05,0.004306407106136829,0.8940785891416895,0.09671002431797433,0.000925323530638066,0.003925808304239267,43.51,34.37,15.63,6.49,2.24,29.42,2.94,3.78,4.77,2.25,E07000038,North East Derbyshire,matched_reference,E07000038,North East Derbyshire
2021,E07000039,South Derbyshire,-0.6509957901472331,-1.4112417760956806,2,0.480151435645089,8.851212893886319e-05,0.44788734136904346,0.480151435645089,0.041929596865583195,0.0016821085140285462,0.028261005477316876,48.2,34.47,12.72,4.61,2.3,22.92,3.38,3.84,3.29,2.27,E07000039,South Derbyshire,matched_reference,E07000039,South Derbyshire
2021,E07000040,East Devon,0.08058975130196597,-2.770301980187139,2,0.6571218321051688,7.360855722269991e-05,0.3006898683231979,0.6571218321051688,0.041194609424168166,0.00028614283885925563,0.0006339387513826859,46.39,35.06,13.69,4.86,1.93,34.21,2.88,3.38,3.03,2.17,E07000040,East Devon,matched_reference,E07000040,East Devon
2021,E07000041,Exeter,-1.8173095707787936,1.0598299313478505,5,0.43995795295444967,0.0002729500950394292,0.2738531673551467,0.00019865718253496537,0.00408363645082848,0.2816336359620007,0.43995795295444967,50.87,32.94,11.59,4.59,3.19,18.47,15.84,2.86,3.66,2.35,E07000041,Exeter,matched_reference,E07000041,Exeter
2021,E07000042,Mid Devon,-0.24544149494622408,-1.9738786367756669,2,0.6584437645819377,6.535735035692712e-05,0.2929790668777587,0.6584437645819377,0.04184265366963871,0.0006078036772080665,0.00606135384310003,47.16,34.84,13.22,4.78,2.02,26.46,3.24,3.66,3.39,2.18,E07000042,Mid Devon,matched_reference,E07000042,Mid Devon
2021,E07000043,North Devon,0.55748560154443,-1.4657067571475035,2,0.7927941813530596,8.976526352634353e-05,0.0672267554652657,0.7927941813530596,0.11114904426947163,0.0016358772228778485,0.027104376425799107,46.78,33.62,13.9,5.7,2.4,29.27,3.06,3.83,4.03,2.46,E07000043,North Devon,matched_reference,E07000043,North Devon
2021,E07000044,South Hams,-0.5728543731806809,-1.8991738780823748,2,0.5700722906743318,6.420466384258866e-05,0.3894477297229855,0.5700722906743318,0.03309096259088857,0.0006610055410149186,0.006663806806936672,49.08,33.18,12.74,5.0,1.9,31.67,3.28,3.49,3.33,2.19,E07000044,South Hams,matched_reference,E07000044,South Hams
2021,E07000045,Teignbridge,0.5941788702371846,-2.218037103380799,2,0.8190812703797784,6.464496832565047e-05,0.11822993877300615,0.8190812703797784,0.058825144711356116,0.0004966387613023769,0.0033023624062311673,45.57,34.91,14.11,5.41,2.11,30.64,2.96,3.48,3.55,2.49,E07000045,Teignbridge,matched_reference,E07000045,Teignbridge
2021,E07000046,Torridge,1.689136647851073,-2.0776417639970837,2,0.9025439091652087,5.6769757397398066e-05,0.011115048845524497,0.9025439091652087,0.08238030512986856,0.0007310422968397402,0.0031729248051612113,43.83,34.81,15.35,6.01,2.37,31.96,2.72,3.88,4.46,2.39,E07000046,Torridge,matched_reference,E07000046,Torridge
2021,E07000047,West Devon,0.7407812990679741,-1.9783537967782812,2,0.8471261807067045,6.570320780470457e-05,0.07325667916791531,0.8471261807067045,0.0726479497768749,0.0006815898294487245,0.006221897311251864,45.55,34.68,14.42,5.34,1.93,31.85,3.35,3.73,3.79,2.87,E07000047,West Devon,matched_reference,E07000047,West Devon
2021,E07000061,Eastbourne,2.1107024145863766,-0.7725153455661913,2,0.521295491512558,9.05289588618783e-05,0.00015653987455094672,0.521295491512558,0.4386414361803906,0.006359744688304066,0.03345625878533448,43.23,35.25,15.25,6.28,3.46,28.02,4.31,4.3,5.04,3.05,E07000061,Eastbourne,matched_reference,E07000061,Eastbourne
2021,E07000062,Hastings,3.045814075578508,0.3336647044797847,3,0.9454948488128149,4.679323793878254e-05,1.1878856763354923e-08,0.024007775109229284,0.9454948488128149,0.022937715778116024,0.0075128551830444664,42.2,35.02,15.52,7.27,3.85,22.77,3.8,5.02,6.37,3.45,E07000062,Hastings,matched_reference,E07000062,Hastings
2021,E07000063,Lewes,0.7978970521666694,-1.4384433106629613,2,0.806970143096004,8.689090547307795e-05,0.0375455473895787,0.806970143096004,0.12740672183663496,0.0017128666061563549,0.026277830166152875,45.58,34.77,14.17,5.49,2.76,29.52,3.69,3.95,3.85,2.75,E07000063,Lewes,matched_reference,E07000063,Lewes
2021,E07000064,Rother,2.02543981767776,-2.429335302558911,2,0.9195692231037542,6.278827769367872e-05,0.011069516429931828,0.9195692231037542,0.06744180118342928,0.000664434647495315,0.0011922363576954322,42.27,36.09,15.64,5.99,2.49,35.92,3.13,4.15,3.98,2.6,E07000064,Rother,matched_reference,E07000064,Rother
2021,E07000065,Wealden,-0.7070601575613297,-1.8521690656599743,2,0.5300372096283645,6.391855240912511e-05,0.43221563692536774,0.5300372096283645,0.029802573116630333,0.0007055935866235049,0.0071750681906047045,48.22,34.74,12.62,4.43,2.22,29.49,3.34,4.11,2.81,2.26,E07000065,Wealden,matched_reference,E07000065,Wealden
2021,E07000066,Basildon,-0.24851646412696712,0.321006855955262,5,0.7123312227401416,0.00035303408799801383,0.037307409548365755,0.024966081401532433,0.1551959371520197,0.06984631506994247,0.7123312227401416,48.47,34.22,12.27,5.04,3.34,20.78,3.59,5.54,3.95,2.93,E07000066,Basildon,matched_reference,E07000066,Basildon
2021,E07000067,Braintree,-0.3780532672405268,-1.2358446500046982,2,0.5384114207628657,0.00011525588075886533,0.3352423542847358,0.5384114207628657,0.06897369184174927,0.002672721948754216,0.05458455528113609,47.26,35.65,12.66,4.44,2.81,23.56,3.12,4.43,3.27,2.54,E07000067,Braintree,matched_reference,E07000067,Braintree
2021,E07000068,Brentwood,-2.6002424898816936,-0.04525809958146534,1,0.9368320069174465,4.919158875186891e-05,0.9368320069174465,0.003006017746996508,0.0006797960505740445,0.013520608266034125,0.04591237943019678,53.98,31.69,10.57,3.77,2.55,23.74,3.74,4.92,2.29,2.47,E07000068,Brentwood,matched_reference,E07000068,Brentwood
2021,E07000069,Castle Point,0.519236727449518,-1.6284991503207347,2,0.8078494677749217,7.965395372629838e-05,0.08239187057306536,0.8078494677749217,0.09110715594110481,0.001186984896166004,0.017384866861016077,45.68,35.09,13.76,5.47,2.56,29.14,2.94,4.58,3.3,2.38,E07000069,Castle Point,matched_reference,E07000069,Castle Point
2021,E07000070,Chelmsford,-2.041971526066251,-0.5876412831732508,1,0.912398007863984,6.279969778960166e-05,0.912398007863984,0.03218940263529989,0.0037663117499141512,0.0055848815452436374,0.0459985965077687,51.57,33.82,11.01,3.6,2.7,22.97,3.97,4.29,2.49,2.76,E07000070,Chelmsford,matched_reference,E07000070,Chelmsford
2021,E07000071,Colchester,-1.0661316654143072,-0.14009422928293702,1,0.48546380587902094,0.00023107741283760787,0.48546380587902094,0.05208040860522838,0.04062490189761515,0.027191513080066974,0.3944082931252308,49.18,34.75,11.89,4.18,3.51,21.01,6.54,4.28,3.32,2.5,E07000071,Colchester,matched_reference,E07000071,Colchester
2021,E07000072,Epping Forest,-1.769643957423619,0.3877493226539779,1,0.606141001124971,0.00017801209788094298,0.606141001124971,0.003374557731606621,0.006432001242319052,0.06065544780408087,0.3232189799991416,51.8,32.87,11.23,4.1,3.12,21.83,4.37,5.04,2.69,3.09,E07000072,Epping Forest,matched_reference,E07000072,Epping Forest
2021,E07000073,Harlow,0.009142535526047017,0.6362184939888575,5,0.6651844546039694,0.00037124683799360364,0.00693311250588247,0.008511317925154615,0.20389014820988427,0.1151097199171159,0.6651844546039694,47.74,34.4,12.76,5.09,3.89,17.16,3.67,5.16,3.97,3.25,E07000073,Harlow,matched_reference,E07000073,Harlow
2021,E07000074,Maldon,-0.17185701151445384,-1.7849217992672477,2,0.6733901129539416,7.25942188429031e-05,0.26425572141738185,0.6733901129539416,0.050426466128139266,0.0008457927922001816,0.011009312489494008,46.68,35.45,13.11,4.77,2.39,28.42,3.06,4.64,2.87,2.23,E07000074,Maldon,matched_reference,E07000074,Maldon
2021,E07000075,Rochford,-1.0414271379409794,-1.5539392496783542,1,0.5739855657580075,6.87602319620818e-05,0.5739855657580075,0.38744197342568304,0.023242140485909075,0.0011606330507627617,0.014100927047675503,48.87,34.52,12.36,4.24,2.58,27.78,3.19,4.33,2.36,2.25,E07000075,Rochford,matched_reference,E07000075,Rochford
2021,E07000076,Tendring,3.873837132561462,-1.5132330127442426,2,0.84637545337335,3.6684467721717215e-05,1.2529001458626578e-06,0.84637545337335,0.14880036413728773,0.0039158592236885085,0.0008703858978063371,39.44,35.62,17.17,7.77,3.08,34.2,2.9,4.92,5.38,2.84,E07000076,Tendring,matched_reference,E07000076,Tendring
2021,E07000077,Uttlesford,-3.0559522361260396,-0.6250673261959142,1,0.972338765474844,3.4337133006187424e-05,0.972338765474844,0.01109756267088505,0.00044585622786438584,0.0053136757570764245,0.010769802736323894,54.0,32.73,10.05,3.22,2.35,22.93,3.87,4.53,1.94,2.15,E07000077,Uttlesford,matched_reference,E07000077,Uttlesford
2021,E07000078,Cheltenham,-1.5717138815859388,-0.6562957061295983,1,0.8297711746265095,9.256830570810271e-05,0.8297711746265095,0.07379226558019876,0.011349881970997627,0.0061004807649570995,0.07889362875162889,50.69,33.6,11.68,4.03,2.76,22.54,5.43,3.62,3.08,2.47,E07000078,Cheltenham,matched_reference,E07000078,Cheltenham
2021,E07000079,Cotswold,-1.766265967501426,-1.770998116946828,1,0.6845203989340046,5.424877167409081e-05,0.6845203989340046,0.300503062736187,0.009754317100284616,0.000851694316607742,0.004316278141241786,50.4,34.17,11.62,3.8,2.06,28.26,3.62,3.99,2.16,2.14,E07000079,Cotswold,matched_reference,E07000079,Cotswold
2021,E07000080,Forest of Dean,0.8773178819167821,-1.6883732594972276,2,0.846219392438567,7.197424808285123e-05,0.04065527452009129,0.846219392438567,0.09901138973332164,0.001075823455894206,0.012966145604042769,44.81,35.52,14.2,5.46,2.45,28.12,4.18,4.05,4.05,2.4,E07000080,Forest of Dean,matched_reference,E07000080,Forest of Dean
2021,E07000081,Gloucester,0.1478761399202558,-0.445119080491778,5,0.3604561242224053,0.00026959547506861945,0.06847939751992561,0.30019127402364926,0.2530184367436593,0.01758517201529183,0.3604561242224053,46.73,35.29,13.03,4.94,3.12,19.76,4.42,4.1,4.26,2.98,E07000081,Gloucester,matched_reference,E07000081,Gloucester
2021,E07000082,Stroud,-1.0004155058285544,-2.132385035033862,2,0.49890408876379755,5.695817816194094e-05,0.47651669840047334,0.49890408876379755,0.02145881218924577,0.0004668954050937515,0.002596547063227838,48.63,34.73,12.49,4.15,2.11,26.59,3.26,3.2,2.88,2.14,E07000082,Stroud,matched_reference,E07000082,Stroud
2021,E07000083,Tewkesbury,-1.4416728911283265,-1.9107603881947208,1,0.5971780588984505,5.550245737322227e-05,0.5971780588984505,0.3841836533896775,0.014187611708677115,0.0006580518384791264,0.0037371217073422372,49.78,34.3,12.0,3.92,2.2,26.35,3.14,3.5,2.61,2.05,E07000083,Tewkesbury,matched_reference,E07000083,Tewkesbury
2021,E07000084,Basingstoke and Deane,-1.6984871930782637,-1.086207830289507,1,0.8312174737813659,6.457650944408952e-05,0.8312174737813659,0.13181275560484454,0.008854230759936035,0.0024505743878576115,0.025600388956551607,50.12,34.98,11.22,3.68,2.76,20.39,2.98,4.06,2.67,2.4,E07000084,Basingstoke and Deane,matched_reference,E07000084,Basingstoke and Deane
2021,E07000085,East Hampshire,-1.8977466350390306,-1.5921087513976904,1,0.7541302953273425,5.343578595891228e-05,0.7541302953273425,0.2308398538783167,0.007715168459717365,0.0011123945877022153,0.006148851960962279,50.76,34.31,11.35,3.58,2.3,26.23,3.6,3.94,2.39,2.08,E07000085,East Hampshire,matched_reference,E07000085,East Hampshire
2021,E07000086,Eastleigh,-1.5831362149772121,-1.7673158531356747,1,0.657526630093162,5.530597724917419e-05,0.657526630093162,0.3246939472057136,0.011877408713573415,0.000819647473671026,0.00502706053663074,49.82,34.74,11.65,3.79,2.45,23.43,3.02,3.48,2.61,2.01,E07000086,Eastleigh,matched_reference,E07000086,Eastleigh
2021,E07000087,Fareham,-1.0498548595840937,-2.678552086895101,2,0.5436603932356151,6.686217767616719e-05,0.4316014665169986,0.5436603932356151,0.02388189948513691,0.00029294946605556814,0.0004964291185181758,48.19,35.38,12.39,4.03,2.16,29.34,2.91,3.15,2.39,1.89,E07000087,Fareham,matched_reference,E07000087,Fareham
2021,E07000088,Gosport,1.4432240175217848,-1.5125475266791455,2,0.8360529609652962,6.871546279380004e-05,0.007536724763517093,0.8360529609652962,0.14047563528818657,0.001500710547398137,0.014365252972808041,43.32,36.4,14.81,5.47,3.1,25.37,3.17,4.23,4.23,2.64,E07000088,Gosport,matched_reference,E07000088,Gosport
2021,E07000089,Hart,-3.540791777322912,-0.9888316529451506,1,0.9612699474384135,4.29329944368581e-05,0.9612699474384135,0.028596426258615793,0.00040159037598992605,0.005609033677849966,0.004080069254693989,54.88,32.9,9.4,2.82,2.45,23.64,3.48,4.05,1.64,1.94,E07000089,Hart,matched_reference,E07000089,Hart
2021,E07000090,Havant,1.308495762987772,-1.545689609267436,2,0.8413768664691884,7.006149430475856e-05,0.011544243490893388,0.8413768664691884,0.13099336469662626,0.0014034666907646602,0.014611997158222732,44.3,35.57,14.51,5.61,2.9,28.28,2.83,4.36,4.33,2.5,E07000090,Havant,matched_reference,E07000090,Havant
2021,E07000091,New Forest,0.09589848399658751,-2.6795015911975777,2,0.6748828634585609,7.01829209066502e-05,0.28249804916784366,0.6748828634585609,0.04141868126071829,0.0003010379144430821,0.0008291852775278626,46.12,35.51,13.58,4.79,2.07,33.44,2.76,3.65,2.96,2.21,E07000091,New Forest,matched_reference,E07000091,New Forest
2021,E07000092,Rushmoor,-1.2722915738988534,-0.09302222713043445,1,0.5770358967299014,0.00019968487228704128,0.5770358967299014,0.03381954998546487,0.02508073893864524,0.026814146058506984,0.3370499834151943,49.55,34.9,11.8,3.75,3.13,17.16,3.26,4.3,3.01,3.59,E07000092,Rushmoor,matched_reference,E07000092,Rushmoor
2021,E07000093,Test Valley,-1.6835128463075275,-1.6812371323755035,1,0.6974449059717156,5.4967467120715105e-05,0.6974449059717156,0.28535738312680564,0.010347283150121556,0.0009405629527338204,0.0058548973315026304,50.34,34.36,11.44,3.85,2.16,24.66,2.99,3.7,2.67,2.12,E07000093,Test Valley,matched_reference,E07000093,Test Valley
2021,E07000094,Winchester,-2.78182209183852,-0.4285873620164824,1,0.9646225090238477,3.8007384733938735e-05,0.9646225090238477,0.007874648427147855,0.0006118386083922632,0.006539903512625448,0.020313093043252687,53.24,32.95,10.39,3.43,2.59,24.09,7.16,3.76,2.28,2.3,E07000094,Winchester,matched_reference,E07000094,Winchester
2021,E07000095,Broxbourne,-1.1058415842600096,0.36736346984868734,5,0.623095074015588,0.0002972448355301497,0.2574241896417764,0.009779995685701605,0.03370972869894975,0.07569376712245403,0.623095074015588,50.13,33.76,11.74,4.38,3.35,20.36,4.06,5.08,3.18,3.16,E07000095,Broxbourne,matched_reference,E07000095,Broxbourne
2021,E07000096,Dacorum,-1.8860113855561957,0.07441832537884914,1,0.78103562219517,0.00011817455064036525,0.78103562219517,0.007354721686624295,0.004848312589165513,0.026180768786455113,0.18046240019194487,51.98,33.06,11.07,3.89,2.9,20.49,3.78,4.44,2.93,3.1,E07000096,Dacorum,matched_reference,E07000096,Dacorum
2021,E07000098,Hertsmere,-2.2797118649098382,0.9025188806542365,1,0.6015856980698622,0.0001585401409059919,0.6015856980698622,0.00017968458866380135,0.0011529046625599183,0.1634136889263517,0.23350948361165638,53.47,31.89,10.76,3.88,3.2,19.34,5.5,4.77,2.95,3.02,E07000098,Hertsmere,matched_reference,E07000098,Hertsmere
2021,E07000099,North Hertfordshire,-1.6383963734722644,-1.1243142988960162,1,0.8137930980041348,6.579878241359458e-05,0.8137930980041348,0.1488165257553145,0.009920161399119597,0.002318017349729935,0.025086398709287656,50.59,34.02,11.53,3.86,2.64,22.64,3.45,3.9,2.86,2.17,E07000099,North Hertfordshire,matched_reference,E07000099,North Hertfordshire
2021,E07000102,Three Rivers,-2.7187475645581,0.013393495664688138,1,0.9419251036154683,4.529783061415948e-05,0.9419251036154683,0.0020449194527337733,0.00047099699198227736,0.014743821058628882,0.04076986105057275,53.67,32.37,10.44,3.51,2.86,20.66,4.66,4.53,2.32,2.38,E07000102,Three Rivers,matched_reference,E07000102,Three Rivers
2021,E07000103,Watford,-2.187032765374077,1.2940448513592904,4,0.4131689755891628,0.00021931484359542368,0.3112264494521377,3.190811645830255e-05,0.0010986296246273488,0.4131689755891628,0.27425472237401816,52.38,33.52,10.37,3.73,3.81,14.61,4.86,5.31,2.72,3.4,E07000103,Watford,matched_reference,E07000103,Watford
2021,E07000105,Ashford,-0.5522318031399769,-0.3551834927785997,5,0.4158260477022735,0.00027256366319874774,0.29234155010383034,0.16235605716721613,0.10811255216776545,0.02109122919571586,0.4158260477022735,48.46,34.49,12.47,4.58,2.87,22.54,3.68,5.09,3.41,2.83,E07000105,Ashford,matched_reference,E07000105,Ashford
2021,E07000106,Canterbury,-0.11431390813458149,0.21934337575699314,5,0.6751512690658199,0.000346695627791095,0.03307835564322366,0.03945778290926646,0.1936620169026738,0.058303879851225225,0.6751512690658199,47.03,34.68,13.19,5.1,3.94,24.81,11.39,3.94,3.71,2.37,E07000106,Canterbury,matched_reference,E07000106,Canterbury
2021,E07000107,Dartford,-2.121010564282669,0.542435238389105,1,0.7016434112363544,0.00013733927489958703,0.7016434112363544,0.0010155719591843431,0.0021922805969871546,0.07163877573152073,0.22337262120105397,52.36,33.13,10.75,3.76,3.31,17.06,4.19,4.93,2.85,2.82,E07000107,Dartford,matched_reference,E07000107,Dartford
2021,E07000108,Dover,1.6951724614816754,-0.8274135126223674,2,0.567792033233318,0.00010561281599140866,0.0008911348543811154,0.567792033233318,0.3747997660684649,0.00576997830794037,0.05064147471990416,44.2,34.97,14.63,6.19,3.18,27.96,3.61,4.55,4.81,2.91,E07000108,Dover,matched_reference,E07000108,Dover
2021,E07000109,Gravesham,-0.31186432308763046,0.7353281808200289,5,0.719117529310001,0.00038106686295252525,0.014430358603814015,0.004459591628177678,0.11930984278789909,0.14230161080715592,0.719117529310001,48.66,34.07,12.43,4.85,3.84,20.59,4.22,5.53,3.67,3.31,E07000109,Gravesham,matched_reference,E07000109,Gravesham
2021,E07000110,Maidstone,-1.1069573216822706,-0.4339384323737858,1,0.6234443977888322,0.00017596848529625767,0.6234443977888322,0.09715929575977703,0.03509021079150069,0.013696605069657147,0.23043352210493653,49.77,34.01,11.96,4.26,2.71,22.26,3.53,4.69,3.15,2.86,E07000110,Maidstone,matched_reference,E07000110,Maidstone
2021,E07000111,Sevenoaks,-2.0967196714548053,-0.18420726914453553,1,0.888597421464022,7.555137805477945e-05,0.888597421464022,0.010530448571684847,0.0028501615570633966,0.012547245702113081,0.0853991713270619,52.62,32.3,11.12,3.96,2.43,25.01,3.95,5.33,2.52,2.39,E07000111,Sevenoaks,matched_reference,E07000111,Sevenoaks
2021,E07000112,Folkestone and Hythe,2.198991313257667,-0.8525004428590655,2,0.5675208145006433,8.26171240393149e-05,0.00013814986328663124,0.5675208145006433,0.40039766999236986,0.005504543643502619,0.02635620487615821,43.19,35.01,15.31,6.49,3.22,28.62,3.28,4.65,4.96,3.04,E07000112,Shepway,matched_reference,E07000112,Shepway
2021,E07000113,Swale,1.1388602775983927,0.4078616690009617,3,0.6572841831919314,0.00023610353495058176,0.0001853162631805892,0.02933784268653678,0.6572841831919314,0.05656394314222404,0.25639261118117673,45.47,34.77,14.07,5.69,3.21,22.53,3.5,5.52,4.49,4.03,E07000113,Swale,matched_reference,E07000113,Swale
2021,E07000114,Thanet,2.901747090003352,-0.37094043217390005,3,0.7344623852056769,6.788264711787087e-05,1.0494850684788888e-06,0.23885987888755295,0.7344623852056769,0.01228395081156986,0.014324852963014044,41.97,35.04,15.75,7.24,3.59,27.89,3.6,5.13,5.39,3.12,E07000114,Thanet,matched_reference,E07000114,Thanet
2021,E07000115,Tonbridge and Malling,-1.8132928938568031,-0.6282067286328124,1,0.8795217549610373,7.528283580415243e-05,0.8795217549610373,0.0489307591958267,0.006480326845274278,0.005688405873395905,0.05930347028866165,51.36,33.32,11.32,4.0,2.43,22.89,3.9,4.74,2.8,2.18,E07000115,Tonbridge and Malling,matched_reference,E07000115,Tonbridge and Malling
2021,E07000116,Tunbridge Wells,-2.175506433674848,-0.07232697389906634,1,0.8860155548936492,7.510509587065613e-05,0.8860155548936492,0.006692025032615897,0.002215625551423553,0.015409845376559475,0.08959184404988117,52.76,32.53,10.91,3.8,2.58,22.46,4.26,4.92,2.85,2.43,E07000116,Tunbridge Wells,matched_reference,E07000116,Tunbridge Wells
2021,E07000117,Burnley,2.329572886284267,1.646455018968018,3,0.8563181048617182,6.351133176649121e-05,4.1838556083550806e-10,5.9204553039750074e-05,0.8563181048617182,0.13827428848015663,0.005284890354933266,45.06,33.36,14.59,6.99,3.59,21.68,4.69,6.2,6.71,3.9,E07000117,Burnley,matched_reference,E07000117,Burnley
2021,E07000118,Chorley,-0.24514111318053425,-0.9268948635592621,2,0.48560041084249556,0.00017051787186855342,0.2604988787370132,0.48560041084249556,0.1123275765081209,0.005866381235510813,0.13553623480499088,48.7,33.22,12.91,5.18,2.35,24.77,3.11,3.16,3.93,3.29,E07000118,Chorley,matched_reference,E07000118,Chorley
2021,E07000119,Fylde,0.879111496116175,-1.9863076186922566,2,0.8608513246097022,6.454744191649685e-05,0.056907295616709715,0.8608513246097022,0.07563128850800978,0.000686685176728381,0.0058588586469336314,45.99,33.7,14.52,5.79,2.34,33.23,3.17,3.08,3.88,2.72,E07000119,Fylde,matched_reference,E07000119,Fylde
2021,E07000120,Hyndburn,2.4172641738008003,0.727126168377058,3,0.9331382048173154,7.129588521738334e-05,5.1154400150725884e-08,0.00575702697266238,0.9331382048173154,0.041811367911058675,0.01922205325934626,43.92,34.3,14.77,7.0,3.38,22.37,4.65,5.43,6.43,3.46,E07000120,Hyndburn,matched_reference,E07000120,Hyndburn
2021,E07000121,Lancaster,0.26014196822274127,-0.144850265118713,5,0.48236450650921214,0.00030401848824821066,0.027034188278526404,0.1508420050493051,0.30936075055416246,0.030094531120545623,0.48236450650921214,46.49,34.18,13.73,5.6,2.83,23.94,10.71,3.31,4.33,2.72,E07000121,Lancaster,matched_reference,E07000121,Lancaster
2021,E07000122,Pendle,1.1042908719321038,1.8645685287899387,4,0.5239607500130257,0.00023855163334367786,2.6973752024943176e-07,2.221758239280865e-05,0.42414250959898253,0.5239607500130257,0.05163570143473488,46.73,33.68,13.77,5.82,3.17,22.21,5.12,7.42,5.21,4.19,E07000122,Pendle,matched_reference,E07000122,Pendle
2021,E07000123,Preston,0.262435782794711,1.896512793631156,4,0.7474297201048645,0.0003304363942394221,1.5761364024570074e-05,1.1823946560809692e-05,0.1221608509786037,0.7474297201048645,0.13005140721170738,48.42,33.09,12.91,5.57,3.84,17.95,7.92,5.37,5.16,3.61,E07000123,Preston,matched_reference,E07000123,Preston
2021,E07000124,Ribble Valley,-2.2449736478282953,-2.109869351017936,1,0.6025511842676586,6.279198658760354e-05,0.6025511842676586,0.38711816161602725,0.008230226223630122,0.0007793669120869827,0.001258268994009459,52.57,32.1,11.56,3.77,1.68,28.95,3.52,2.41,2.46,1.93,E07000124,Ribble Valley,matched_reference,E07000124,Ribble Valley
2021,E07000125,Rossendale,0.8227816663154082,-0.2302860739839022,3,0.4662845442660987,0.00024037220974675171,0.0051406435249522,0.20997985299071997,0.4662845442660987,0.022329006506786556,0.2960255805016958,47.0,33.24,13.65,6.12,2.73,23.28,4.03,4.08,5.1,2.99,E07000125,Rossendale,matched_reference,E07000125,Rossendale
2021,E07000126,South Ribble,-0.32131293694306223,-2.054218470262547,2,0.6401378527696984,6.298086579581034e-05,0.3167940130258178,0.6401378527696984,0.0378500631481669,0.0005330893939368427,0.0046220007965840585,47.89,34.06,13.09,4.96,2.24,26.39,3.16,2.81,3.6,2.02,E07000126,South Ribble,matched_reference,E07000126,South Ribble
2021,E07000127,West Lancashire,-0.0525018420472553,-0.38759119665848113,5,0.41614553585274133,0.00028719933990799083,0.10516454260786366,0.24600144911932248,0.21210034355721594,0.020300929522948312,0.41614553585274133,48.08,33.14,13.12,5.66,3.03,25.14,7.48,3.43,4.1,2.36,E07000127,West Lancashire,matched_reference,E07000127,West Lancashire
2021,E07000128,Wyre,1.9644307179147622,-1.73000092519691,2,0.8731641206985454,5.460283472458508e-05,0.0025398760654703847,0.8731641206985454,0.11738718463226959,0.0011708870720442764,0.005683328696945734,44.33,33.28,15.48,6.92,2.62,32.75,3.49,3.25,4.84,2.35,E07000128,Wyre,matched_reference,E07000128,Wyre
2021,E07000129,Blaby,-1.1954847433242144,-1.839541045130187,1,0.56378964327776,5.814045669902591e-05,0.56378964327776,0.4118370112905573,0.018144954161471265,0.000707875836436642,0.005462374977075764,49.04,34.49,12.28,4.2,2.47,24.7,3.43,3.25,2.59,2.07,E07000129,Blaby,matched_reference,E07000129,Blaby
2021,E07000130,Charnwood,-1.3671794638341161,-0.3350221218288452,1,0.7137221483360981,0.0001485430536549037,0.7137221483360981,0.05259833490525073,0.01936291694554563,0.014439972476100033,0.19972808428335065,49.06,34.58,12.15,4.22,2.85,22.1,10.9,3.4,3.08,2.27,E07000130,Charnwood,matched_reference,E07000130,Charnwood
2021,E07000131,Harborough,-2.149105893203674,-1.6183842841186284,1,0.7750175262542864,5.2453061610863086e-05,0.7750175262542864,0.2132694429435685,0.0058298910365446426,0.0011750799415453823,0.004655606762444103,51.5,33.51,11.28,3.7,1.92,25.7,3.88,3.18,2.25,2.42,E07000131,Harborough,matched_reference,E07000131,Harborough
2021,E07000132,Hinckley and Bosworth,-0.2370132420679885,-2.34294751365337,2,0.6509283543248937,6.158789949249334e-05,0.3104145562553392,0.6509283543248937,0.03622764763390412,0.0003739431808534032,0.001993910705517088,46.56,35.55,13.17,4.72,2.19,26.64,3.23,3.22,3.1,2.11,E07000132,Hinckley and Bosworth,matched_reference,E07000132,Hinckley and Bosworth
2021,E07000133,Melton,-0.847520775348164,-2.2636240656837985,2,0.5378052432414324,5.77693051921879e-05,0.43568944772694135,0.5378052432414324,0.02414324589959857,0.00039651070055097355,0.0019077831262842284,47.82,35.14,13.06,3.98,2.1,27.13,3.2,3.66,2.56,2.05,E07000133,Melton,matched_reference,E07000133,Melton
2021,E07000134,North West Leicestershire,-0.3111928361343235,-1.7078416571667014,2,0.6298653825189156,7.505578054908608e-05,0.30817463248747723,0.6298653825189156,0.04755252407737974,0.0009611429456530126,0.013371262190025228,46.97,35.19,13.03,4.81,2.37,24.17,4.09,3.68,3.29,2.1,E07000134,North West Leicestershire,matched_reference,E07000134,North West Leicestershire
2021,E07000135,Oadby and Wigston,-0.043353125846311284,-0.8895695082450751,2,0.5223731258743423,0.00018082969152935914,0.17445222658860515,0.5223731258743423,0.14533700407182903,0.006498310941138275,0.15115850283255589,46.01,35.92,13.27,4.8,3.08,24.87,7.02,4.19,3.19,2.61,E07000135,Oadby and Wigston,matched_reference,E07000135,Oadby and Wigston
2021,E07000136,Boston,1.7823448051482047,-1.4522230932036801,2,0.8219492198925642,6.424928722983429e-05,0.002462267465042706,0.8219492198925642,0.1613192378254516,0.0017279983468428007,0.012477027182868762,42.19,37.05,14.96,5.8,2.83,23.74,3.37,4.17,4.4,3.09,E07000136,Boston,matched_reference,E07000136,Boston
2021,E07000137,East Lindsey,4.5966256466197795,-1.7092995476572335,2,0.901175858196811,3.251448204045183e-05,1.1790751545763662e-07,0.901175858196811,0.09261462012954381,0.005971408529708028,0.0002054807543812415,37.9,35.7,18.24,8.17,2.89,34.98,2.82,4.9,5.77,2.86,E07000137,East Lindsey,matched_reference,E07000137,East Lindsey
2021,E07000138,Lincoln,0.9442532601717702,1.090540778365629,3,0.5676570847482123,0.0003020557968831307,3.0277334406790634e-05,0.0016878596030061974,0.5676570847482123,0.1921155039092591,0.23820721860823235,43.82,36.81,13.91,5.46,4.45,16.73,13.12,4.16,4.75,3.14,E07000138,Lincoln,matched_reference,E07000138,Lincoln
2021,E07000139,North Kesteven,-0.03805252830890005,-2.330281750568776,2,0.6919974510679272,6.282680981526775e-05,0.2643575286760434,0.6919974510679272,0.040978842025453585,0.0003903782248622719,0.00221297319589847,46.28,35.42,13.44,4.85,2.13,27.83,3.24,3.57,3.22,1.98,E07000139,North Kesteven,matched_reference,E07000139,North Kesteven
2021,E07000140,South Holland,1.7188596369801497,-2.4950798486913484,2,0.9074571828961188,6.734055188841961e-05,0.0251372109674022,0.9074571828961188,0.06554947282730293,0.0005690010394097137,0.0012197917178776289,41.41,37.72,15.19,5.68,2.5,27.35,2.64,4.36,3.63,2.26,E07000140,South Holland,matched_reference,E07000140,South Holland
2021,E07000141,South Kesteven,0.05799978513271592,-2.020633006563799,2,0.7303717016285844,6.603759970857088e-05,0.21300451245237292,0.7303717016285844,0.05029518468081264,0.0005881634436908259,0.005674400194830521,46.0,35.69,13.54,4.77,2.53,27.17,3.33,3.83,3.12,2.22,E07000141,South Kesteven,matched_reference,E07000141,South Kesteven
2021,E07000142,West Lindsey,1.3950668560798192,-1.9044225835563187,2,0.8854587312636897,6.00015251409232e-05,0.016435751454885433,0.8854587312636897,0.09150899481868045,0.0008254160560512615,0.005711104881552333,43.82,35.92,14.66,5.6,2.55,29.81,3.38,4.27,4.42,2.3,E07000142,West Lindsey,matched_reference,E07000142,West Lindsey
2021,E07000143,Breckland,1.4749193104436107,-2.225094110892062,2,0.8997100305234033,6.0423146773311055e-05,0.024177945348418457,0.8997100305234033,0.0729109484885601,0.0006057497851062689,0.0025349027077384094,42.56,37.05,14.94,5.46,2.38,28.54,2.67,4.15,3.75,2.82,E07000143,Breckland,matched_reference,E07000143,Breckland
2021,E07000144,Broadland,0.2357401067978073,-2.933964156973076,2,0.6474577676355531,8.416858481117624e-05,0.3072439322264406,0.6474577676355531,0.04451506637006504,0.00028179472824415994,0.0004172704548857473,45.07,36.44,13.9,4.59,2.03,29.92,2.89,3.42,3.15,1.95,E07000144,Broadland,matched_reference,E07000144,Broadland
2021,E07000145,Great Yarmouth,3.738531332424826,-0.1271051267293903,3,0.8691761985626136,3.8510529980382804e-05,3.479301338627138e-09,0.11054693649950909,0.8691761985626136,0.01755264627341196,0.002685704655183989,40.19,35.92,16.64,7.25,4.03,27.67,3.5,5.55,6.09,3.42,E07000145,Great Yarmouth,matched_reference,E07000145,Great Yarmouth
2021,E07000146,King's Lynn and West Norfolk,2.038375460138019,-2.194228054553966,2,0.9142152481203913,5.536332270325849e-05,0.006029534435134604,0.9142152481203913,0.07700668847414077,0.000750503617640497,0.0019426620299891621,41.74,36.91,15.41,5.94,2.47,29.89,2.68,4.43,4.26,2.57,E07000146,King's Lynn and West Norfolk,matched_reference,E07000146,King's Lynn and West Norfolk
2021,E07000147,North Norfolk,2.9564763310605966,-3.0735967834559506,2,0.9354518456730061,0.00013628026752698647,0.009501113637700558,0.9354518456730061,0.053236145238721354,0.0014733211179375324,0.0002012940651075058,39.35,37.61,17.01,6.03,2.2,37.29,2.6,4.19,4.16,2.84,E07000147,North Norfolk,matched_reference,E07000147,North Norfolk
2021,E07000148,Norwich,1.2214089286448435,1.2177254507763526,3,0.6696440889214196,0.00024322778348653083,4.089872503508982e-06,0.0008950493958726152,0.6696440889214196,0.19621711221336613,0.13299643181335166,43.94,36.29,14.14,5.64,4.42,16.68,11.63,4.34,5.17,3.34,E07000148,Norwich,matched_reference,E07000148,Norwich
2021,E07000149,South Norfolk,-0.44711113703412797,-2.4438162212204846,2,0.6073227600366867,6.115899939173549e-05,0.3595417180142064,0.6073227600366867,0.03139218533639517,0.0003313847427262416,0.0013507928705938997,47.02,35.46,13.17,4.34,2.0,28.37,3.3,3.59,3.0,1.94,E07000149,South Norfolk,matched_reference,E07000149,South Norfolk
2021,E07000163,Craven,-0.790686738702636,-3.0161332675685104,2,0.5502672643258129,8.602438797315667e-05,0.4169527312509652,0.5502672643258129,0.03223174174287249,0.0002527449479253961,0.00020949334445050923,47.82,35.1,12.83,4.24,1.68,31.77,2.93,2.86,2.62,1.95,E07000163,Craven,matched_reference,E07000163,Craven
2021,E07000164,Hambleton,-0.7078850310609986,-2.7479196981840333,2,0.5648483881237863,6.881373246709008e-05,0.4055488747675563,0.5648483881237863,0.02878369966629268,0.0002688564396465588,0.0004813672702506514,47.63,35.23,12.73,4.42,1.73,30.98,2.95,3.25,2.61,2.09,E07000164,Hambleton,matched_reference,E07000164,Hambleton
2021,E07000165,Harrogate,-1.8153945801796492,-1.6757670451152755,1,0.7189722047611867,5.398272519695009e-05,0.7189722047611867,0.2658119028063598,0.008857916445107767,0.0009758026685930674,0.005328190593555649,50.96,33.51,11.67,3.87,1.92,26.86,4.2,3.37,2.62,2.14,E07000165,Harrogate,matched_reference,E07000165,Harrogate
2021,E07000166,Richmondshire,-1.3823679170605774,-1.5376336278156122,1,0.6725926346017916,6.151008733347244e-05,0.6725926346017916,0.30018722951174165,0.014853689359848935,0.0011522136068880038,0.01115272283239642,49.95,33.88,12.17,4.0,2.04,27.1,2.78,3.41,2.38,3.17,E07000166,Richmondshire,matched_reference,E07000166,Richmondshire
2021,E07000167,Ryedale,-0.0472036772341677,-2.7227721156259492,2,0.6450511706324368,7.059002542270021e-05,0.3150670006008055,0.6450511706324368,0.03883112286693747,0.0002849767635911694,0.0006951391108061853,45.92,35.62,13.82,4.63,1.75,30.61,3.04,3.63,2.78,2.16,E07000167,Ryedale,matched_reference,E07000167,Ryedale
2021,E07000168,Scarborough,2.785358433912422,-1.835852693972947,2,0.8906786865230114,4.5146406306532565e-05,0.0002513041690041643,0.8906786865230114,0.10554978524027442,0.001414297548989212,0.0020607801124140563,41.32,35.94,15.91,6.83,2.63,31.62,3.17,3.89,5.19,2.97,E07000168,Scarborough,matched_reference,E07000168,Scarborough
2021,E07000169,Selby,-1.0227788006763308,-1.9900695070094612,1,0.4996941902016664,5.774743960790075e-05,0.4996941902016664,0.4745488089246691,0.0212129147509495,0.0005641849140781123,0.003922153769028786,48.75,34.56,12.34,4.35,2.27,25.34,3.11,3.39,2.84,1.91,E07000169,Selby,matched_reference,E07000169,Selby
2021,E07000170,Ashfield,2.6527096645715016,-0.6684681389932413,3,0.5378951744607484,7.377701222929055e-05,1.1334987784073332e-05,0.4362826111319615,0.5378951744607484,0.007924893884197058,0.01781220852307968,42.4,34.74,15.77,7.09,3.02,23.91,3.18,4.73,5.7,2.65,E07000170,Ashfield,matched_reference,E07000170,Ashfield
2021,E07000171,Bassetlaw,1.7307462785471421,-1.1439468579218326,2,0.725234900056695,8.075651277087425e-05,0.0015632843926855497,0.725234900056695,0.24408947706942158,0.003047523793266833,0.025984058175160283,43.87,34.75,15.16,6.22,2.43,26.17,2.96,3.96,4.72,3.35,E07000171,Bassetlaw,matched_reference,E07000171,Bassetlaw
2021,E07000172,Broxtowe,0.22231664025229447,-1.3600898642402621,2,0.7271516992056802,0.00010431073101541915,0.12691545205244906,0.7271516992056802,0.10375734803751763,0.0020768647710204865,0.039994325202317056,46.27,34.62,13.95,5.16,2.7,25.94,5.87,3.53,3.66,2.2,E07000172,Broxtowe,matched_reference,E07000172,Broxtowe
2021,E07000173,Gedling,0.4510598649674172,-1.6075402704430073,2,0.7969863083754603,8.162772067278948e-05,0.09291608554018423,0.7969863083754603,0.09001476061242275,0.001234160122730527,0.018767057628529572,46.03,34.84,13.8,5.33,2.59,25.71,3.68,3.44,3.93,2.41,E07000173,Gedling,matched_reference,E07000173,Gedling
2021,E07000174,Mansfield,2.760293864091056,-0.5163037513754186,3,0.6407532447416063,7.282769789167384e-05,3.867503746981216e-06,0.3320169663817103,0.6407532447416063,0.010064139391090467,0.017088954283953815,42.65,34.4,15.66,7.29,2.79,23.59,3.0,4.57,6.17,2.93,E07000174,Mansfield,matched_reference,E07000174,Mansfield
2021,E07000175,Newark and Sherwood,1.1201505464258807,-1.3065212285007173,2,0.7857535514922982,8.805257674529008e-05,0.013737857318869385,0.7857535514922982,0.16794120657596956,0.002205366191143716,0.030273965844973976,44.69,35.03,14.48,5.79,2.4,26.64,3.71,4.07,4.22,2.94,E07000175,Newark and Sherwood,matched_reference,E07000175,Newark and Sherwood
2021,E07000176,Rushcliffe,-2.50365474732741,-1.005350563350904,1,0.9315177571434912,4.436254929624776e-05,0.9315177571434912,0.05199675360678339,0.0019920969971056004,0.0027625588291705716,0.011686470874153176,53.1,32.03,11.0,3.87,2.19,26.14,5.79,2.99,2.3,2.29,E07000176,Rushcliffe,matched_reference,E07000176,Rushcliffe
2021,E07000177,Cherwell,-1.8833453892930592,-0.8684030289736782,1,0.8849559143155943,6.275994842819987e-05,0.8849559143155943,0.07269226708447817,0.005880182078496226,0.003473917517923629,0.0329349590550794,50.78,34.34,11.16,3.72,2.47,19.86,3.32,3.9,2.64,2.73,E07000177,Cherwell,matched_reference,E07000177,Cherwell
2021,E07000178,Oxford,-3.890593527159411,3.0594367158427587,4,0.9940828172040871,4.577237774783627e-06,0.005760857284065672,3.1508810111193434e-13,6.965340382318229e-09,0.9940828172040871,0.00015174130841668935,54.78,32.19,9.69,3.34,3.18,12.0,21.81,3.84,2.63,2.91,E07000178,Oxford,matched_reference,E07000178,Oxford
2021,E07000179,South Oxfordshire,-2.887682713835952,-1.0281799476222921,1,0.9460927245630426,4.136588766646864e-05,0.9460927245630426,0.04224991478654314,0.0010970720650873341,0.0031571125699393116,0.007361810127721341,53.42,33.0,10.34,3.25,2.19,23.08,3.66,3.84,2.02,2.26,E07000179,South Oxfordshire,matched_reference,E07000179,South Oxfordshire
2021,E07000180,Vale of White Horse,-2.594932203598607,-1.2748096808866227,1,0.8969416718394597,4.6823703725482505e-05,0.8969416718394597,0.09207278884003035,0.0023555578302609965,0.0021049469643010335,0.0064782108222223855,52.35,33.62,10.79,3.24,2.15,22.83,3.95,3.73,2.16,2.14,E07000180,Vale of White Horse,matched_reference,E07000180,Vale of White Horse
2021,E07000181,West Oxfordshire,-2.1811582171825075,-1.63454729350022,1,0.7729496211990832,5.261761057438619e-05,0.7729496211990832,0.2157664086869372,0.005697364393985994,0.0011710645291846,0.004362923580234809,51.26,33.99,11.18,3.57,2.01,23.99,3.19,3.72,2.17,2.11,E07000181,West Oxfordshire,matched_reference,E07000181,West Oxfordshire
2021,E07000187,Mendip,-0.4003677595757059,-1.6143171399969434,2,0.5942769132229013,7.92912048929569e-05,0.34016192911175236,0.5942769132229013,0.04710179599330482,0.0011428724558842022,0.017237198011264124,47.72,34.52,13.06,4.7,2.28,26.52,3.86,3.78,3.31,2.3,E07000187,Mendip,matched_reference,E07000187,Mendip
2021,E07000188,Sedgemoor,0.9824509585037382,-1.7978668944587186,2,0.8614035650709307,6.700240164968398e-05,0.0365668076485808,0.8614035650709307,0.09179510252058846,0.0009074901908065453,0.009260032167443753,44.62,35.61,14.17,5.6,2.44,27.19,2.81,4.06,4.03,2.48,E07000188,Sedgemoor,matched_reference,E07000188,Sedgemoor
2021,E07000189,South Somerset,0.2364189288249609,-2.249408590893957,2,0.7541736841466943,6.413677161445702e-05,0.19314314917410624,0.7541736841466943,0.04919213118833994,0.00044812125788283103,0.002978777461362307,45.98,35.45,13.61,4.96,2.18,29.27,2.86,3.75,3.44,2.23,E07000189,South Somerset,matched_reference,E07000189,South Somerset
2021,E07000192,Cannock Chase,1.780287893605437,-1.0089347144551746,2,0.6639409787463076,8.810371063328519e-05,0.0009878392092512397,0.6639409787463076,0.29835258522514885,0.00399244719002049,0.03263804591863834,43.33,35.59,14.67,6.41,3.03,22.88,2.99,4.36,4.79,2.68,E07000192,Cannock Chase,matched_reference,E07000192,Cannock Chase
2021,E07000193,East Staffordshire,0.14184128397829318,-0.530025121509611,2,0.35158604835040747,0.00025376416163122687,0.07930615242923576,0.35158604835040747,0.239135132991171,0.014748380759896691,0.31497052130765807,46.54,35.47,13.16,4.83,2.84,22.56,3.76,4.71,3.74,3.36,E07000193,East Staffordshire,matched_reference,E07000193,East Staffordshire
2021,E07000194,Lichfield,-0.1682562904646617,-1.8103738473361066,2,0.6752756603423358,7.150370955833094e-05,0.26405421130661766,0.6752756603423358,0.049592605457500584,0.0008080623822310008,0.010197956801756518,47.11,34.82,13.08,4.99,2.44,28.1,3.34,3.51,3.11,2.53,E07000194,Lichfield,matched_reference,E07000194,Lichfield
2021,E07000195,Newcastle-under-Lyme,1.2993822761925735,-1.2150558095327098,2,0.7575460997080324,8.94077729019394e-05,0.007103564500483146,0.7575460997080324,0.19970747529755764,0.0026398962730746294,0.03291355644795025,43.95,35.3,14.5,6.26,2.87,25.36,6.61,3.56,4.48,2.2,E07000195,Newcastle-under-Lyme,matched_reference,E07000195,Newcastle-under-Lyme
2021,E07000196,South Staffordshire,0.7370211096821083,-1.2233784964913053,2,0.7514212226300743,0.00010729209786977324,0.03519353720747802,0.7514212226300743,0.16261426582360897,0.0027128400279912957,0.0479508422129776,45.01,35.73,13.96,5.31,2.43,28.73,3.2,3.5,3.22,4.63,E07000196,South Staffordshire,matched_reference,E07000196,South Staffordshire
2021,E07000197,Stafford,-0.037892293309214974,-1.8882287189306266,2,0.7098794669375053,6.931047385409387e-05,0.22942473063519314,0.7098794669375053,0.05161726212946916,0.0007166364435634353,0.008292593380414747,46.78,35.02,13.3,4.9,2.31,27.24,3.21,3.39,3.39,2.58,E07000197,Stafford,matched_reference,E07000197,Stafford
2021,E07000198,Staffordshire Moorlands,0.845806440470239,-2.655499285037113,2,0.805572466378602,7.497667650587235e-05,0.1379002549293432,0.805572466378602,0.05505547588692802,0.0003837511678169258,0.0010130749608041718,44.66,35.45,14.25,5.64,1.99,30.3,3.02,3.04,3.76,2.18,E07000198,Staffordshire Moorlands,matched_reference,E07000198,Staffordshire Moorlands
2021,E07000199,Tamworth,0.8304954343169881,-0.8695942403191917,2,0.6031725140772963,0.00014859267595887575,0.017729759739578667,0.6031725140772963,0.2665910971998272,0.0059591611557034165,0.10639887515163533,45.52,34.88,13.89,5.71,3.24,22.79,3.2,4.34,4.17,2.44,E07000199,Tamworth,matched_reference,E07000199,Tamworth
2021,E07000200,Babergh,-0.18393078506154514,-2.3210264973605934,2,0.6629227970991791,6.186337619383592e-05,0.2968133940267823,0.6629227970991791,0.03764588181828665,0.0003856002948282112,0.0021704633847298453,46.32,35.88,13.38,4.42,2.41,29.99,3.2,4.04,2.76,2.08,E07000200,Babergh,matched_reference,E07000200,Babergh
2021,E07000202,Ipswich,0.7068626178111183,0.04164450147347299,3,0.4676288689713431,0.0002766774792633871,0.003661677609040166,0.09739389359711886,0.4676288689713431,0.03678274579336319,0.3942561365498715,45.64,35.78,13.54,5.05,3.66,19.57,4.11,5.09,4.5,3.14,E07000202,Ipswich,matched_reference,E07000202,Ipswich
2021,E07000203,Mid Suffolk,-0.5701128316766987,-2.5701664649082483,2,0.5845787928866086,6.298154878528837e-05,0.38476478575661255,0.5845787928866086,0.02942219587273193,0.0002973589870919549,0.0008738849481695522,46.94,35.99,12.86,4.22,2.01,28.63,2.98,3.68,2.73,2.01,E07000203,Mid Suffolk,matched_reference,E07000203,Mid Suffolk
2021,E07000207,Elmbridge,-4.316640927568334,1.2188745783831372,1,0.8254085255778707,1.662982044071498e-05,0.8254085255778707,5.496342814645535e-07,6.646940313020594e-07,0.16980063742196017,0.004772992851415413,58.91,29.53,8.7,2.87,2.78,20.96,4.76,5.69,1.95,2.28,E07000207,Elmbridge,matched_reference,E07000207,Elmbridge
2021,E07000208,Epsom and Ewell,-3.0873877258021767,-0.1582832151514355,1,0.9688201831577915,3.228402678821365e-05,0.9688201831577915,0.0021803238230856453,0.00021717919001657327,0.010436275426417238,0.018313754375900822,54.27,32.65,10.02,3.06,2.8,21.38,5.2,4.3,2.26,2.28,E07000208,Epsom and Ewell,matched_reference,E07000208,Epsom and Ewell
2021,E07000209,Guildford,-3.522673675470478,0.7683714756675851,1,0.9153810683364121,3.067254373594241e-05,0.9153810683364121,2.5043727004790282e-05,1.980107202542145e-05,0.06435346285364155,0.020189951467180504,54.77,32.5,9.55,3.18,3.06,19.43,10.55,3.98,2.11,2.4,E07000209,Guildford,matched_reference,E07000209,Guildford
2021,E07000210,Mole Valley,-2.2748076068392153,-1.0175516320927873,1,0.9142776611917484,4.835754474845163e-05,0.9142776611917484,0.06512767499077654,0.0030062271229127275,0.0026135646437828127,0.014926514506030915,52.59,32.96,10.77,3.68,2.33,26.44,3.86,4.14,2.56,2.14,E07000210,Mole Valley,matched_reference,E07000210,Mole Valley
2021,E07000211,Reigate and Banstead,-2.5996219746728393,0.1876583448963612,1,0.9128389401048721,5.671568064513972e-05,0.9128389401048721,0.0013855270450603171,0.0005842265290029285,0.02244593742392841,0.06268865321649114,53.8,32.5,10.3,3.39,2.79,20.73,3.7,4.44,2.69,3.11,E07000211,Reigate and Banstead,matched_reference,E07000211,Reigate and Banstead
2021,E07000212,Runnymede,-2.585126752145933,0.6984480637720543,1,0.8040849157996427,8.89201295149347e-05,0.8040849157996427,0.00021990760853920493,0.00046636439472417184,0.07956341353336668,0.11557647853421263,52.37,33.43,10.61,3.59,3.64,19.26,9.82,4.19,2.2,2.51,E07000212,Runnymede,matched_reference,E07000212,Runnymede
2021,E07000213,Spelthorne,-1.485019352142008,-0.2909422500185075,1,0.7479767747982992,0.00013611889993626257,0.7479767747982992,0.03917333444507092,0.01448385216106197,0.014712544952924005,0.18351737474270768,50.42,34.41,11.31,3.86,3.62,21.08,3.59,4.19,2.8,2.9,E07000213,Spelthorne,matched_reference,E07000213,Spelthorne
2021,E07000214,Surrey Heath,-2.827304109582872,-0.3898121617266915,1,0.9657834567396855,3.70971989708506e-05,0.9657834567396855,0.006595410593332386,0.0005286317458595253,0.006978453146566646,0.02007695057558537,53.81,32.79,10.18,3.23,2.82,22.96,3.8,4.16,2.16,2.62,E07000214,Surrey Heath,matched_reference,E07000214,Surrey Heath
2021,E07000215,Tandridge,-2.1294168498432073,-0.5657840666203555,1,0.9221093861670429,5.888895483272661e-05,0.9221093861670429,0.02701461158358931,0.003044964739923143,0.005645382082216176,0.042126766472395945,52.25,32.95,11.02,3.78,2.65,23.87,4.1,4.37,2.56,2.34,E07000215,Tandridge,matched_reference,E07000215,Tandridge
2021,E07000216,Waverley,-3.1297913566843496,-0.3907939709920306,1,0.9744895323257186,3.1771168339556905e-05,0.9744895323257186,0.004710986718136231,0.0002708991531678967,0.007399800557020932,0.013097010077616704,54.65,32.1,10.05,3.2,2.31,24.72,5.58,4.56,2.32,1.92,E07000216,Waverley,matched_reference,E07000216,Waverley
2021,E07000217,Woking,-2.628665432743702,0.21869423574247576,1,0.9124774325177345,5.61452837025687e-05,0.9124774325177345,0.0011817345768138487,0.0005263034771191071,0.02378942901108318,0.06196895513354679,53.3,33.13,10.16,3.41,3.01,19.39,3.93,5.09,2.42,2.6,E07000217,Woking,matched_reference,E07000217,Woking
2021,E07000218,North Warwickshire,0.703483996331484,-1.5540633730156115,2,0.8188332170215781,8.126653256763615e-05,0.05239202448442813,0.8188332170215781,0.10724642502566514,0.0013680621301154707,0.020079004805645374,45.49,34.74,14.08,5.68,2.7,25.35,3.18,3.65,3.81,2.39,E07000218,North Warwickshire,matched_reference,E07000218,North Warwickshire
2021,E07000219,Nuneaton and Bedworth,1.3552262121144452,-0.7238319923482482,2,0.5135589205347095,0.0001346558926516312,0.0024237275250497477,0.5135589205347095,0.3881425035042392,0.007426426875820982,0.08831376566752899,44.31,35.38,14.44,5.87,3.2,23.2,3.57,4.46,4.52,2.92,E07000219,Nuneaton and Bedworth,matched_reference,E07000219,Nuneaton and Bedworth
2021,E07000220,Rugby,-1.1200926234873807,-1.4214768867194063,1,0.6222499257469375,7.261618302538692e-05,0.6222499257469375,0.3348334458741666,0.02198139123513488,0.0014782392350621175,0.01938438172567348,48.83,34.85,12.05,4.28,2.47,21.86,3.85,3.59,2.97,2.22,E07000220,Rugby,matched_reference,E07000220,Rugby
2021,E07000221,Stratford-on-Avon,-1.4121689211061694,-2.095254112368318,1,0.550259972507379,5.5695744783121584e-05,0.550259972507379,0.43170490663634375,0.015213726808797089,0.000521660099376194,0.0022440382033211137,49.64,34.28,12.02,4.07,2.02,27.99,3.21,3.52,2.45,1.99,E07000221,Stratford-on-Avon,matched_reference,E07000221,Stratford-on-Avon
2021,E07000222,Warwick,-2.351272079916232,-0.34941576634495447,1,0.9357492834595036,5.3465280097542725e-05,0.9357492834595036,0.011105316032185501,0.0015879408466646983,0.007950741720572033,0.04355325266097661,52.09,33.14,10.98,3.79,2.8,21.6,8.51,3.32,2.7,2.06,E07000222,Warwick,matched_reference,E07000222,Warwick
2021,E07000223,Adur,0.7636712736922777,-1.4915043333192064,2,0.8141719371500421,8.402660107166007e-05,0.04298347761282098,0.8141719371500421,0.11804212338567267,0.0015430827198144612,0.023175352530578144,45.35,34.97,14.11,5.56,2.73,27.16,3.52,3.91,3.81,2.55,E07000223,Adur,matched_reference,E07000223,Adur
2021,E07000224,Arun,1.3303250514644323,-2.414328026710118,2,0.8870750208371082,6.581677280466646e-05,0.04546048910247143,0.8870750208371082,0.06517401142236917,0.00051012759546138,0.0017145342697849654,43.19,36.57,14.81,5.43,2.61,31.94,3.07,3.66,3.57,2.71,E07000224,Arun,matched_reference,E07000224,Arun
2021,E07000225,Chichester,-0.9325332678707392,-1.3521204938762472,1,0.5671109289543774,8.32773490878511e-05,0.5671109289543774,0.3735599637516307,0.029821643064421713,0.00178352877654164,0.027640658103940393,49.04,34.27,12.39,4.3,2.59,29.73,4.51,4.12,2.76,2.45,E07000225,Chichester,matched_reference,E07000225,Chichester
2021,E07000226,Crawley,-0.7158975600889662,1.218695382984251,5,0.5958134476520306,0.00040055714928849065,0.011681198628384017,0.00031088244235128826,0.04215247287679362,0.34964144125115165,0.5958134476520306,49.08,34.98,11.61,4.33,4.97,15.75,4.14,5.4,3.39,3.41,E07000226,Crawley,matched_reference,E07000226,Crawley
2021,E07000227,Horsham,-2.1685842891910627,-1.5524224226567418,1,0.7964997628197037,5.178327398757434e-05,0.7964997628197037,0.19141548616407353,0.005408421137848953,0.0012775323256532475,0.00534701427873301,51.47,33.95,11.05,3.53,2.41,26.25,3.54,3.84,2.16,1.99,E07000227,Horsham,matched_reference,E07000227,Horsham
2021,E07000228,Mid Sussex,-2.6068314046142533,-1.1603448512230947,1,0.9174946167873231,4.4944417936375905e-05,0.9174946167873231,0.07015534053670715,0.002012775350153569,0.002387097461600025,0.007905225446279708,52.92,33.07,10.51,3.5,2.38,23.92,3.62,3.8,2.24,1.95,E07000228,Mid Sussex,matched_reference,E07000228,Mid Sussex
2021,E07000229,Worthing,0.6679784285033914,-1.6981107063485381,2,0.8300633733361723,7.443377671328537e-05,0.06446844201614259,0.8300633733361723,0.09065054341828432,0.001049608917855067,0.013693598534832404,45.27,35.64,13.85,5.24,2.97,25.9,3.28,3.41,3.92,2.53,E07000229,Worthing,matched_reference,E07000229,Worthing
2021,E07000234,Bromsgrove,-1.4586795609076326,-1.4004036374821454,1,0.7213465686182199,6.340259793651368e-05,0.7213465686182199,0.24863423301387164,0.013420695566549205,0.0014530387748811768,0.015082061428541753,50.67,33.12,11.8,4.41,2.45,27.08,3.94,3.17,2.72,2.33,E07000234,Bromsgrove,matched_reference,E07000234,Bromsgrove
2021,E07000235,Malvern Hills,0.13089698703407585,-2.1325446788978843,2,0.7411722182911445,6.44763804253297e-05,0.2049139903333863,0.7411722182911445,0.04921752128472029,0.0005080773075848156,0.004123716402738834,46.46,34.89,13.64,5.01,2.31,31.28,3.97,3.63,3.31,2.15,E07000235,Malvern Hills,matched_reference,E07000235,Malvern Hills
2021,E07000236,Redditch,0.24669243700376683,-0.7807377978959485,2,0.5164395356418989,0.00019690864458806536,0.08191176823625923,0.5164395356418989,0.20980759911434538,0.008225795882296766,0.1834183924806118,46.51,35.18,13.13,5.18,3.07,21.74,3.49,4.27,3.96,2.7,E07000236,Redditch,matched_reference,E07000236,Redditch
2021,E07000237,Worcester,-0.29894667214880877,-0.5494749278477848,5,0.32053313344600304,0.00025202054722736953,0.22575740824512733,0.2936956437038276,0.14530555120209268,0.014456242855721778,0.32053313344600304,47.39,35.1,12.72,4.79,3.47,20.62,5.65,3.77,3.64,2.53,E07000237,Worcester,matched_reference,E07000237,Worcester
2021,E07000238,Wychavon,-0.4421300667164871,-1.9664272094161934,2,0.6080791082596838,6.38021081994833e-05,0.34962033612988036,0.6080791082596838,0.03587812913625599,0.000601149616054663,0.005757474749925661,47.43,35.01,12.95,4.61,2.17,28.04,3.23,3.63,2.94,2.49,E07000238,Wychavon,matched_reference,E07000238,Wychavon
2021,E07000239,Wyre Forest,1.678379462971236,-1.655541585494866,2,0.8616420551523143,6.006216722505203e-05,0.004993400446478546,0.8616420551523143,0.12355828554431733,0.001224312131645934,0.008521884558018715,43.31,35.76,14.79,6.14,2.89,28.74,3.27,4.01,4.31,2.63,E07000239,Wyre Forest,matched_reference,E07000239,Wyre Forest
2021,E07000240,St Albans,-3.9254524910174493,0.5354569570957393,1,0.9494223279155498,2.0394260614078764e-05,0.9494223279155498,3.8665046711829625e-05,8.31171027332729e-06,0.04198499049611969,0.008525310570731326,57.53,30.3,9.15,3.02,2.57,20.78,4.73,4.74,2.23,2.18,E07000240,St Albans,not_in_tableau_reference,E07000240,St Albans
2021,E07000241,Welwyn Hatfield,-2.058655913246845,0.8099879724066776,1,0.5411630961306165,0.00018819493755470817,0.5411630961306165,0.0004070448646864245,0.00241099669341236,0.14633406210189262,0.30949660527183737,51.65,33.55,10.96,3.85,3.9,17.93,8.88,4.28,2.88,2.48,E07000241,Welwyn Hatfield,not_in_tableau_reference,E07000241,Welwyn Hatfield
2021,E07000242,East Hertfordshire,-2.9441381676062397,-0.46322175293802065,1,0.9704283862119302,3.4816042941737324e-05,0.9704283862119302,0.007311909328447264,0.00044620484520763404,0.006350295335367678,0.015428388236105307,53.98,32.54,10.17,3.31,2.53,21.61,4.02,4.22,2.2,2.25,E07000242,East Hertfordshire,not_in_tableau_reference,E07000242,East Hertfordshire
2021,E07000243,Stevenage,-0.2932203057038844,-0.22772788595778856,5,0.5197150240531693,0.0003107157267024738,0.14316963809582092,0.14576515341477253,0.16315479276897574,0.027884675940559163,0.5197150240531693,47.68,35.02,12.62,4.68,3.3,18.09,3.55,4.57,3.77,2.89,E07000243,Stevenage,not_in_tableau_reference,E07000243,Stevenage
2021,E07000244,East Suffolk,1.5839894147868565,-2.03308578804125,2,0.8979508134550863,5.755461693528463e-05,0.013135214533139943,0.8979508134550863,0.08436105001808511,0.0007422232840621925,0.0037531440926911533,43.33,35.97,14.98,5.73,2.63,31.93,3.1,4.29,4.1,2.49,E07000244,East Suffolk,not_in_tableau_reference,E07000244,East Suffolk
2021,E07000245,West Suffolk,-0.5988763240303415,-1.0911958759262461,1,0.4402087802443925,0.00012616970264463955,0.4402087802443925,0.42186794937658134,0.05958687987203766,0.003605567810799465,0.07460465299354457,47.7,35.45,12.49,4.36,2.42,23.51,3.07,4.12,2.97,3.41,E07000245,West Suffolk,not_in_tableau_reference,E07000245,West Suffolk
2021,E07000246,Somerset West and Taunton,0.5157528423099298,-2.0930944240398213,2,0.8143643553077872,6.526547868646742e-05,0.11903424691554665,0.8143643553077872,0.06127032480102616,0.0005676712866964536,0.004698136210257096,45.84,34.98,13.98,5.2,2.22,29.12,3.13,3.48,3.87,2.35,E07000246,Somerset West and Taunton,not_in_tableau_reference,E07000246,Somerset West and Taunton
2021,E08000001,Bolton,0.8736950288695683,2.0124973175309435,4,0.6818103872319774,0.00024905892983952496,3.97111633434251e-07,7.557003599215137e-06,0.26870485335236327,0.6818103872319774,0.04922774637058725,48.0,32.7,13.15,6.15,3.92,21.05,5.46,6.43,5.44,3.7,E08000001,Bolton,matched_reference,E08000001,Bolton
2021,E08000002,Bury,0.30702254718167316,0.5415065283061818,5,0.5776364573257433,0.0003492089435721753,0.003332637211257638,0.014729132082639911,0.3108759137982121,0.09307665063857493,0.5776364573257433,48.21,32.97,13.26,5.56,3.22,22.1,4.84,4.73,4.69,3.29,E08000002,Bury,matched_reference,E08000002,Bury
2021,E08000003,Manchester,-0.07246692458806236,5.300919978055734,4,0.9999984469832943,6.389891687593499e-07,1.2633309872744625e-16,1.2053095450890492e-21,9.130754487086933e-07,0.9999984469832943,9.520882703108974e-10,50.83,31.43,11.77,5.97,5.71,10.65,13.06,6.59,5.87,4.63,E08000003,Manchester,matched_reference,E08000003,Manchester
2021,E08000004,Oldham,1.4013206026532454,2.838950660108565,4,0.8691174796879293,7.395829603009283e-05,5.520615298369438e-11,1.271225942555139e-08,0.12981859812967775,0.8691174796879293,0.0009899511188976393,46.92,32.86,13.94,6.28,4.15,19.74,6.23,7.39,5.64,4.34,E08000004,Oldham,matched_reference,E08000004,Oldham
2021,E08000005,Rochdale,1.420087240249587,2.240266578513282,4,0.615289991361518,0.0001441491293861361,3.92921414198076e-09,1.683804552881744e-06,0.37463118423613917,0.615289991361518,0.009932987539190105,46.9,32.94,13.74,6.41,3.78,20.13,5.42,6.57,5.91,4.2,E08000005,Rochdale,matched_reference,E08000005,Rochdale
2021,E08000006,Salford,0.23690049521045695,2.515630865709468,4,0.9554784199318997,0.00014623700613403587,3.6053093267919957e-07,8.028156295178402e-08,0.02931983395533381,0.9554784199318997,0.015055068294136924,49.81,31.91,12.32,5.96,4.69,15.58,6.66,4.66,5.6,3.98,E08000006,Salford,matched_reference,E08000006,Salford
2021,E08000007,Stockport,-0.3468398391115534,-0.4386132010015001,5,0.38721189447748267,0.0002729278821333277,0.2197464795488826,0.23045957278471665,0.14398729313281217,0.018321832173972392,0.38721189447748267,49.39,32.67,12.64,5.29,2.82,24.13,3.92,3.82,4.15,2.64,E08000007,Stockport,matched_reference,E08000007,Stockport
2021,E08000008,Tameside,1.7057428849300433,0.5716136774721444,3,0.8365434377059405,0.0001501884839468941,5.968896715835208e-06,0.014228419062650429,0.8365434377059405,0.05287423949724503,0.09619774635350137,45.31,33.71,14.37,6.61,3.47,21.36,4.18,4.96,5.63,3.34,E08000008,Tameside,matched_reference,E08000008,Tameside
2021,E08000009,Trafford,-1.6848787457890106,0.6038355349577155,1,0.4472518683001805,0.00023001900147184433,0.4472518683001805,0.0017786876861974705,0.007648327264923669,0.10602263244848278,0.4370684652987437,53.1,30.97,11.28,4.65,2.99,21.46,4.94,4.32,3.72,2.65,E08000009,Trafford,matched_reference,E08000009,Trafford
2021,E08000010,Wigan,1.2341551250844387,-0.18369186430019274,3,0.5910970846046059,0.00019772831641581075,0.0009498089574411904,0.18803048680819523,0.5910970846046059,0.021329658915095202,0.19839523239824694,46.27,33.46,14.03,6.24,3.08,23.27,3.57,4.07,5.4,3.06,E08000010,Wigan,matched_reference,E08000010,Wigan
2021,E08000011,Knowsley,2.5351234481336697,2.3898128820126785,3,0.6960660987949189,3.9525881381308485e-05,6.428808987863542e-13,4.945172547924078e-07,0.6960660987949189,0.3034673571004239,0.0004265237053780766,47.29,30.14,13.95,8.61,3.53,19.34,4.15,5.1,8.15,3.83,E08000011,Knowsley,matched_reference,E08000011,Knowsley
2021,E08000012,Liverpool,1.8569780777864744,3.6894447070598484,4,0.9585483539221615,1.6514918957231855e-05,1.7262044387144178e-15,4.874180850294832e-12,0.041429709132147954,0.9585483539221615,5.422021857030977e-06,47.69,30.93,13.4,7.98,4.77,16.68,10.98,4.87,7.57,4.08,E08000012,Liverpool,matched_reference,E08000012,Liverpool
2021,E08000013,St. Helens,2.2803021813043065,0.1900874833301071,3,0.8840070221915759,9.478846833931346e-05,1.750132872355115e-06,0.05064128267140543,0.8840070221915759,0.024861671059894078,0.04039348547591317,45.16,32.73,14.6,7.51,3.13,24.55,3.54,4.42,6.53,2.96,E08000013,St. Helens,matched_reference,E08000013,St. Helens
2021,E08000014,Sefton,1.688716586365647,-0.07409189423501107,3,0.7306597958054539,0.00015202472877383195,9.539901324073196e-05,0.13371803620964084,0.7306597958054539,0.021840179021074387,0.11353456522181625,46.36,32.29,14.35,7.01,3.04,26.64,3.89,3.91,5.93,2.99,E08000014,Sefton,matched_reference,E08000014,Sefton
2021,E08000015,Wirral,1.824882689142179,0.23510076899740115,3,0.8284635912831247,0.0001381231741586723,1.4469495846747625e-05,0.04877879764703131,0.8284635912831247,0.031696241693790775,0.09090877670604766,46.49,32.07,14.17,7.27,2.87,25.96,4.26,4.22,6.51,2.96,E08000015,Wirral,matched_reference,E08000015,Wirral
2021,E08000016,Barnsley,2.7212049544995747,-0.03792345173268715,3,0.8656353145337811,7.138594804747482e-05,5.344003682294258e-07,0.09740158600592377,0.8656353145337811,0.017582580701530726,0.019308598410348692,43.35,33.61,15.54,7.51,2.92,23.7,3.3,4.89,6.27,3.01,E08000016,Barnsley,matched_reference,E08000016,Barnsley
2021,E08000017,Doncaster,2.1424644793721024,0.6613369271246307,3,0.9084103040686564,9.642709872771669e-05,3.566819002433329e-07,0.008487592188266946,0.9084103040686564,0.04546383563114687,0.03754148433130177,44.32,34.11,14.71,6.86,3.35,23.25,3.52,5.29,5.54,4.1,E08000017,Doncaster,matched_reference,E08000017,Doncaster
2021,E08000018,Rotherham,2.237811609018851,0.3291530328971557,3,0.898903564211277,9.511490125027357e-05,1.1166166709913897e-06,0.030958533729807784,0.898903564211277,0.029512038448320742,0.040529632092673,44.15,34.03,14.78,7.04,3.18,23.9,3.78,5.33,5.84,3.33,E08000018,Rotherham,matched_reference,E08000018,Rotherham
2021,E08000019,Sheffield,0.6800216906367561,1.47178338771585,4,0.4067611101349857,0.00036111081137217956,2.0065869324558186e-05,0.00022545787717483841,0.37752464718375456,0.4067611101349857,0.21510760812338825,46.66,33.74,13.57,6.03,3.96,20.13,9.89,4.94,4.79,3.25,E08000019,Sheffield,matched_reference,E08000019,Sheffield
2021,E08000021,Newcastle upon Tyne,0.38460182086661415,3.1573404491725707,4,0.9924048599852716,4.891226736829865e-05,1.5196712186450786e-09,2.3099268707033522e-10,0.00686175999747318,0.9924048599852716,0.0006844659992229986,48.39,32.19,13.1,6.33,4.76,17.3,13.75,5.0,5.21,3.63,E08000021,Newcastle upon Tyne,matched_reference,E08000021,Newcastle upon Tyne
2021,E08000022,North Tyneside,1.2073407396050424,-0.5563411912818158,3,0.44256974693078827,0.00016474361740368944,0.00284593479917026,0.40789234714658895,0.44256974693078827,0.010788207201250418,0.13573902030479842,46.02,33.31,14.45,6.22,3.27,25.07,3.57,3.87,4.79,2.72,E08000022,North Tyneside,matched_reference,E08000022,North Tyneside
2021,E08000023,South Tyneside,2.988567423631062,1.083950459414888,3,0.9517170740387351,3.357747475791975e-05,1.6956120110832992e-10,0.0008632376762065811,0.9517170740387351,0.04455456257191136,0.0028315480688278247,43.75,33.07,15.52,7.66,4.36,24.72,4.17,5.34,6.45,3.42,E08000023,South Tyneside,matched_reference,E08000023,South Tyneside
2021,E08000024,Sunderland,3.205790173365286,0.8496266805196035,3,0.962137897183143,3.002920495617327e-05,1.8464792019462778e-10,0.002463422012623985,0.962137897183143,0.032891751350262864,0.0024769000643658423,43.13,33.0,15.87,8.0,3.89,24.66,4.61,5.04,6.6,3.38,E08000024,Sunderland,matched_reference,E08000024,Sunderland
2021,E08000025,Birmingham,1.0959141917308235,4.8508082690911705,4,0.9997964960112068,1.983633160185751e-06,4.189158816097858e-18,2.9740537096650817e-18,0.00020151236965919848,0.9997964960112068,7.985973492372148e-09,47.56,33.28,13.17,5.99,5.88,15.57,10.02,8.22,5.43,5.14,E08000025,Birmingham,matched_reference,E08000025,Birmingham
2021,E08000026,Coventry,-0.08138926861799003,2.321410748622365,4,0.9369027240887045,0.00019254439101839405,5.568704410034412e-06,3.017573892792819e-07,0.023851743371054116,0.9369027240887045,0.03904711768742373,48.55,33.63,12.46,5.36,4.89,17.27,10.48,5.11,4.54,3.48,E08000026,Coventry,matched_reference,E08000026,Coventry
2021,E08000027,Dudley,1.655934339075094,-0.21329316445346966,3,0.6747644600979711,0.0001511977597097911,0.00018107699188451637,0.19494678035006313,0.6747644600979711,0.017844624176096332,0.11211186062427511,43.85,35.43,14.65,6.07,3.76,24.25,4.21,5.2,4.52,2.96,E08000027,Dudley,matched_reference,E08000027,Dudley
2021,E08000028,Sandwell,2.177118389847185,3.2960863339689292,4,0.8264772240742474,2.6544689740740114e-05,6.353644505441245e-15,3.038532633567487e-10,0.17347084248394043,0.8264772240742474,2.5388448211446922e-05,44.86,34.16,14.35,6.64,5.31,17.39,6.21,7.6,5.79,4.67,E08000028,Sandwell,matched_reference,E08000028,Sandwell
2021,E08000029,Solihull,-0.5464408268211075,-0.3709019941229006,5,0.4067785050170669,0.00027023311872016677,0.29477232304134576,0.16906617675872496,0.10867731379287181,0.02043544827127019,0.4067785050170669,49.25,33.38,12.4,4.96,3.16,25.75,4.37,4.56,3.53,2.51,E08000029,Solihull,matched_reference,E08000029,Solihull
2021,E08000030,Walsall,2.0997499145280183,1.8537348969128977,3,0.7686504269196073,8.199224092266619e-05,5.51028138168975e-10,1.9455245788893513e-05,0.7686504269196073,0.22518920593549346,0.006058919107159754,44.41,34.38,14.63,6.58,4.47,20.81,5.42,7.0,5.55,3.63,E08000030,Walsall,matched_reference,E08000030,Walsall
2021,E08000031,Wolverhampton,1.9719610525387326,2.4657186929514507,4,0.5226652860139727,7.383058656318969e-05,2.1934913929167825e-11,3.2437277960439544e-07,0.47581947700215355,0.5226652860139727,0.0014410820025963747,44.84,34.39,14.43,6.35,5.6,19.16,5.82,6.61,5.27,4.14,E08000031,Wolverhampton,matched_reference,E08000031,Wolverhampton
2021,E08000032,Bradford,1.2651776838283941,2.902187863086196,4,0.909782228980441,7.056801933318155e-05,7.724591958745669e-11,6.522631918187369e-09,0.08923747584142232,0.909782228980441,0.0009097205589252838,46.14,34.53,13.38,5.95,4.3,18.86,6.6,8.1,5.23,4.46,E08000032,Bradford,matched_reference,E08000032,Bradford
2021,E08000033,Calderdale,0.8184234681909374,0.0997242436253538,3,0.5129647981704321,0.0002670674568834382,0.002020100681445338,0.08261049209842507,0.5129647981704321,0.03910027604170597,0.36303726555110827,46.61,34.19,13.51,5.69,3.22,23.49,4.3,4.85,4.91,3.19,E08000033,Calderdale,matched_reference,E08000033,Calderdale
2021,E08000034,Kirklees,0.7088531763988369,0.8729554173631223,3,0.4723084352496141,0.0003327312315486351,0.00021628019357369387,0.00437396073509645,0.4723084352496141,0.14835209491922374,0.37441649767094315,46.56,34.5,13.39,5.55,3.5,21.86,5.82,5.79,4.7,3.43,E08000034,Kirklees,matched_reference,E08000034,Kirklees
2021,E08000035,Leeds,-0.5948025851985422,1.2662145573794878,5,0.5671904893467304,0.0004086429034020129,0.006829745147636831,0.00027142301530664866,0.05151842095466328,0.3737812786322607,0.5671904893467304,49.52,33.29,12.18,5.02,4.11,18.9,8.6,4.24,4.14,3.2,E08000035,Leeds,matched_reference,E08000035,Leeds
2021,E08000036,Wakefield,1.7455314385891072,-0.23646437275242504,3,0.6815170041876565,0.00014186225497874445,0.00013305927873529517,0.2040574355656015,0.6815170041876565,0.01678332785587499,0.09736731085715299,44.71,34.29,14.46,6.55,2.96,23.3,3.27,4.53,5.42,3.27,E08000036,Wakefield,matched_reference,E08000036,Wakefield
2021,E08000037,Gateshead,2.536276304846468,0.2938840926329196,3,0.9194077149931511,7.378032882438823e-05,2.6437254352135396e-07,0.032296413363234376,0.9194077149931511,0.025340330936575194,0.02288149600567134,43.75,33.53,15.35,7.36,3.71,24.19,4.4,4.39,5.88,3.32,E08000037,Gateshead,not_in_tableau_reference,E08000037,Gateshead
2021,E09000001,City of London,-4.550875607002606,1.5793328489984289,1,0.6570726974597226,1.3193445770557286e-05,0.6570726974597226,3.615997755381531e-08,1.2446155786775699e-07,0.3404457873624498,0.002468161110521355,57.52,31.76,8.0,2.71,4.09,12.41,9.0,2.4,1.55,3.71,E09000001,City of London,matched_reference,E09000001,City of London
2021,E09000002,Barking and Dagenham,-0.663781193532399,4.7657435395426635,4,0.9999973190092944,1.5904856566997345e-06,6.589285787382883e-13,4.8447471869627365e-19,1.019260505790446e-06,0.9999973190092944,7.124388413612978e-08,51.14,32.89,11.1,4.87,5.61,10.49,7.84,8.23,4.52,4.82,E09000002,Barking and Dagenham,matched_reference,E09000002,Barking and Dagenham
2021,E09000003,Barnet,-2.379320130109058,3.169163482180148,4,0.9992415435339483,1.484035797832707e-05,0.00011825335031867577,2.4941596182563347e-12,1.5481067372848388e-06,0.9992415435339483,0.0006238146485228975,54.86,31.03,10.1,4.02,4.39,14.93,6.99,6.13,3.25,4.13,E09000003,Barnet,matched_reference,E09000003,Barnet
2021,E09000004,Bexley,-1.3588147977740583,0.6249564262703926,5,0.595867749067389,0.0002932507438656943,0.262308867535558,0.002624249454635402,0.017112820430800108,0.12179306276775158,0.595867749067389,50.79,33.42,11.47,4.33,3.76,19.97,5.11,4.84,3.03,3.04,E09000004,Bexley,matched_reference,E09000004,Bexley
2021,E09000005,Brent,-1.2653419939195154,4.24631100526351,4,0.9999929641179384,3.4906040643895174e-06,1.0864099992648002e-09,1.0308668614803834e-16,1.0137336995001832e-06,0.9999929641179384,2.5304578873443197e-06,52.03,32.75,10.85,4.37,5.45,12.1,8.01,7.07,3.75,5.12,E09000005,Brent,matched_reference,E09000005,Brent
2021,E09000006,Bromley,-2.3568262824909096,0.4182630735318916,1,0.8239806577433043,9.122440899453872e-05,0.8239806577433043,0.0009904920491319213,0.001094452470412439,0.0447324291304449,0.1291107441977121,53.4,32.42,10.38,3.8,3.38,20.89,4.53,4.63,2.74,2.67,E09000006,Bromley,matched_reference,E09000006,Bromley
2021,E09000007,Camden,-2.100852681042346,4.791491482226783,4,0.9999992991521807,6.40494973043764e-07,6.205209811941217e-10,1.805042820041832e-20,3.6766843696550235e-09,0.9999992991521807,5.605564082563951e-08,55.53,29.35,10.05,5.08,5.07,10.76,12.39,5.44,4.56,4.16,E09000007,Camden,matched_reference,E09000007,Camden
2021,E09000008,Croydon,-1.2549635217772879,2.0744770130626597,4,0.8938622160008066,0.00019873896082115068,0.0018116649604361537,5.261704621603521e-07,0.0025258084057917666,0.8938622160008066,0.10160104550168189,51.2,33.45,11.09,4.26,4.75,15.48,5.89,5.29,3.58,3.99,E09000008,Croydon,matched_reference,E09000008,Croydon
2021,E09000009,Ealing,-1.5690877235080976,3.8138491449701717,4,0.9999582114106841,7.081368721972165e-06,1.0523960224048885e-07,9.58872187994178e-15,2.0137591939411715e-06,0.9999582114106841,3.258822178804173e-05,52.45,32.79,10.59,4.17,5.17,12.86,7.41,7.23,3.48,4.59,E09000009,Ealing,matched_reference,E09000009,Ealing
2021,E09000010,Enfield,-0.5642760512850761,3.7000925717285096,4,0.9998393597013355,1.4239709233934628e-05,2.7735480482437926e-09,2.0017286231921707e-13,8.506553165778908e-05,0.9998393597013355,6.133228402447267e-05,50.64,33.01,11.46,4.89,4.72,15.6,7.08,7.24,4.25,5.16,E09000010,Enfield,matched_reference,E09000010,Enfield
2021,E09000011,Greenwich,-1.3366806185246278,3.3863148035468127,4,0.999601347517766,1.8753687799712467e-05,8.314731425416828e-07,1.6871064625326618e-12,2.3515563738680853e-05,0.999601347517766,0.00035555175586632446,52.73,31.97,10.71,4.6,5.34,11.81,6.52,5.53,4.17,4.41,E09000011,Greenwich,matched_reference,E09000011,Greenwich
2021,E09000012,Hackney,-2.0160538987307244,4.950476436328735,4,0.9999994951606195,4.831697948450046e-07,1.1999336985024563e-10,2.614690589087118e-21,2.475188802769278e-09,0.9999994951606195,1.9074403144522507e-08,56.66,28.41,9.92,5.01,5.47,7.82,7.68,5.27,4.98,4.67,E09000012,Hackney,matched_reference,E09000012,Hackney
2021,E09000013,Hammersmith and Fulham,-3.380767563505293,4.485498668300855,4,0.9999988747413109,3.9263078104183963e-07,5.894566991167612e-07,4.7713869110456286e-20,6.31986040848461e-11,0.9999988747413109,1.4310801008655633e-07,59.0,27.97,8.9,4.12,4.96,10.0,8.53,5.1,3.74,4.22,E09000013,Hammersmith and Fulham,matched_reference,E09000013,Hammersmith and Fulham
2021,E09000014,Haringey,-1.2994105901776036,3.9046244850239646,4,0.9999693003336114,6.864211974070962e-06,1.7382913651773238e-08,5.564530941913378e-15,3.5824750325815348e-06,0.9999693003336114,2.02355964624037e-05,53.05,31.72,10.37,4.86,5.53,10.67,6.82,5.44,4.39,4.92,E09000014,Haringey,matched_reference,E09000014,Haringey
2021,E09000015,Harrow,-1.8063856382494385,2.013926840686879,4,0.8905366490078362,0.00016784084098708885,0.011840083964311387,3.873553111297036e-07,0.0006564151149431515,0.8905366490078362,0.09679862371661078,51.51,33.92,10.68,3.89,4.06,16.52,6.79,6.46,2.81,3.72,E09000015,Harrow,matched_reference,E09000015,Harrow
2021,E09000016,Havering,-1.0580898011970725,0.42849861674200507,5,0.6589516102839474,0.00031119987057512757,0.2104894701042296,0.00820040018490906,0.03627696340603624,0.08577035615030279,0.6589516102839474,49.9,33.97,11.69,4.44,3.65,20.97,4.62,5.14,3.08,3.04,E09000016,Havering,matched_reference,E09000016,Havering
2021,E09000017,Hillingdon,-1.5865032247687556,2.5466369865188883,4,0.983096015441557,7.941552219452972e-05,0.0003968460400574412,5.087129899788548e-09,0.0002233636921909045,0.983096015441557,0.01620435421687059,51.31,33.91,10.82,3.96,4.81,15.53,7.2,6.45,2.94,4.03,E09000017,Hillingdon,matched_reference,E09000017,Hillingdon
2021,E09000018,Hounslow,-1.5154915314771036,3.427231499203355,4,0.9996965418649949,1.5729726442480678e-05,1.2631333846958554e-06,7.920304406654153e-13,1.1151562307742234e-05,0.9996965418649949,0.00027531371207832725,51.92,33.42,10.52,4.14,5.16,12.9,6.28,7.16,3.25,4.55,E09000018,Hounslow,matched_reference,E09000018,Hounslow
2021,E09000019,Islington,-1.4238029575352575,4.335414464680228,4,0.9999955301451329,2.656697765649395e-06,1.1179741387309365e-09,2.5500574434586063e-17,3.9396521865074486e-07,0.9999955301451329,1.4180739084900325e-06,54.8,29.28,10.37,5.54,5.41,9.18,8.64,4.68,5.28,4.2,E09000019,Islington,matched_reference,E09000019,Islington
2021,E09000020,Kensington and Chelsea,-3.22097738429104,5.713370109108842,4,0.9999999712267127,2.870640315810584e-08,4.018994105461413e-11,2.4590526560469333e-27,2.0077872672798896e-13,0.9999999712267127,2.649322789636515e-11,59.61,26.71,9.2,4.48,4.58,13.06,10.3,6.9,3.88,4.86,E09000020,Kensington and Chelsea,matched_reference,E09000020,Kensington and Chelsea
2021,E09000021,Kingston upon Thames,-2.8862785449472286,1.487712008055878,1,0.46319725924137733,0.00010553818421334502,0.46319725924137733,2.5766523983535534e-06,7.964607361107854e-05,0.45301289252333765,0.08360208732506211,54.12,32.56,9.94,3.37,3.87,16.1,7.45,5.1,2.53,2.84,E09000021,Kingston upon Thames,matched_reference,E09000021,Kingston upon Thames
2021,E09000022,Lambeth,-2.7232323288915814,3.322333018280965,4,0.9996490069584212,8.345501189758744e-06,0.0001265332122072925,2.3964808337792717e-13,2.2808679782954675e-07,0.9996490069584212,0.00021588624114467819,56.2,30.29,9.52,3.99,5.33,8.29,6.6,3.93,3.71,4.17,E09000022,Lambeth,matched_reference,E09000022,Lambeth
2021,E09000023,Lewisham,-1.583832095316067,3.195168044783815,4,0.9990703885560563,2.375597980045379e-05,7.579261730666831e-06,8.303595965014573e-12,2.1562941125626237e-05,0.9990703885560563,0.0008767132529830765,53.12,32.04,10.52,4.33,5.72,10.49,6.52,4.76,4.05,4.23,E09000023,Lewisham,matched_reference,E09000023,Lewisham
2021,E09000024,Merton,-2.958967332698865,2.0788210867236394,4,0.8783782895252864,6.622009648725831e-05,0.09619815460758084,3.0256206430704755e-08,1.3604394271893476e-05,0.8783782895252864,0.02534370112016728,54.9,32.06,9.65,3.39,3.96,13.94,5.5,5.79,2.53,3.43,E09000024,Merton,matched_reference,E09000024,Merton
2021,E09000025,Newham,-0.9982090858475418,5.617890660344163,4,0.9999997780094023,2.147718080785756e-07,1.704468409278193e-15,2.2708443280542224e-24,7.092611328251029e-09,0.9999997780094023,1.2617645567653626e-10,51.41,33.29,10.77,4.52,6.26,7.69,8.72,9.03,3.87,5.26,E09000025,Newham,matched_reference,E09000025,Newham
2021,E09000026,Redbridge,-1.5686139736249112,3.2854268524827925,4,0.9993981221129958,2.0124892790929807e-05,3.978136130559369e-06,3.295753970112251e-12,1.6094830897459952e-05,0.9993981221129958,0.0005616800238894147,51.31,34.02,10.64,4.03,4.48,14.08,7.57,8.05,3.08,4.22,E09000026,Redbridge,matched_reference,E09000026,Redbridge
2021,E09000027,Richmond upon Thames,-4.370351345907747,1.8432535510568073,4,0.5188142805282514,1.5106272913832688e-05,0.4784183845439194,8.33915022709031e-09,1.227874358747021e-07,0.5188142805282514,0.0027520975283291506,59.38,29.22,8.36,3.04,3.37,18.12,5.96,5.08,2.24,2.62,E09000027,Richmond upon Thames,matched_reference,E09000027,Richmond upon Thames
2021,E09000028,Southwark,-2.5247541129444895,3.746637303651401,4,0.9999624241901934,4.158140345153733e-06,5.286239266895264e-06,3.0615264284423138e-15,7.732617748038384e-08,0.9999624241901934,2.8054104014210608e-05,55.79,30.34,9.75,4.12,5.57,8.55,8.41,4.16,3.91,4.22,E09000028,Southwark,matched_reference,E09000028,Southwark
2021,E09000029,Sutton,-1.8423801765524936,0.5768002348841474,1,0.5495363695852296,0.00019388333178847004,0.5495363695852296,0.0015087761789243936,0.004983323293669894,0.09227776873754119,0.35149987887284667,51.42,34.02,10.64,3.92,3.37,17.68,4.95,5.1,3.07,2.92,E09000029,Sutton,matched_reference,E09000029,Sutton
2021,E09000030,Tower Hamlets,-1.497421182179402,5.676720776395884,4,0.9999998601324354,1.3909948079056215e-07,1.6443332845787286e-14,3.2121371211132364e-25,6.838894479245423e-10,0.9999998601324354,8.417804482989534e-11,52.97,32.13,10.05,4.86,5.99,5.82,9.57,8.43,4.02,4.73,E09000030,Tower Hamlets,matched_reference,E09000030,Tower Hamlets
2021,E09000031,Waltham Forest,-1.3670722167837326,2.9916013699629422,4,0.997363531826319,3.92911601717592e-05,1.277056928715926e-05,9.710736016992821e-11,9.128855734276947e-05,0.997363531826319,0.002493117789771631,51.52,33.46,10.63,4.39,5.16,11.55,6.18,6.14,3.53,4.26,E09000031,Waltham Forest,matched_reference,E09000031,Waltham Forest
2021,E09000032,Wandsworth,-4.550964813180638,3.053465364703637,4,0.9870003752931985,2.1256277411691167e-06,0.012953683427536191,6.79746608003209e-14,4.116790397036097e-10,0.9870003752931985,4.381523977745637e-05,60.63,28.07,8.17,3.13,4.02,9.84,5.93,4.59,2.69,3.32,E09000032,Wandsworth,matched_reference,E09000032,Wandsworth
2021,E09000033,Westminster,-2.1350180711731537,5.333870699121327,4,0.9999998100317778,1.886395764889397e-07,8.626716076741644e-12,9.972248356096811e-24,2.339338815504322e-10,0.9999998100317778,1.0860847686799264e-09,56.32,28.88,9.71,5.09,4.81,10.89,11.08,6.31,4.78,4.8,E09000033,Westminster,matched_reference,E09000033,Westminster
2021,W06000001,Isle of Anglesey,0.886256855400527,-0.6149449864550052,2,0.44745633659711015,0.0001834519955329572,0.009784576148589146,0.44745633659711015,0.364063673638616,0.010328584347405823,0.1681833772727459,47.6,31.85,14.83,5.72,2.91,30.55,3.99,4.1,4.75,2.61,W06000001,Isle of Anglesey,matched_reference,W06000001,Isle of Anglesey
2021,W06000002,Gwynedd,-0.39745944460693733,0.1986099193459798,5,0.7005934816251289,0.0003445181347558226,0.07574248671630816,0.035349883931489544,0.13001996798126308,0.05794966161105463,0.7005934816251289,49.94,31.55,13.35,5.17,3.22,25.88,7.6,3.5,4.2,2.7,W06000002,Gwynedd,matched_reference,W06000002,Gwynedd
2021,W06000003,Conwy,2.0496697067752225,-1.05047407189612,2,0.6777519250227827,7.66277301243781e-05,0.0004111644764681818,0.6777519250227827,0.29575808781359497,0.0037361922964611835,0.022266002660568534,44.53,33.42,15.5,6.56,2.98,30.82,3.76,3.82,5.4,2.67,W06000003,Conwy,matched_reference,W06000003,Conwy
2021,W06000004,Denbighshire,2.22173611124505,-0.4471379855339637,3,0.6399696626595117,9.979512059440115e-05,3.451582301840975e-05,0.30703381620912573,0.6399696626595117,0.011095283026369033,0.04176692716138054,45.0,32.62,15.26,7.13,2.78,28.38,4.05,4.18,6.22,2.63,W06000004,Denbighshire,matched_reference,W06000004,Denbighshire
2021,W06000005,Flintshire,0.3545224089213838,-1.1106202063965298,2,0.6825413463146228,0.00013354085605223517,0.08269863124808684,0.6825413463146228,0.15351833322607766,0.003676402751751394,0.07743174560340892,47.39,33.45,13.5,5.66,2.77,25.64,3.57,3.59,4.32,2.25,W06000005,Flintshire,matched_reference,W06000005,Flintshire
2021,W06000006,Wrexham,1.3660192064437213,-0.1251287345787136,3,0.6422597914553667,0.00018608584956393424,0.0004609209081224005,0.16004975796667928,0.6422597914553667,0.02250874693447171,0.17453469688579587,45.45,34.04,14.3,6.22,2.94,23.81,4.4,4.05,5.12,3.63,W06000006,Wrexham,matched_reference,W06000006,Wrexham
2021,W06000008,Ceredigion,1.1057469630863042,-0.515894523583879,3,0.4415681759997175,0.0001783270749062034,0.0037397179450362862,0.38248576080044216,0.4415681759997175,0.011992651205676521,0.1600353669742215,45.04,33.65,15.22,6.08,3.01,27.69,10.02,3.45,4.45,2.33,W06000008,Ceredigion,matched_reference,W06000008,Ceredigion
2021,W06000009,Pembrokeshire,1.9959351729044634,-0.7053968120395576,2,0.4824994366275648,9.978816318440045e-05,0.00020474648320633736,0.4824994366275648,0.4671221228900647,0.0072103046569346255,0.04286360117904513,44.74,33.4,15.08,6.78,2.7,29.55,3.46,4.64,5.49,2.71,W06000009,Pembrokeshire,matched_reference,W06000009,Pembrokeshire
2021,W06000010,Carmarthenshire,2.3175302330489225,-0.3764508637535085,3,0.6888340177860066,9.587284494988323e-05,1.7234359979005058e-05,0.2610168601129324,0.6888340177860066,0.01223685797764564,0.03779915691848644,45.12,31.69,15.7,7.49,2.52,27.76,4.13,4.05,6.24,2.58,W06000010,Carmarthenshire,matched_reference,W06000010,Carmarthenshire
2021,W06000011,Swansea,1.3671644900618525,1.3564857828320693,3,0.698685927160557,0.00021071903368754543,9.247615575076472e-07,0.00042705813348858007,0.698685927160557,0.21656599475375626,0.08410937615695353,47.73,30.94,13.99,7.34,3.42,23.89,8.41,4.19,6.33,2.92,W06000011,Swansea,matched_reference,W06000011,Swansea
2021,W06000012,Neath Port Talbot,3.1692858556388477,1.3175783969425885,3,0.9474510772646226,2.4657798042634933e-05,1.0641287111444413e-11,0.00024184789624985705,0.9474510772646226,0.051176467158744035,0.001105949871699514,45.39,30.37,15.43,8.8,2.77,25.11,5.39,4.76,8.25,3.2,W06000012,Neath Port Talbot,matched_reference,W06000012,Neath Port Talbot
2021,W06000013,Bridgend,2.2874039450688253,0.7550840986098695,3,0.9231849347983092,8.109387561837428e-05,9.449991172742738e-08,0.005357842108923121,0.9231849347983092,0.04653644680982044,0.024839587907417207,45.88,31.72,14.84,7.56,2.93,24.67,3.98,4.45,6.76,3.66,W06000013,Bridgend,matched_reference,W06000013,Bridgend
2021,W06000014,Vale of Glamorgan,0.2996444805029094,-0.44539507830762054,5,0.33613333552056246,0.0002600569824548058,0.044779795440271546,0.31329268284252626,0.2884866588670717,0.01704747034711319,0.33613333552056246,48.51,32.25,13.29,5.96,2.83,26.12,4.34,3.82,4.68,2.44,W06000014,The Vale of Glamorgan,matched_reference,W06000014,Vale of Glamorgan
2021,W06000015,Cardiff,-0.4035293506361449,2.5055184596730076,4,0.9720084636991575,0.0001348271036423573,6.7392517946174915e-06,4.108555432319835e-08,0.00666971597968478,0.9720084636991575,0.021180212880166353,50.12,31.79,12.18,5.9,4.15,16.86,12.14,4.62,5.01,3.08,W06000015,Cardiff,matched_reference,W06000015,Cardiff
2021,W06000016,Rhondda Cynon Taff,3.010652686945904,0.9250722595091809,3,0.9566849316538588,3.527417264496665e-05,4.029424560788806e-10,0.0018512800287340942,0.9566849316538588,0.0378871732510326,0.0035413404907868712,44.53,31.74,15.51,8.22,3.21,23.21,5.04,4.59,7.58,3.04,W06000016,Rhondda Cynon Taf,matched_reference,W06000016,Rhondda Cynon Taf
2021,W06000018,Caerphilly,3.295208803562501,0.6383485670241545,3,0.9636071986915842,3.129134074588017e-05,4.063137595466764e-10,0.006266553167155389,0.9636071986915842,0.027277703263016973,0.0028172531311841786,43.72,32.09,15.71,8.47,3.06,23.62,4.08,4.81,7.57,2.9,W06000018,Caerphilly,matched_reference,W06000018,Caerphilly
2021,W06000019,Blaenau Gwent,4.854765922854881,1.0341422981109136,3,0.9657682152998648,5.863015354487652e-06,4.717196117350833e-16,0.0006566407988182601,0.9657682152998648,0.03355005321269576,1.92276732657728e-05,41.05,32.68,16.76,9.51,3.36,23.23,3.58,5.33,9.11,3.16,W06000019,Blaenau Gwent,matched_reference,W06000019,Blaenau Gwent
2021,W06000020,Torfaen,3.1221433206462623,-0.1728288340869184,3,0.8382945570629586,5.695408281331111e-05,1.2984396919810184e-07,0.13690484584622697,0.8382945570629586,0.015303200776105901,0.00944031238792563,42.63,33.92,15.54,7.91,3.04,24.86,3.74,4.6,6.8,2.83,W06000020,Torfaen,matched_reference,W06000020,Torfaen
2021,W06000021,Monmouthshire,0.4808151997832115,-1.596288211891977,2,0.7999949505417586,8.197225509068425e-05,0.08693313683274968,0.7999949505417586,0.09249287350781733,0.0012616950918318674,0.01923537177075178,46.44,34.3,13.61,5.65,2.21,29.24,3.61,3.54,3.91,2.75,W06000021,Monmouthshire,matched_reference,W06000021,Monmouthshire
2021,W06000022,Newport,1.3942680371653382,1.041682394022232,3,0.7496156954851598,0.00020399959426969084,3.6456585848277246e-06,0.0020199720589776596,0.7496156954851598,0.13069278928004424,0.11746389792296384,46.59,33.01,13.75,6.65,3.54,20.54,4.5,5.06,5.82,3.42,W06000022,Newport,matched_reference,W06000022,Newport
2021,W06000023,Powys,1.2566586506143609,-2.0003342741966983,2,0.8856473749930219,6.090725016699117e-05,0.026453962065035867,0.8856473749930219,0.08226551195066206,0.0007164207759419981,0.004855822965171433,44.54,34.5,15.08,5.88,2.07,29.48,3.39,3.56,4.24,2.42,W06000023,Powys,matched_reference,W06000023,Powys
2021,W06000024,Merthyr Tydfil,3.406645241525042,1.7385762425180635,3,0.9305422203423855,1.5391533665907542e-05,9.711724188592297e-14,2.077490760578966e-05,0.9305422203423855,0.06921518613178704,0.00020642708445891265,45.41,30.23,15.02,9.34,3.25,22.11,4.14,4.75,8.61,3.38,W06000024,Merthyr Tydfil,matched_reference,W06000024,Merthyr Tydfil
