year,area_code,area_name,umap1,umap2,bgmm_cluster,bgmm_confidence,cluster_prob_0,cluster_prob_1,cluster_prob_2,cluster_prob_3,cluster_prob_4,cluster_prob_5,pct_very_good,pct_good,pct_fair,pct_bad_or_very_bad,pct_unemployed_of_total,pct_retired,pct_student_inactive,pct_looking_after_home_family,pct_long_term_sick_disabled,pct_other_inactive,area_code_map,area_name_map,tableau_lad_match_status,LAD_Code,LAD_Name
2011,E06000001,Hartlepool UA,-0.41676676,2.5990014,0,0.9999774020296028,0.9999774020296028,5.0435018231241973e-29,5.6249388440474596e-15,1.2200812922620015e-14,1.6116452376233976e-09,2.259635873378466e-05,43.27,32.73,15.87,8.14,7.77,15.9,4.55,4.89,7.08,2.44,E06000001,Hartlepool,matched_reference,E06000001,Hartlepool
2011,E06000002,Middlesbrough UA,-0.17052843,2.621672,0,0.9999861615687476,0.9999861615687476,2.632990600311711e-28,1.6759705639309497e-15,7.628422946665018e-14,2.169640107092897e-09,1.383626153439467e-05,45.41,32.72,14.25,7.62,7.59,13.85,7.41,5.54,6.8,3.17,E06000002,Middlesbrough,matched_reference,E06000002,Middlesbrough
2011,E06000003,Redcar and Cleveland UA,-0.54985297,2.6041503,0,0.9999665310033622,0.9999665310033622,2.6849988415827445e-29,1.3566563601833246e-14,4.7740461797280144e-15,1.6136789522794447e-09,3.346738294063634e-05,42.38,33.91,15.87,7.84,6.59,19.37,4.18,4.4,5.92,2.09,E06000003,Redcar and Cleveland,matched_reference,E06000003,Redcar and Cleveland
2011,E06000004,Stockton-on-Tees UA,-0.36748528,3.4619665,0,0.9973367109952943,0.9973367109952943,4.329379725761179e-24,8.940739053081529e-11,7.105502399283249e-14,1.0344161837381184e-06,0.002662254499043681,46.35,33.55,13.77,6.33,5.74,14.76,5.17,4.2,4.88,2.54,E06000004,Stockton-on-Tees,matched_reference,E06000004,Stockton-on-Tees
2011,E06000005,Darlington UA,-1.775443,4.3823667,5,0.9969543231952307,0.00276546379659842,5.139867591714766e-22,0.00024275233694187088,6.995179187326356e-18,3.746067122906027e-05,0.9969543231952307,44.57,35.24,14.32,5.88,5.22,15.94,3.58,4.02,4.88,1.85,E06000005,Darlington,matched_reference,E06000005,Darlington
2011,E06000006,Halton UA,-0.3538244,3.467569,0,0.9973606585713666,0.9973606585713666,4.927553929737239e-24,8.769674788621803e-11,7.840219056322567e-14,1.0774244693421702e-06,0.002638263916388913,46.67,31.57,13.92,7.85,5.56,14.38,4.16,4.21,6.96,1.89,E06000006,Halton,matched_reference,E06000006,Halton
2011,E06000007,Warrington UA,-0.9861683,5.0022864,5,0.9960719128782087,0.0021378689264721805,8.02852313934586e-18,0.000880540210207776,1.9087102544113667e-15,0.0009096779851092824,0.9960719128782087,49.81,32.75,12.09,5.35,3.99,14.85,3.64,3.29,4.06,2.06,E06000007,Warrington,matched_reference,E06000007,Warrington
2011,E06000008,Blackburn with Darwen UA,6.023039,6.24842,3,0.9983487652247572,7.979666003411291e-14,0.00012163537565259847,8.135815606103565e-19,0.9983487652247572,0.0015295990397395005,3.597709597738292e-10,45.42,33.23,14.05,7.3,5.34,12.69,5.81,6.76,7.07,3.48,E06000008,Blackburn with Darwen,matched_reference,E06000008,Blackburn with Darwen
2011,E06000009,Blackpool UA,-0.6471551,2.6983557,0,0.9999242035269267,0.9999242035269267,5.623239597023214e-29,7.426925383289572e-14,2.782553715453361e-15,3.2532004538161167e-09,7.579321979568351e-05,39.84,33.8,16.88,9.48,6.1,16.19,3.67,3.8,7.93,2.39,E06000009,Blackpool,matched_reference,E06000009,Blackpool
2011,E06000010,"Kingston upon Hull, City of UA",-0.22240308,2.5126412,0,0.9999913434911312,0.9999913434911312,5.12938884132377e-29,6.50869527143264e-16,4.727824232469293e-14,9.496646122258467e-10,8.655559156410854e-06,43.12,34.93,14.86,7.09,8.02,12.08,6.95,4.97,6.05,2.73,E06000010,"Kingston upon Hull, City of",matched_reference,E06000010,"Kingston upon Hull, City of"
2011,E06000011,East Riding of Yorkshire UA,-2.4553585,5.8062367,5,0.5368757926764449,6.033970798118181e-10,1.7302917103859402e-17,0.46308257466043173,3.986538575583033e-21,4.163205972640224e-05,0.5368757926764449,45.19,34.97,14.46,5.39,3.58,19.46,3.73,3.2,3.14,1.72,E06000011,East Riding of Yorkshire,matched_reference,E06000011,East Riding of Yorkshire
2011,E06000012,North East Lincolnshire UA,-1.4507306,4.0336866,5,0.867123511995926,0.1328186836489091,1.2137875112628323e-22,1.546309740439925e-05,2.1733354871879685e-16,4.2341257760670155e-05,0.867123511995926,44.01,35.04,14.9,6.05,6.46,15.56,4.17,4.87,4.85,2.16,E06000012,North East Lincolnshire,matched_reference,E06000012,North East Lincolnshire
2011,E06000013,North Lincolnshire UA,-1.9034808,4.309863,5,0.9974612843895522,0.0022854353650715578,1.3273692301046998e-22,0.00022998284340535168,2.6509921696591544e-18,2.329740197119385e-05,0.9974612843895522,43.74,35.76,14.73,5.77,4.8,16.59,3.74,4.44,4.21,1.81,E06000013,North Lincolnshire,matched_reference,E06000013,North Lincolnshire
2011,E06000014,York UA,1.6841427,7.563523,4,0.9009945050473787,7.190714466754887e-08,1.4823220940421317e-05,0.07448585942734785,2.818351582891732e-09,0.9009945050473787,0.024504737578837234,49.69,34.19,11.99,4.13,3.06,13.81,9.6,2.74,2.46,1.32,E06000014,York,matched_reference,E06000014,York
2011,E06000015,Derby UA,0.13464263,5.538741,5,0.9504723293300736,0.00641425560577398,1.997114646694743e-13,0.0010193479658029032,7.779095180893848e-12,0.04209406709037079,0.9504723293300736,44.96,35.0,14.15,5.89,5.19,12.79,6.27,4.79,4.78,2.38,E06000015,Derby,matched_reference,E06000015,Derby
2011,E06000016,Leicester UA,3.9990158,7.1580734,4,0.9991836951755266,2.0879787380668472e-08,0.00030225809105723523,5.853209458252957e-08,0.0004541910518700594,0.9991836951755266,5.977626966403295e-05,44.9,35.64,13.42,6.03,6.18,9.26,11.4,6.21,5.12,3.44,E06000016,Leicester,matched_reference,E06000016,Leicester
2011,E06000017,Rutland UA,7.0754957,9.846126,1,0.9964969617211545,6.865214807327831e-23,0.9964969617211545,2.4332752489792034e-10,0.0009601364791885639,0.002542901551753225,4.5763209544141615e-12,50.38,34.03,12.13,3.45,2.38,16.93,5.8,3.25,1.71,2.98,E06000017,Rutland,matched_reference,E06000017,Rutland
2011,E06000018,Nottingham UA,2.889917,6.4096794,4,0.9968377095773474,4.149177759734284e-05,7.522061367013197e-07,4.714967572841933e-07,2.1834083469498218e-05,0.9968377095773474,0.0030977408586922365,46.14,33.8,13.6,6.45,6.37,9.11,16.26,4.68,5.67,2.95,E06000018,Nottingham,matched_reference,E06000018,Nottingham
2011,E06000019,"Herefordshire, County of UA",-2.3991258,5.8376765,5,0.5255620220986429,6.8505075840252e-10,2.8555412827994685e-17,0.47438857088758407,6.013397806478927e-21,4.9406328722335465e-05,0.5255620220986429,45.71,35.15,13.91,5.23,3.26,16.6,3.63,3.47,3.45,1.57,E06000019,"Herefordshire, County of",matched_reference,E06000019,"Herefordshire, County of"
2011,E06000020,Telford and Wrekin UA,-0.082046635,5.2883644,5,0.9687954046901621,0.014420524815245611,9.375447842094548e-15,0.0004434446090585178,2.0979432514846677e-12,0.016340625883426645,0.9687954046901621,45.87,34.32,13.57,6.24,4.75,13.74,5.08,4.84,4.91,1.96,E06000020,Telford and Wrekin,matched_reference,E06000020,Telford and Wrekin
2011,E06000021,Stoke-on-Trent UA,-0.61190367,2.5847251,0,0.9999641901384777,0.9999641901384777,1.527593044414834e-29,1.6000399578037354e-14,3.022947576470941e-15,1.3818395491143773e-09,3.580847966374198e-05,41.97,34.66,15.33,8.04,5.31,14.28,5.61,4.68,7.23,2.69,E06000021,Stoke-on-Trent,matched_reference,E06000021,Stoke-on-Trent
2011,E06000022,Bath and North East Somerset UA,1.7607946,7.530767,4,0.9325828701148314,9.386237301130927e-08,1.4090484826449347e-05,0.04603641289707824,4.37702560161298e-09,0.9325828701148314,0.02136652826386531,50.5,33.43,11.85,4.22,2.72,13.71,10.12,3.29,2.77,1.37,E06000022,Bath and North East Somerset,matched_reference,E06000022,Bath and North East Somerset
2011,E06000023,"Bristol, City of UA",2.1321976,6.633916,4,0.9788433417406762,3.788489267373445e-05,2.608735132024543e-07,9.583040691262531e-05,2.1939709637059893e-07,0.9788433417406762,0.021022462689127854,48.81,33.46,12.25,5.48,4.3,9.81,9.0,3.91,4.35,2.3,E06000023,"Bristol, City of",matched_reference,E06000023,"Bristol, City of"
2011,E06000024,North Somerset UA,-2.3030055,6.0284348,2,0.6439158937609449,2.0452775181932053e-10,1.955082771936179e-16,0.6439158937609449,8.606179570224793e-21,5.839100630773842e-05,0.3560257150282198,46.31,34.77,13.66,5.26,2.99,17.45,3.16,3.5,3.86,1.44,E06000024,North Somerset,matched_reference,E06000024,North Somerset
2011,E06000025,South Gloucestershire UA,-1.1965575,7.5965652,2,0.9976376699095163,1.0736904145579653e-14,2.2394785107352844e-10,0.9976376699095163,4.2801496318907774e-19,5.8949429884832146e-05,0.0023033804366401458,49.15,34.89,11.77,4.19,2.78,14.23,4.1,3.24,2.53,1.5,E06000025,South Gloucestershire,matched_reference,E06000025,South Gloucestershire
2011,E06000026,Plymouth UA,1.8377607,6.318996,4,0.9336734003114723,0.00041735265112911505,2.5326812670431377e-08,9.322494943670531e-05,1.213744986820247e-07,0.9336734003114723,0.06581587538665075,46.02,33.53,13.95,6.51,4.24,14.09,8.37,3.9,5.24,1.79,E06000026,Plymouth,matched_reference,E06000026,Plymouth
2011,E06000027,Torbay UA,-1.0561174,2.7720675,0,0.999554281253175,0.999554281253175,2.5726782015971616e-29,2.565291848171312e-12,2.293617690230075e-16,6.5379707218288945e-09,0.00044571220628859847,41.7,34.44,16.31,7.55,4.55,19.59,3.23,3.86,5.8,1.79,E06000027,Torbay,matched_reference,E06000027,Torbay
2011,E06000030,Swindon UA,-0.20130514,6.7568307,2,0.5761063254205304,2.104233355475863e-07,3.3465270974609174e-10,0.5761063254205304,6.298290831642595e-14,0.038065792619704095,0.38582767120171413,48.26,35.18,11.98,4.58,4.23,11.6,3.18,4.09,3.42,1.76,E06000030,Swindon,matched_reference,E06000030,Swindon
2011,E06000031,Peterborough UA,0.09343722,5.8740506,5,0.9327896497320236,0.0006405214235996127,2.133767919193235e-12,0.006972475578292215,3.205250895306357e-12,0.059597353260745424,0.9327896497320236,44.26,37.3,13.27,5.17,5.06,11.58,3.86,5.49,4.14,2.64,E06000031,Peterborough,matched_reference,E06000031,Peterborough
2011,E06000032,Luton UA,3.901273,7.1807914,4,0.9994094559309676,2.5503972315095038e-08,0.0002490862532975691,1.1633531844287797e-07,0.00026317248349805875,0.9994094559309676,7.814349294599681e-05,46.56,36.07,12.44,4.93,5.74,9.87,7.37,6.65,3.78,3.26,E06000032,Luton,matched_reference,E06000032,Luton
2011,E06000033,Southend-on-Sea UA,0.022031927,5.6875196,5,0.9567062523880987,0.0016586852737869929,3.5761551075879655e-13,0.003047272103130788,2.439542682705315e-12,0.038587790232186406,0.9567062523880987,45.11,35.09,14.06,5.74,4.97,14.12,3.81,5.04,4.25,2.12,E06000033,Southend-on-Sea,matched_reference,E06000033,Southend-on-Sea
2011,E06000034,Thurrock UA,0.077502,6.3429427,5,0.8232202474117051,2.4952413392586104e-05,7.208195494923862e-11,0.08027977958423499,1.4453670619628062e-12,0.09647502051713984,0.8232202474117051,48.2,34.74,12.29,4.77,5.42,11.72,3.49,5.17,3.54,2.06,E06000034,Thurrock,matched_reference,E06000034,Thurrock
2011,E06000035,Medway UA,0.11406671,5.9457726,5,0.9210299671467731,0.00043109747256498044,4.0799810719714534e-12,0.00971102265625285,3.38025804366679e-12,0.06882791271694894,0.9210299671467731,45.72,36.25,13.0,5.03,4.88,12.74,5.11,5.2,3.78,2.12,E06000035,Medway,matched_reference,E06000035,Medway
2011,E06000036,Bracknell Forest UA,0.35143468,8.510399,2,0.9990441968345751,7.11274754699746e-15,3.2192026030362008e-06,0.9990441968345751,3.4461717920042623e-15,0.0007311682904799483,0.00022141567233144573,52.4,34.29,10.06,3.25,3.38,10.22,3.62,4.15,2.13,1.51,E06000036,Bracknell Forest,matched_reference,E06000036,Bracknell Forest
2011,E06000037,West Berkshire UA,0.24820189,8.549223,2,0.9994104547893325,2.3063437124071393e-15,2.600422811857663e-06,0.9994104547893325,1.3318999745834071e-15,0.0004273295899306087,0.00015961519792147597,51.64,34.5,10.7,3.16,2.93,12.58,3.39,4.26,2.16,1.4,E06000037,West Berkshire,matched_reference,E06000037,West Berkshire
2011,E06000038,Reading UA,2.9803507,7.573053,4,0.9989352119315993,2.4541388607513135e-08,0.00014028335535093073,0.0001480927584176013,1.1752728590320194e-06,0.9989352119315993,0.0007752121403843956,50.21,35.27,10.77,3.75,4.56,8.56,7.96,4.57,2.76,2.24,E06000038,Reading,matched_reference,E06000038,Reading
2011,E06000039,Slough UA,3.794282,7.269407,4,0.999524248983769,2.163863868261794e-08,0.0002564079297332928,3.5410335901181186e-07,0.0001198672294838402,0.999524248983769,9.910011501614796e-05,47.9,35.99,11.62,4.49,5.42,7.48,5.79,6.53,3.37,3.35,E06000039,Slough,matched_reference,E06000039,Slough
2011,E06000040,Windsor and Maidenhead UA,0.85612965,8.748945,2,0.9979318862235783,8.055600431465548e-15,4.296880412341415e-05,0.9979318862235783,6.887091595563566e-14,0.0018953863711618604,0.00012975860105953713,54.51,32.22,9.85,3.43,3.16,12.82,4.41,4.81,1.76,1.71,E06000040,Windsor and Maidenhead,matched_reference,E06000040,Windsor and Maidenhead
2011,E06000041,Wokingham UA,0.6597835,8.751532,2,0.998987194208212,2.4657877565766724e-15,2.1723981194012025e-05,0.998987194208212,1.490206353018744e-14,0.0008923513470489677,9.873046352721185e-05,54.26,33.56,9.44,2.75,2.63,13.34,3.96,4.27,1.55,1.25,E06000041,Wokingham,matched_reference,E06000041,Wokingham
2011,E06000042,Milton Keynes UA,0.0544631,7.0309153,2,0.750820394728616,5.2164342826849555e-08,4.3486079233425866e-09,0.750820394728616,1.961975864585416e-13,0.053526157825640235,0.19565339093259668,50.17,34.88,10.82,4.13,4.76,10.28,3.94,4.6,3.2,2.05,E06000042,Milton Keynes,matched_reference,E06000042,Milton Keynes
2011,E06000043,Brighton and Hove UA,1.878974,6.913665,4,0.9675862617606775,7.096734932438291e-06,6.085501138724755e-07,0.0013992864140609216,2.9077621096344832e-08,0.9675862617606775,0.031006717462594303,49.26,33.64,11.81,5.28,3.71,9.31,9.76,3.44,4.18,1.75,E06000043,Brighton and Hove,matched_reference,E06000043,Brighton and Hove
2011,E06000044,Portsmouth UA,2.0325558,6.653129,4,0.9727125419834604,3.702975339251332e-05,2.250411288095386e-07,0.00017754773012988365,1.2513039293511167e-07,0.9727125419834604,0.02707253036149568,47.69,34.84,12.42,5.05,4.25,10.66,10.66,4.1,3.78,1.95,E06000044,Portsmouth,matched_reference,E06000044,Portsmouth
2011,E06000045,Southampton UA,2.083252,6.5492787,4,0.97348466395125,7.033254360519558e-05,1.5241180725481177e-07,8.112533887982452e-05,2.189596703704269e-07,0.97348466395125,0.026363506794787044,47.56,34.99,12.36,5.1,4.23,9.86,11.57,4.13,4.07,2.0,E06000045,Southampton,matched_reference,E06000045,Southampton
2011,E06000046,Isle of Wight UA,-2.3634508,4.041813,5,0.9987143996973976,0.0010958106616054876,8.911581644296388e-25,0.00018565994600179092,8.017332204828269e-20,4.129694994781504e-06,0.9987143996973976,40.81,36.53,16.18,6.48,4.4,20.53,3.67,3.94,4.52,2.96,E06000046,Isle of Wight,matched_reference,E06000046,Isle of Wight
2011,E06000047,County Durham UA,-0.85264224,2.9280138,0,0.9994451320963096,0.9994451320963096,4.844954442174454e-28,4.025952628793638e-12,1.1025598224118134e-15,1.9844499910478702e-08,0.000554848055163608,42.35,33.43,16.06,8.16,4.43,17.05,6.21,3.7,6.48,2.17,E06000047,County Durham,matched_reference,E06000047,County Durham
2011,E06000049,Cheshire East UA,-1.2982513,5.702579,5,0.9408310274516614,3.2094528347435896e-06,9.124788923983661e-16,0.05800771415539197,6.04635585066217e-17,0.0011580489401107961,0.9408310274516614,49.06,33.25,12.78,4.91,3.23,17.14,4.19,3.54,3.07,1.47,E06000049,Cheshire East,matched_reference,E06000049,Cheshire East
2011,E06000050,Cheshire West and Chester UA,-1.0412725,5.03766,5,0.9966656825130575,0.0012971881589308866,8.237066768454182e-18,0.0012060679155468902,1.137820011741212e-15,0.0008310614124636383,0.9966656825130575,48.47,33.06,12.93,5.54,3.68,16.41,4.42,3.55,3.94,1.46,E06000050,Cheshire West and Chester,matched_reference,E06000050,Cheshire West and Chester
2011,E06000051,Shropshire UA,-2.1940453,6.260567,2,0.8110050035581943,3.765542049917309e-11,1.646866369785915e-15,0.8110050035581943,1.0939527968954157e-20,5.922047394539485e-05,0.1889357759302029,46.49,34.92,13.55,5.04,3.28,16.9,3.91,3.36,3.23,1.58,E06000051,Shropshire,matched_reference,E06000051,Shropshire
2011,E06000052,Cornwall UA,-2.0993733,5.081293,5,0.9846701188882871,2.845199563020256e-06,8.111064710441732e-20,0.015273014952839848,1.7239359141743462e-19,5.402095931002392e-05,0.9846701188882871,45.23,33.59,14.88,6.3,3.26,18.93,4.3,3.99,4.37,1.68,E06000052,Cornwall,matched_reference,E06000052,Cornwall
2011,E06000053,Isles of Scilly UA,-0.037726432,8.871177,2,0.9999266459745512,6.796936210625926e-18,4.0698445812065695e-06,0.9999266459745512,5.2106987699763596e-17,4.546383980769653e-05,2.382034105975925e-05,51.52,34.23,11.26,3.0,1.11,12.89,0.8,1.6,0.86,1.79,E06000053,Isles of Scilly,matched_reference,E06000053,Isles of Scilly
2011,E06000054,Wiltshire UA,-0.27616343,8.237923,2,0.9994309318129504,3.2694349469828743e-15,1.2322903803527337e-07,0.9994309318129504,6.938305492816353e-17,0.00019665747725084695,0.0003722874807573016,49.75,34.05,12.15,4.05,2.94,14.69,3.27,3.99,2.68,1.51,E06000054,Wiltshire,matched_reference,E06000054,Wiltshire
2011,E06000055,Bedford UA,-0.12769972,6.4217176,5,0.7679842391300058,5.764966312652009e-06,5.3587689341200606e-11,0.173744429918177,2.6082541939246275e-13,0.058265565931656306,0.7679842391300058,46.9,35.98,12.58,4.54,4.45,12.76,5.48,4.32,3.3,2.26,E06000055,Bedford,matched_reference,E06000055,Bedford
2011,E06000056,Central Bedfordshire UA,-0.5528782,7.763013,2,0.9971075042758142,1.6124392502867707e-13,5.537339924959094e-09,0.9971075042758142,4.439562487757478e-17,0.00037969457434846,0.0025127956123359514,49.15,35.52,11.48,3.85,3.45,13.45,4.16,3.94,2.36,1.34,E06000056,Central Bedfordshire,matched_reference,E06000056,Central Bedfordshire
2011,E06000057,Northumberland,-2.0663803,4.622845,5,0.9982933521915641,9.872810348579572e-05,1.1140326604175891e-21,0.0015813762455714718,3.957233586348195e-19,2.654345937872382e-05,0.9982933521915641,43.98,34.32,15.37,6.33,4.43,18.82,3.48,3.59,4.43,1.83,E06000057,Northumberland,not_in_tableau_reference,E06000057,Northumberland
2011,E06000058,"Bournemouth, Christchurch and Poole",-2.1448565,5.7322807,5,0.73618481653203,1.2128596963710962e-08,3.3464142028506174e-17,0.2637058302205226,6.087613425592089e-20,0.00010934111885036166,0.73618481653203,45.88,34.8,13.83,5.49,3.5,15.0,5.85,3.75,3.87,1.69,E06000058,"Bournemouth, Christchurch and Poole",not_in_tableau_reference,E06000058,"Bournemouth, Christchurch and Poole"
2011,E06000059,Dorset,-2.5991428,6.707196,2,0.9817509916400454,5.187288863020448e-15,6.203763810542805e-15,0.9817509916400454,7.378277437840987e-23,4.433119890121173e-06,0.018244575240052883,44.95,35.89,14.24,4.92,2.68,19.93,3.17,3.6,3.08,1.77,E06000059,Dorset,not_in_tableau_reference,E06000059,Dorset
2011,E06000060,Buckinghamshire,0.51393926,8.391817,2,0.9973186007168696,8.213199628095591e-14,3.88212678852745e-06,0.9973186007168696,2.004142553299589e-14,0.002175703984511791,0.0005018131717278429,52.03,33.82,10.68,3.47,2.99,13.29,4.49,4.74,2.02,1.81,E06000060,Buckinghamshire,not_in_tableau_reference,E06000060,Buckinghamshire
2011,E06000061,North Northamptonshire,-0.5187947,6.053614,5,0.9173754994738341,1.4218880883793134e-05,5.56092181947761e-13,0.06783196920465007,2.0274182248510547e-14,0.014778312440055867,0.9173754994738341,45.68,36.17,13.23,4.92,4.18,14.26,3.45,4.01,3.71,1.68,E06000061,North Northamptonshire,not_in_tableau_reference,E06000061,North Northamptonshire
2011,E06000062,West Northamptonshire,-0.58779883,7.058557,2,0.9277876609759013,6.401087364642241e-10,2.1809268544181044e-10,0.9277876609759013,6.429897241730028e-16,0.0037801069541681517,0.06843223121172874,47.8,35.85,12.08,4.27,3.79,12.85,4.25,3.71,3.03,1.91,E06000062,West Northamptonshire,not_in_tableau_reference,E06000062,West Northamptonshire
2011,E07000008,Cambridge,2.0214312,7.729612,4,0.955554466175771,2.2294135573853464e-08,6.263066502438491e-05,0.03549609523739023,1.0502900841072723e-08,0.955554466175771,0.008886775124777565,54.69,31.97,9.7,3.64,2.69,7.12,21.84,3.0,2.48,1.57,E07000008,Cambridge,matched_reference,E07000008,Cambridge
2011,E07000009,East Cambridgeshire,-0.6779138,7.850243,2,0.9984257432142811,2.2650472524977826e-14,5.170869631891464e-09,0.9984257432142811,1.1541867270886714e-17,0.00017429376141656015,0.0013999578534099042,48.77,35.18,12.09,3.97,2.88,13.55,2.94,4.17,2.37,1.35,E07000009,East Cambridgeshire,matched_reference,E07000009,East Cambridgeshire
2011,E07000010,Fenland,-2.6605322,4.0830855,5,0.9994088173102886,0.00013141034455794147,2.8209123922647885e-25,0.00045774448141836795,5.633519350456143e-21,2.027863734807184e-06,0.9994088173102886,39.45,37.83,16.54,6.18,4.23,17.14,3.1,4.27,4.48,1.96,E07000010,Fenland,matched_reference,E07000010,Fenland
2011,E07000011,Huntingdonshire,-0.64778644,7.5068564,2,0.9918772517517603,1.8853589279343103e-12,1.2026397966533373e-09,0.9918772517517603,5.608908682230108e-17,0.0006446296072651007,0.007478117436449532,48.77,35.67,11.61,3.94,3.16,14.1,3.19,3.79,2.48,1.86,E07000011,Huntingdonshire,matched_reference,E07000011,Huntingdonshire
2011,E07000012,South Cambridgeshire,0.40477616,8.792229,2,0.999635355293579,3.157094227944755e-16,1.0799673970369134e-05,0.999635355293579,1.8263367635283415e-15,0.0002955096473057674,5.833538514249611e-05,52.46,33.71,10.62,3.21,2.32,13.03,3.99,3.6,1.98,1.25,E07000012,South Cambridgeshire,matched_reference,E07000012,South Cambridgeshire
2011,E07000026,Allerdale,-2.2775474,5.111954,5,0.9748254820965538,7.309608081892671e-07,5.0250059272119795e-20,0.025138143624745406,3.8956889660772815e-20,3.564331789266715e-05,0.9748254820965538,44.48,34.53,14.74,6.25,3.6,18.91,3.0,3.2,4.53,1.46,E07000026,Allerdale,matched_reference,E07000026,Allerdale
2011,E07000027,Barrow-in-Furness,-0.74588954,3.0297713,0,0.9992926596731141,0.9992926596731141,2.947888265333177e-27,6.5223871553336045e-12,2.6383327556374697e-15,4.1784881701260336e-08,0.0007072985354794128,42.75,33.1,15.77,8.37,4.63,17.94,3.16,3.55,7.28,1.75,E07000027,Barrow-in-Furness,matched_reference,E07000027,Barrow-in-Furness
2011,E07000028,Carlisle,-2.373806,5.3912644,5,0.897886417486248,4.349538873254273e-08,5.290395871200735e-19,0.10207167796429456,1.386882435991673e-20,4.18610540684015e-05,0.897886417486248,45.19,34.87,13.98,5.96,3.58,15.5,3.49,2.91,4.67,1.49,E07000028,Carlisle,matched_reference,E07000028,Carlisle
2011,E07000029,Copeland,-1.1752403,3.6680722,0,0.8498535457320247,0.8498535457320247,5.121124074613121e-24,1.7881070637693074e-07,1.182592992580466e-15,8.205939955231314e-06,0.15013806951731282,44.37,33.91,14.89,6.83,4.24,18.32,3.03,3.65,5.45,2.5,E07000029,Copeland,matched_reference,E07000029,Copeland
2011,E07000030,Eden,-2.0466537,6.8544264,2,0.9796821437450359,1.0442140417686265e-13,1.3223656733434557e-13,0.9796821437450359,4.861682265391111e-21,2.3164652606508744e-05,0.020294691602121023,46.06,35.78,13.69,4.47,2.12,17.61,2.76,2.38,2.75,1.14,E07000030,Eden,matched_reference,E07000030,Eden
2011,E07000031,South Lakeland,-1.9488118,6.837482,2,0.9749942364653839,2.9200184527844213e-13,1.7590274598185025e-13,0.9749942364653839,1.1875449828014509e-20,3.514286853538462e-05,0.024970620665612838,46.75,35.1,13.62,4.53,2.01,20.38,3.04,2.33,2.59,1.24,E07000031,South Lakeland,matched_reference,E07000031,South Lakeland
2011,E07000032,Amber Valley,-2.3342237,4.8018475,5,0.993296344472339,5.20481053734284e-06,1.796203236772691e-21,0.0066803886068037945,3.345457532518482e-20,1.8062110319746608e-05,0.993296344472339,44.01,34.99,14.99,6.01,3.87,17.35,3.43,3.77,4.06,1.5,E07000032,Amber Valley,matched_reference,E07000032,Amber Valley
2011,E07000033,Bolsover,-0.9268357,2.7703528,0,0.9997185552450942,0.9997185552450942,4.221717738850416e-29,1.0546467659861148e-12,5.08458728042149e-16,6.023095715037996e-09,0.00028143873075491503,40.77,33.51,17.09,8.63,4.67,16.91,3.51,4.35,6.48,1.82,E07000033,Bolsover,matched_reference,E07000033,Bolsover
2011,E07000034,Chesterfield,-1.1074891,2.7714605,0,0.9994658740302331,0.9994658740302331,2.0940279680698553e-29,3.6149246038016934e-12,1.678274213116939e-16,6.7293437429638675e-09,0.0005341192368078461,41.69,34.32,16.36,7.62,4.66,16.87,3.64,3.82,5.96,1.77,E07000034,Chesterfield,matched_reference,E07000034,Chesterfield
2011,E07000035,Derbyshire Dales,-1.934002,6.733474,2,0.9599901828877938,1.1749103809392262e-12,9.994592396981179e-14,0.9599901828877938,1.9637986383368028e-20,4.972185790052455e-05,0.03996009525303086,47.09,34.71,13.66,4.54,2.68,19.05,3.27,3.04,2.54,1.79,E07000035,Derbyshire Dales,matched_reference,E07000035,Derbyshire Dales
2011,E07000036,Erewash,-2.1334302,4.5366955,5,0.9986473667565664,0.00012352626551589703,3.4921833733678373e-22,0.001210064643170567,2.54537373908592e-19,1.904233474718961e-05,0.9986473667565664,44.03,35.39,14.96,5.62,4.53,15.61,3.6,3.76,4.0,1.56,E07000036,Erewash,matched_reference,E07000036,Erewash
2011,E07000037,High Peak,-1.1695614,5.58758,5,0.972651694799264,1.4970280417211021e-05,5.746474765809582e-16,0.025937196585060582,1.9225211643817077e-16,0.001396138335257577,0.972651694799264,47.51,34.08,13.21,5.19,3.82,15.67,4.29,2.96,3.67,1.34,E07000037,High Peak,matched_reference,E07000037,High Peak
2011,E07000038,North East Derbyshire,-2.2518296,4.902731,5,0.9909347681650473,4.138400219522437e-06,7.098492293458973e-21,0.00903435786938167,5.925805933929307e-20,2.6735565351323367e-05,0.9909347681650473,42.95,34.26,15.89,6.9,3.67,19.27,3.38,3.51,4.47,1.41,E07000038,North East Derbyshire,matched_reference,E07000038,North East Derbyshire
2011,E07000039,South Derbyshire,-1.9356288,6.4088087,2,0.847550975235876,5.575919031251485e-11,1.3612919973023591e-14,0.847550975235876,6.318917806980363e-20,0.00011405073162150923,0.15233497397672938,47.64,34.4,13.05,4.9,3.06,14.81,3.63,3.96,3.52,1.57,E07000039,South Derbyshire,matched_reference,E07000039,South Derbyshire
2011,E07000040,East Devon,-2.6855943,6.7337294,2,0.9853495742179,1.7090180882616319e-15,5.445404098072373e-15,0.9853495742179,3.2879280322573084e-23,3.029637055972036e-06,0.014647396145036915,43.79,36.02,15.07,5.12,2.45,22.36,2.93,3.27,2.82,1.3,E07000040,East Devon,matched_reference,E07000040,East Devon
2011,E07000041,Exeter,1.9290887,7.416853,4,0.9716643512737553,2.0965190703388707e-07,9.953394502873893e-06,0.012428966977035721,1.2206673186349432e-08,0.9716643512737553,0.015896506496125687,49.91,33.37,11.95,4.77,3.06,11.14,12.82,2.94,3.49,1.62,E07000041,Exeter,matched_reference,E07000041,Exeter
2011,E07000042,Mid Devon,-2.1625304,6.7794533,2,0.9760435558167692,9.799062789435448e-14,5.259854424281563e-14,0.9760435558167692,2.3521524462398903e-21,1.8433675211426858e-05,0.023938010507868642,46.64,35.44,13.37,4.55,2.71,16.46,3.18,3.71,3.11,1.52,E07000042,Mid Devon,matched_reference,E07000042,Mid Devon
2011,E07000043,North Devon,-2.1302707,5.6501336,5,0.8072472409337935,2.7323543473296243e-08,1.6888260247959164e-17,0.1926443551434965,7.66365915345165e-20,0.00010837659916607658,0.8072472409337935,46.38,33.85,14.16,5.61,3.04,18.16,3.0,3.83,3.67,1.55,E07000043,North Devon,matched_reference,E07000043,North Devon
2011,E07000044,South Hams,-1.883075,6.755987,2,0.960988738033013,1.3603252425372167e-12,1.413725353025827e-13,0.960988738033013,2.80561149816932e-20,5.67626969649111e-05,0.038954499268520244,47.41,34.37,13.32,4.9,2.35,20.2,3.26,3.25,3.08,1.52,E07000044,South Hams,matched_reference,E07000044,South Hams
2011,E07000045,Teignbridge,-2.443608,5.720194,5,0.6349846549145312,1.5157145676812326e-09,8.66138170848579e-18,0.36497155549941807,5.18050206918081e-21,4.378807033639315e-05,0.6349846549145312,44.94,34.89,14.68,5.49,2.77,19.01,3.01,3.29,3.56,2.01,E07000045,Teignbridge,matched_reference,E07000045,Teignbridge
2011,E07000046,Torridge,-2.251483,4.8878655,5,0.9915512304797178,4.631269654277253e-06,6.139218951378576e-21,0.008418061843302363,6.039378630363467e-20,2.6076407325700996e-05,0.9915512304797178,43.53,34.84,15.42,6.21,3.41,20.48,3.07,3.86,4.04,1.55,E07000046,Torridge,matched_reference,E07000046,Torridge
2011,E07000047,West Devon,-2.4060102,5.9253654,2,0.5748266710907548,2.6612034111582836e-10,5.650090601274236e-17,0.5748266710907548,4.636147703309491e-21,4.554142118543919e-05,0.42512778722193945,45.85,34.73,14.28,5.14,3.07,19.59,3.27,3.44,3.42,2.12,E07000047,West Devon,matched_reference,E07000047,West Devon
2011,E07000061,Eastbourne,-2.1398833,4.4953017,5,0.9988186118419222,0.00016010809966607645,2.2693053883610393e-22,0.0010039107712820413,2.56427039166361e-19,1.7369287129685668e-05,0.9988186118419222,43.07,35.4,15.34,6.19,4.08,16.79,5.15,3.75,4.53,1.77,E07000061,Eastbourne,matched_reference,E07000061,Eastbourne
2011,E07000062,Hastings,-0.8445716,2.4059944,0,0.9999740252617105,0.9999740252617105,4.704826478197608e-31,9.026705276712137e-15,4.842423049708961e-16,3.553915963918629e-10,2.5974382888432198e-05,40.5,36.24,15.82,7.44,5.48,14.34,4.09,4.71,6.62,2.46,E07000062,Hastings,matched_reference,E07000062,Hastings
2011,E07000063,Lewes,-2.6658175,5.146433,5,0.9392724853721144,4.060902602818316e-08,1.3808793095475735e-20,0.06071389801276252,1.5900282833626646e-21,1.3576006097240553e-05,0.9392724853721144,44.84,35.52,14.26,5.38,3.35,17.59,3.67,3.86,3.53,1.76,E07000063,Lewes,matched_reference,E07000063,Lewes
2011,E07000064,Rother,-2.7101567,4.1427207,5,0.9992554418532259,6.176291365942386e-05,3.9917723188658284e-25,0.0006808008193400297,3.3359400537762302e-21,1.9944137745803803e-06,0.9992554418532259,40.55,36.6,16.51,6.34,3.21,22.53,3.8,4.34,4.06,1.87,E07000064,Rother,matched_reference,E07000064,Rother
2011,E07000065,Wealden,-1.9830745,7.2843757,2,0.9965722495875117,8.814552493383715e-16,2.395155121364304e-12,0.9965722495875117,2.0020932774587314e-21,8.665005418726192e-06,0.0034190854046732937,47.59,34.93,13.03,4.45,2.52,18.03,3.42,4.25,2.67,1.54,E07000065,Wealden,matched_reference,E07000065,Wealden
2011,E07000066,Basildon,0.09834486,5.930783,5,0.9253393333572425,0.0004492330149327541,3.3806210325792306e-12,0.009318405454101451,3.057501383420165e-12,0.06489302816728552,0.9253393333572425,46.25,34.95,13.26,5.53,4.65,13.91,3.42,5.73,3.94,1.81,E07000066,Basildon,matched_reference,E07000066,Basildon
2011,E07000067,Braintree,-0.3015678,6.8387837,2,0.7159504702483939,5.01307213891062e-08,3.170595371246216e-10,0.7159504702483939,1.9879119280595524e-14,0.022267216912826245,0.261782262390979,47.51,35.69,12.44,4.36,3.76,14.08,2.95,4.58,3.14,1.49,E07000067,Braintree,matched_reference,E07000067,Braintree
2011,E07000068,Brentwood,0.31386194,8.133444,2,0.9958340183777041,5.567426276548805e-13,7.375659930006963e-07,0.9958340183777041,1.181540046161898e-14,0.0027711072280534265,0.0013941368276810375,51.02,33.34,11.64,4.01,3.15,14.89,4.4,4.84,2.29,1.54,E07000068,Brentwood,matched_reference,E07000068,Brentwood
2011,E07000069,Castle Point,-2.7037814,4.715257,5,0.9903661555547468,8.877404248055731e-07,1.408498582097949e-22,0.009627041084801863,1.7018652048459064e-21,5.915620026465725e-06,0.9903661555547468,43.49,36.12,14.73,5.66,3.54,19.38,2.87,4.78,3.15,1.62,E07000069,Castle Point,matched_reference,E07000069,Castle Point
2011,E07000070,Chelmsford,-0.14033195,8.076442,2,0.9984329371069013,5.940075142080276e-14,1.0154996159007138e-07,0.9984329371069013,3.7435689449978226e-16,0.000592186945027777,0.000974774398049663,50.19,34.72,11.44,3.65,3.41,14.13,3.91,4.23,2.27,1.61,E07000070,Chelmsford,matched_reference,E07000070,Chelmsford
2011,E07000071,Colchester,-0.042155646,7.377163,2,0.9528958086577219,5.418770115739778e-10,1.0572590262052342e-08,0.9528958086577219,1.7675378735206745e-14,0.011723050607735,0.03538112962005817,48.83,34.83,12.09,4.25,3.47,13.15,6.96,4.06,3.22,1.53,E07000071,Colchester,matched_reference,E07000071,Colchester
2011,E07000072,Epping Forest,0.20438576,7.6939564,2,0.9793094347127866,5.759089107034741e-11,1.023535411256287e-07,0.9793094347127866,3.368236849180438e-14,0.009853107303039873,0.010837355573007794,49.26,33.75,12.38,4.6,3.6,14.07,4.47,4.92,2.62,1.85,E07000072,Epping Forest,matched_reference,E07000072,Epping Forest
2011,E07000073,Harlow,0.039295256,5.924578,5,0.9338806676748047,0.0003756046996067702,2.451284735610199e-12,0.01039491917334739,1.943599987203353e-12,0.05534880844784667,0.9338806676748047,45.11,35.85,13.67,5.36,5.19,11.29,3.58,4.74,3.73,1.92,E07000073,Harlow,matched_reference,E07000073,Harlow
2011,E07000074,Maldon,-2.1341445,7.2238283,2,0.9963049062420963,5.1430947541577305e-16,9.820557982181966e-13,0.9963049062420963,7.057888627967131e-22,5.986728306089866e-06,0.0036891070286151667,46.2,35.63,13.42,4.75,3.04,17.94,2.98,4.67,2.85,1.4,E07000074,Maldon,matched_reference,E07000074,Maldon
2011,E07000075,Rochford,-1.9220717,7.3409414,2,0.997107547581523,7.312103046462799e-16,4.181833696211558e-12,0.997107547581523,2.757971915153614e-21,9.168566053517426e-06,0.0028832838482408993,47.76,34.92,13.01,4.32,3.04,17.73,3.06,4.56,2.31,1.5,E07000075,Rochford,matched_reference,E07000075,Rochford
2011,E07000076,Tendring,-1.2488368,2.7573557,0,0.9991710215344919,0.9991710215344919,1.0226681149183972e-29,8.147977282000397e-12,7.040049379384017e-17,6.7190857410027785e-09,0.0008289717382739383,38.42,35.82,18.15,7.61,4.67,23.08,3.32,4.6,5.29,1.98,E07000076,Tendring,matched_reference,E07000076,Tendring
2011,E07000077,Uttlesford,0.59865236,8.616572,2,0.9985868134213876,8.866225738175742e-15,1.1201400943987817e-05,0.9985868134213876,1.5721809674425846e-14,0.0012216232709023342,0.00018036190674168968,52.55,33.34,10.85,3.27,2.67,13.46,4.15,4.87,1.76,1.35,E07000077,Uttlesford,matched_reference,E07000077,Uttlesford
2011,E07000078,Cheltenham,-0.173929,7.6296244,2,0.9889361795195837,1.1005564177595178e-11,1.505555325513226e-08,0.9889361795195837,1.8152202036790152e-15,0.002718588946424261,0.008345216467431327,49.91,34.32,11.78,3.99,3.34,12.68,6.27,3.54,3.0,1.6,E07000078,Cheltenham,matched_reference,E07000078,Cheltenham
2011,E07000079,Cotswold,-1.5206981,7.514572,2,0.997770857378996,2.307078640221131e-15,4.582128670336459e-11,0.997770857378996,4.083832591115314e-20,2.3256307716751445e-05,0.002205886267463858,48.78,35.07,12.33,3.81,2.48,16.25,4.44,3.86,2.15,1.38,E07000079,Cotswold,matched_reference,E07000079,Cotswold
2011,E07000080,Forest of Dean,-2.735441,5.022181,5,0.9596090561738962,6.657476730835522e-08,2.8988950458888863e-21,0.04038158931904949,9.958744708450884e-22,9.28793228708237e-06,0.9596090561738962,44.27,35.8,14.49,5.44,3.45,17.73,4.38,3.86,3.72,1.56,E07000080,Forest of Dean,matched_reference,E07000080,Forest of Dean
2011,E07000081,Gloucester,-0.43435737,6.162462,5,0.8827950328923803,9.644538965718968e-06,1.939731032607949e-12,0.09640916795349444,3.437635846155631e-14,0.020786154613185212,0.8827950328923803,46.56,35.46,13.09,4.89,4.26,12.06,4.17,3.96,3.95,1.95,E07000081,Gloucester,matched_reference,E07000081,Gloucester
2011,E07000082,Stroud,-1.6918932,7.1602263,2,0.9913924794824133,4.594525453215859e-14,3.221642091486302e-12,0.9913924794824133,3.315759651500845e-20,3.6201667908527105e-05,0.008571318846410634,47.69,35.21,12.8,4.3,2.81,15.63,3.57,3.5,2.78,1.34,E07000082,Stroud,matched_reference,E07000082,Stroud
2011,E07000083,Tewkesbury,-1.6209676,7.3454876,2,0.9958463436376191,8.311624345860267e-15,1.2200739870266967e-11,0.9958463436376191,3.1588592815352906e-20,2.6982588642581022e-05,0.004126673761529028,47.64,35.61,12.46,4.28,2.82,16.85,2.97,3.61,2.37,1.39,E07000083,Tewkesbury,matched_reference,E07000083,Tewkesbury
2011,E07000084,Basingstoke and Deane,-0.2751603,8.212327,2,0.9993616996000622,4.507721874304017e-15,1.1063323064571174e-07,0.9993616996000622,7.668090315836383e-17,0.0002166042138705605,0.00042158555283202797,50.68,35.11,10.76,3.46,3.24,12.55,2.71,3.99,2.43,1.39,E07000084,Basingstoke and Deane,matched_reference,E07000084,Basingstoke and Deane
2011,E07000085,East Hampshire,-0.11996147,8.395195,2,0.999590554276975,1.3691576838301682e-15,4.0885154664961266e-07,0.999590554276975,1.3408222726912395e-16,0.0001964853764474712,0.0002125514950294841,50.45,34.7,11.15,3.7,2.55,15.31,3.9,4.25,2.29,1.27,E07000085,East Hampshire,matched_reference,E07000085,East Hampshire
2011,E07000086,Eastleigh,-0.8646913,7.767161,2,0.9982689364667621,1.6084317141137242e-14,1.7630228629765465e-09,0.9982689364667621,3.4500072834497774e-18,0.00011517331421140528,0.0016158884559876808,49.17,35.3,11.61,3.92,3.02,14.11,3.14,3.56,2.57,1.24,E07000086,Eastleigh,matched_reference,E07000086,Eastleigh
2011,E07000087,Fareham,-1.6145374,7.376544,2,0.9963511644164731,5.9653473773455464e-15,1.4936605498977056e-11,0.9963511644164731,3.001217070963591e-20,2.514946278821418e-05,0.003623686105796299,48.55,35.21,12.22,4.02,2.61,17.34,3.36,3.19,2.18,1.18,E07000087,Fareham,matched_reference,E07000087,Fareham
2011,E07000088,Gosport,-0.38864002,6.0019655,5,0.9397571221520138,3.759188759318053e-05,6.49099298884047e-13,0.04039948295460103,6.04503423641131e-14,0.019805803005082088,0.9397571221520138,45.32,36.21,13.58,4.88,4.24,14.54,3.63,4.34,3.6,1.66,E07000088,Gosport,matched_reference,E07000088,Gosport
2011,E07000089,Hart,0.72381127,8.798766,2,0.9989474285860173,2.027386964671186e-15,3.1593047655520494e-05,0.9989474285860173,2.0325686043343237e-14,0.0009365220735751617,8.445629272963733e-05,55.01,33.09,9.26,2.64,2.38,14.26,3.29,4.4,1.35,1.24,E07000089,Hart,matched_reference,E07000089,Hart
2011,E07000090,Havant,-2.545748,4.7592382,5,0.9914737984772459,1.8264601826862337e-06,4.481290969565522e-22,0.008514725805583072,6.0467472207085445e-21,9.649256988463298e-06,0.9914737984772459,44.31,35.86,14.24,5.59,3.99,17.27,3.42,4.43,4.16,1.62,E07000090,Havant,matched_reference,E07000090,Havant
2011,E07000091,New Forest,-2.5095358,6.853324,2,0.9888707551055486,1.8966388554574894e-15,2.324781284412688e-14,0.9888707551055486,9.932671947968147e-23,4.216898977961004e-06,0.01112502799544814,45.15,35.87,14.09,4.88,2.63,19.71,2.74,3.79,2.83,1.4,E07000091,New Forest,matched_reference,E07000091,New Forest
2011,E07000092,Rushmoor,-0.058974873,7.4505434,2,0.9675390070439657,2.0252809225696493e-10,1.2825340560223563e-08,0.9675390070439657,1.0875110827776367e-14,0.008380259730266806,0.02408072019788815,50.07,35.54,10.77,3.62,3.72,9.78,3.79,3.99,2.68,2.03,E07000092,Rushmoor,matched_reference,E07000092,Rushmoor
2011,E07000093,Test Valley,-0.24120224,8.374183,2,0.9996611679568026,7.785994677153306e-16,2.5110347722190043e-07,0.9996611679568026,5.642458365992563e-17,0.0001362966432465025,0.00020228429647302726,50.02,34.59,11.62,3.77,2.52,15.46,3.35,4.04,2.42,1.33,E07000093,Test Valley,matched_reference,E07000093,Test Valley
2011,E07000094,Winchester,0.82571024,8.689302,2,0.9976395966089794,1.3959448423754504e-14,3.2101884926961275e-05,0.9976395966089794,6.924470125757329e-14,0.002159167715914507,0.00016913379009617313,53.2,32.78,10.6,3.43,2.3,14.47,6.7,3.92,2.23,1.64,E07000094,Winchester,matched_reference,E07000094,Winchester
2011,E07000095,Broxbourne,-0.1213869,6.7289133,2,0.49870775937059164,4.2880547820021153e-07,4.159193449915496e-10,0.49870775937059164,1.3440318185745915e-13,0.052469528198433237,0.4488222832094427,47.71,35.33,12.33,4.63,4.18,13.21,4.33,4.76,2.75,1.83,E07000095,Broxbourne,matched_reference,E07000095,Broxbourne
2011,E07000096,Dacorum,0.14913817,7.751271,2,0.9862135742622067,2.0411265630037533e-11,9.742324116659022e-08,0.9862135742622067,1.6209255339753856e-14,0.00632193185636522,0.007464396437759516,50.34,34.05,11.58,4.03,3.67,12.36,3.83,4.53,2.67,2.09,E07000096,Dacorum,matched_reference,E07000096,Dacorum
2011,E07000098,Hertsmere,0.4577398,7.925382,2,0.983848428484762,1.667046187604762e-11,6.813558996761819e-07,0.983848428484762,9.815781875760428e-14,0.011185016419684132,0.004965873722885742,51.54,32.88,11.43,4.15,3.71,11.23,6.12,4.71,2.77,1.85,E07000098,Hertsmere,matched_reference,E07000098,Hertsmere
2011,E07000099,North Hertfordshire,-0.086776994,8.078351,2,0.9982386305382825,8.291554493337319e-14,1.2524072736584287e-07,0.9982386305382825,5.723352330093263e-16,0.0007216811837774037,0.0010395630371290217,50.19,34.11,11.77,3.92,3.44,13.28,3.75,4.33,2.38,1.34,E07000099,North Hertfordshire,matched_reference,E07000099,North Hertfordshire
2011,E07000102,Three Rivers,0.22772187,8.175239,2,0.9973196081560879,1.9503986831804286e-13,6.070221631228241e-07,0.9973196081560879,4.9184334840152246e-15,0.0016810622337489894,0.0009987225878001081,50.7,34.21,11.19,3.9,3.18,12.77,4.53,4.66,2.27,1.65,E07000102,Three Rivers,matched_reference,E07000102,Three Rivers
2011,E07000103,Watford,0.13911445,7.24276,2,0.8725596810292452,8.015383518577716e-09,1.54054964528093e-08,0.8725596810292452,1.5955479955030746e-13,0.03922137738398393,0.08821891816573108,50.05,34.83,10.98,4.14,4.06,9.44,4.61,4.57,2.68,2.09,E07000103,Watford,matched_reference,E07000103,Watford
2011,E07000105,Ashford,-0.24310212,6.8304677,2,0.6821068115982498,7.78231949109602e-08,4.034044008844523e-10,0.6821068115982498,3.3941121403571557e-14,0.02830875319331695,0.28958435698179996,47.58,35.09,12.74,4.59,3.63,14.41,3.29,4.88,3.12,1.67,E07000105,Ashford,matched_reference,E07000105,Ashford
2011,E07000106,Canterbury,1.8995781,7.225929,4,0.9732017746493179,8.073655168377618e-07,3.362484895072625e-06,0.005733841010347821,1.5700552075830557e-08,0.9732017746493179,0.02106019878937016,46.82,34.63,13.37,5.18,3.05,15.04,12.47,3.61,3.32,1.79,E07000106,Canterbury,matched_reference,E07000106,Canterbury
2011,E07000107,Dartford,-0.12771071,6.7476397,2,0.5257482817098129,3.463116327664557e-07,4.491839811460523e-10,0.5257482817098129,1.2027580571423356e-13,0.050022278357049955,0.42422909317219964,48.55,34.86,12.16,4.43,4.4,11.86,3.5,4.44,2.98,1.77,E07000107,Dartford,matched_reference,E07000107,Dartford
2011,E07000108,Dover,-1.9256601,4.3225546,5,0.9978674450895888,0.0018514598068224122,1.3283337203554123e-22,0.00025862737607966946,2.1395903782162695e-18,2.2467727509470916e-05,0.9978674450895888,43.37,35.35,14.99,6.29,4.46,17.6,3.97,4.43,4.45,2.12,E07000108,Dover,matched_reference,E07000108,Dover
2011,E07000109,Gravesham,0.18586291,5.8629484,5,0.9194832162796075,0.0009581365210998052,3.0277010296004275e-12,0.005225488878067309,6.733183703575091e-12,0.0743331583114641,0.9194832162796075,46.5,34.97,13.4,5.13,5.07,13.53,4.18,5.28,3.81,2.28,E07000109,Gravesham,matched_reference,E07000109,Gravesham
2011,E07000110,Maidstone,-0.34669802,7.1034255,2,0.9106871264092354,1.9101864174453385e-09,8.37173299221399e-10,0.9106871264092354,4.351290281234441e-15,0.00869006441117499,0.08062280643222564,48.11,35.05,12.43,4.4,3.4,14.4,3.6,4.5,2.74,1.87,E07000110,Maidstone,matched_reference,E07000110,Maidstone
2011,E07000111,Sevenoaks,0.44181952,8.274393,2,0.9965519008661394,2.2088259900831682e-13,1.9838462592455084e-06,0.9965519008661394,1.8358173479046795e-14,0.002624242500628382,0.0008218727867335746,51.17,33.37,11.47,3.98,2.84,15.26,4.08,5.42,2.18,1.55,E07000111,Sevenoaks,matched_reference,E07000111,Sevenoaks
2011,E07000112,Shepway,-1.9916373,4.171583,5,0.9961572288282109,0.0036860264881230197,2.26956732192966e-23,0.00014248895240483265,1.6004277796171376e-18,1.4255731261342564e-05,0.9961572288282109,42.21,36.12,15.25,6.42,4.59,17.7,3.68,4.47,4.86,2.07,E07000112,Shepway,matched_reference,E07000112,Shepway
2011,E07000113,Swale,0.07270507,5.7540207,5,0.9466338090175745,0.0012983272567009914,7.657235923127481e-13,0.0038526338542328093,3.2826720912137002e-12,0.0482152298674434,0.9466338090175745,44.32,35.87,14.07,5.74,4.6,15.11,3.71,5.18,4.44,2.68,E07000113,Swale,matched_reference,E07000113,Swale
2011,E07000114,Thanet,-0.8812587,2.4667246,0,0.9999587097685411,0.9999587097685411,8.80222529864443e-31,2.314319807813139e-14,4.11044968918391e-16,5.685636063184685e-10,4.1289662871873484e-05,40.72,35.11,16.68,7.5,5.67,18.24,4.25,4.9,5.58,2.15,E07000114,Thanet,matched_reference,E07000114,Thanet
2011,E07000115,Tonbridge and Malling,-0.0012798099,8.161183,2,0.9984878745814965,5.2959512643835614e-14,2.3977160937644304e-07,0.9984878745814965,8.213543120591063e-16,0.0007337032912273785,0.0007781823556131876,49.92,34.33,11.81,3.94,2.98,14.5,3.96,4.71,2.46,1.44,E07000115,Tonbridge and Malling,matched_reference,E07000115,Tonbridge and Malling
2011,E07000116,Tunbridge Wells,0.3989974,8.1726885,2,0.9953853190255811,5.848323519742151e-13,1.1890285869706798e-06,0.9953853190255811,2.0007741118195942e-14,0.003319834759304215,0.0012936571859227365,51.42,33.6,11.12,3.87,2.95,12.65,4.76,5.11,2.68,1.7,E07000116,Tunbridge Wells,matched_reference,E07000116,Tunbridge Wells
2011,E07000117,Burnley,-0.58677566,2.6933768,0,0.9999383735536316,0.9999383735536316,7.054855576561589e-29,4.7866011572887836e-14,4.16479921951796e-15,3.1392768023728385e-09,6.162330703974285e-05,42.93,33.64,15.72,7.72,5.27,15.38,4.34,4.54,6.99,2.67,E07000117,Burnley,matched_reference,E07000117,Burnley
2011,E07000118,Chorley,-1.3908576,5.3982363,5,0.9831815859950324,1.761339868839105e-05,3.856108323788638e-17,0.016217885869914336,3.9658868086955026e-17,0.0005829147363649464,0.9831815859950324,47.88,33.32,13.27,5.53,3.24,16.13,3.24,2.85,4.08,2.85,E07000118,Chorley,matched_reference,E07000118,Chorley
2011,E07000119,Fylde,-2.1751537,5.2357755,5,0.9637208899518575,5.513000295431503e-07,2.6433936871728536e-19,0.03622166554664088,8.013653839889783e-20,5.689320147224051e-05,0.9637208899518575,44.64,33.78,15.34,6.25,3.09,20.65,3.27,3.11,3.96,2.18,E07000119,Fylde,matched_reference,E07000119,Fylde
2011,E07000120,Hyndburn,-0.7906098,2.7763798,0,0.9998142470981874,0.9998142470981874,8.174406273214419e-29,4.612111644518897e-13,1.2242686892117368e-15,6.016432624762722e-09,0.0001857468849175853,43.05,34.2,15.14,7.61,4.61,15.08,4.31,4.46,6.7,2.42,E07000120,Hyndburn,matched_reference,E07000120,Hyndburn
2011,E07000121,Lancaster,1.8755226,7.0314293,4,0.9698717898265734,3.153616782141348e-06,1.1300688517969906e-06,0.0025215705933624745,2.1569470633351873e-08,0.9698717898265734,0.027602334324959423,46.67,33.84,13.7,5.79,3.25,15.22,10.86,2.82,4.29,1.7,E07000121,Lancaster,matched_reference,E07000121,Lancaster
2011,E07000122,Pendle,-0.2527025,2.6581428,0,0.9999794208599965,0.9999794208599965,2.5884722412213208e-28,4.134887828329705e-15,4.280966422855198e-14,2.6868834019680996e-09,2.057645307301118e-05,43.56,34.46,15.01,6.96,4.67,15.14,4.11,5.74,6.08,2.56,E07000122,Pendle,matched_reference,E07000122,Pendle
2011,E07000123,Preston,2.0296652,6.4619837,4,0.9662141104622016,0.00013344270366515886,8.644224570017385e-08,6.95313086778933e-05,2.156617576179716e-07,0.9662141104622016,0.03358261342145171,46.56,34.12,13.26,6.06,4.4,11.67,8.2,4.4,5.37,2.61,E07000123,Preston,matched_reference,E07000123,Preston
2011,E07000124,Ribble Valley,0.1464887,8.987042,2,0.9999165038795393,5.525816599718856e-18,1.0972504947069884e-05,0.9999165038795393,1.4049872608597853e-16,5.581640125104464e-05,1.6707214262334994e-05,51.49,32.16,12.34,4.01,2.06,18.0,3.64,2.37,2.73,1.38,E07000124,Ribble Valley,matched_reference,E07000124,Ribble Valley
2011,E07000125,Rossendale,-0.7744175,4.264965,5,0.5995105264808402,0.4001953926751995,3.3165952153544324e-20,6.039663669618555e-06,3.3560543959168226e-14,0.00028804118025701814,0.5995105264808402,46.24,33.11,14.13,6.52,4.17,14.72,4.29,3.61,5.42,1.69,E07000125,Rossendale,matched_reference,E07000125,Rossendale
2011,E07000126,South Ribble,-1.729158,6.346556,2,0.7490641648677204,5.71692486885958e-10,2.314660897772672e-14,0.7490641648677204,4.766563708648704e-19,0.00028364521029247865,0.250652189350271,47.69,34.12,13.06,5.13,3.01,16.51,3.33,2.65,3.48,1.22,E07000126,South Ribble,matched_reference,E07000126,South Ribble
2011,E07000127,West Lancashire,-0.88232476,4.839881,5,0.9887032136367947,0.010089007746315604,3.4393734538585613e-18,0.0002896313337009873,6.066506766635036e-15,0.0009181472831830767,0.9887032136367947,47.59,32.73,13.37,6.31,3.9,17.02,5.72,3.28,4.31,1.44,E07000127,West Lancashire,matched_reference,E07000127,West Lancashire
2011,E07000128,Wyre,-2.195434,4.9596963,5,0.989456555679168,3.860736964289321e-06,1.6049343486432823e-20,0.010505396618151343,8.880440558915704e-20,3.418696571648036e-05,0.989456555679168,43.25,33.62,15.95,7.18,3.17,21.2,3.88,2.89,4.43,1.35,E07000128,Wyre,matched_reference,E07000128,Wyre
2011,E07000129,Blaby,-1.6360397,7.2823133,2,0.9946077672046547,1.6048696979413412e-14,8.025025934662866e-12,0.9946077672046547,3.456324263944962e-20,3.088950252412092e-05,0.0053613432847799845,47.51,35.81,12.53,4.16,2.86,15.64,3.64,2.79,2.28,1.75,E07000129,Blaby,matched_reference,E07000129,Blaby
2011,E07000130,Charnwood,1.7695681,7.436471,4,0.947857292109087,1.8650446317349138e-07,8.50161826976426e-06,0.028735919725685417,5.4783730680075235e-09,0.947857292109087,0.023398094564121348,48.11,35.3,12.41,4.18,3.09,13.68,11.43,3.14,2.75,1.3,E07000130,Charnwood,matched_reference,E07000130,Charnwood
2011,E07000131,Harborough,-0.015817508,8.84128,2,0.9999132840303219,1.1381388134650263e-17,3.7906037535954016e-06,0.9999132840303219,6.707694228081934e-17,5.4783077427241356e-05,2.8142288497413993e-05,50.85,34.27,11.37,3.51,2.45,15.46,3.9,3.02,1.99,1.67,E07000131,Harborough,matched_reference,E07000131,Harborough
2011,E07000132,Hinckley and Bosworth,-2.300052,6.803168,2,0.9819848752428811,2.236228156030522e-14,3.5988776113072153e-14,0.9819848752428811,6.760690555611127e-22,1.0358159662932459e-05,0.01800476659739727,46.26,35.83,13.3,4.61,3.15,16.63,3.36,3.23,2.84,1.19,E07000132,Hinckley and Bosworth,matched_reference,E07000132,Hinckley and Bosworth
2011,E07000133,Melton,-1.509356,7.468628,2,0.9972241613216466,4.459705156800852e-15,3.6675423456476516e-11,0.9972241613216466,5.207092768690737e-20,2.7910019273049288e-05,0.0027479286224005844,48.33,35.52,12.5,3.65,2.89,15.78,3.33,3.37,2.11,1.2,E07000133,Melton,matched_reference,E07000133,Melton
2011,E07000134,North West Leicestershire,-2.448525,5.775307,5,0.5739194335818979,8.615981006685097e-10,1.3694273619272568e-17,0.426037619086256,4.493334226894389e-21,4.294647024831077e-05,0.5739194335818979,45.45,35.52,13.88,5.15,3.44,16.08,3.81,3.79,3.43,1.42,E07000134,North West Leicestershire,matched_reference,E07000134,North West Leicestershire
2011,E07000135,Oadby and Wigston,-2.1426432,6.160289,2,0.7156139190504129,1.7650181714985477e-10,1.0332999338112827e-15,0.7156139190504129,2.359128461470235e-20,8.595559115057424e-05,0.28430012518193354,45.19,36.62,13.4,4.8,3.22,14.96,8.71,3.18,2.69,1.54,E07000135,Oadby and Wigston,matched_reference,E07000135,Oadby and Wigston
2011,E07000136,Boston,-2.6285043,4.1426272,5,0.9993292041512533,0.00010408694177688768,6.032430395540398e-25,0.0005642354688358117,6.750750815905158e-21,2.4734381338060718e-06,0.9993292041512533,40.69,37.48,15.86,5.97,4.16,16.58,3.06,3.89,4.4,2.25,E07000136,Boston,matched_reference,E07000136,Boston
2011,E07000137,East Lindsey,-1.2181034,2.785804,0,0.9991232116766577,0.9991232116766577,1.7017966712097091e-29,9.163217469740497e-12,8.982539342024657e-17,8.210456683102676e-09,0.000876780103722209,38.22,35.29,18.27,8.22,3.97,24.06,3.24,4.36,5.8,1.79,E07000137,East Lindsey,matched_reference,E07000137,East Lindsey
2011,E07000138,Lincoln,1.9251324,6.3534865,4,0.9494074407085744,0.0003063999737748238,3.82326775271777e-08,7.014474615259672e-05,1.7372468001236486e-07,0.9494074407085744,0.05021580261414044,44.18,36.58,13.9,5.34,4.94,11.2,8.78,4.02,4.58,2.23,E07000138,Lincoln,matched_reference,E07000138,Lincoln
2011,E07000139,North Kesteven,-2.4140239,6.785477,2,0.9832815801036525,1.0251999107376113e-14,2.0881380932341094e-14,0.9832815801036525,2.737878587863286e-22,7.131374882706647e-06,0.01671128852143319,45.99,35.11,13.86,5.04,2.91,18.94,3.23,3.74,2.9,1.15,E07000139,North Kesteven,matched_reference,E07000139,North Kesteven
2011,E07000140,South Holland,-2.7160065,4.1772227,5,0.9991398882686201,4.6108480118798586e-05,5.492948343968005e-25,0.0008119052217052187,3.0090169540246862e-21,2.098029555465227e-06,0.9991398882686201,40.52,37.55,15.82,6.1,3.96,18.6,2.89,3.99,3.61,1.64,E07000140,South Holland,matched_reference,E07000140,South Holland
2011,E07000141,South Kesteven,-2.0919023,6.6051817,2,0.9446693436365413,1.4934367093131836e-12,2.3572945139247418e-14,0.9446693436365413,7.977719427765916e-21,3.846591958463374e-05,0.05529219044235729,46.81,35.13,13.28,4.78,3.34,16.51,3.2,3.68,2.92,1.48,E07000141,South Kesteven,matched_reference,E07000141,South Kesteven
2011,E07000142,West Lindsey,-2.6788952,4.7940326,5,0.9868912824515838,5.761916044184024e-07,3.5318941601394727e-22,0.013100873727486891,1.936239763072325e-21,7.267629325131529e-06,0.9868912824515838,44.03,35.94,14.68,5.36,3.81,18.87,3.61,3.96,3.8,1.43,E07000142,West Lindsey,matched_reference,E07000142,West Lindsey
2011,E07000143,Breckland,-2.7677073,4.351345,5,0.997929864585501,9.007642313091602e-06,2.5067595216628842e-24,0.0020585759989765347,1.513240272767482e-21,2.5517732092597274e-06,0.997929864585501,42.22,37.29,14.99,5.49,3.51,17.99,3.01,4.23,3.49,2.23,E07000143,Breckland,matched_reference,E07000143,Breckland
2011,E07000144,Broadland,-2.5523946,6.823548,2,0.9880603215742176,1.8692511318459727e-15,1.6295472293221714e-14,0.9880603215742176,7.613058854403867e-23,3.9010356856526424e-06,0.01193577739007855,44.3,36.99,14.02,4.69,2.56,18.58,2.83,3.45,2.78,1.24,E07000144,Broadland,matched_reference,E07000144,Broadland
2011,E07000145,Great Yarmouth,-0.8597993,2.4356625,0,0.9999677200933671,0.9999677200933671,6.462199183488284e-31,1.4044095023949923e-14,4.545036831657267e-16,4.46622134441795e-10,3.2279459996517175e-05,40.3,36.01,16.58,7.1,6.06,18.34,3.6,4.9,5.33,2.31,E07000145,Great Yarmouth,matched_reference,E07000145,Great Yarmouth
2011,E07000146,Kings Lynn and West Norfolk,-2.7247968,4.2419324,5,0.9988478897220415,2.6978301102032977e-05,1.0128479247693257e-24,0.0011228123901175276,2.5362954006646377e-21,2.3195867391585053e-06,0.9988478897220415,40.91,37.08,15.9,6.11,3.66,19.6,3.09,4.32,4.07,1.65,E07000146,King's Lynn and West Norfolk,matched_reference,E07000146,King's Lynn and West Norfolk
2011,E07000147,North Norfolk,-2.6178355,4.127945,5,0.9993602041292671,0.00012397889513096865,5.500002251377227e-25,0.000513343105695861,7.579208978054249e-21,2.473869905884471e-06,0.9993602041292671,38.92,37.77,17.15,6.15,3.32,23.79,2.76,4.03,3.93,2.25,E07000147,North Norfolk,matched_reference,E07000147,North Norfolk
2011,E07000148,Norwich,2.0083678,6.4211025,4,0.9625365029590428,0.00017928808800940203,6.682213012006705e-08,6.342417621362825e-05,2.1859929382963676e-07,0.9625365029590428,0.03722049935531031,44.87,35.42,14.05,5.66,5.02,10.69,9.55,4.35,4.92,2.2,E07000148,Norwich,matched_reference,E07000148,Norwich
2011,E07000149,South Norfolk,-2.3408103,6.9695525,2,0.9915584395836711,2.0006816646201987e-15,9.202854289337876e-14,0.9915584395836711,2.818509670003698e-22,5.710264272308629e-06,0.0084358501519629,46.35,35.8,13.37,4.48,2.73,18.19,3.18,3.86,2.81,1.26,E07000149,South Norfolk,matched_reference,E07000149,South Norfolk
2011,E07000163,Craven,-1.7861308,6.8777003,2,0.9736677870765231,6.832063630727881e-13,4.3196895280108874e-13,0.9736677870765231,4.1252540573426874e-20,5.8218305492882195e-05,0.026273994616868652,47.62,34.56,13.33,4.49,2.5,18.79,3.25,2.57,2.41,1.23,E07000163,Craven,matched_reference,E07000163,Craven
2011,E07000164,Hambleton,-1.6500987,7.1302214,2,0.9895885324077527,9.331659277039827e-14,3.1816797500638113e-12,0.9895885324077527,5.23041880458363e-20,4.633363689671291e-05,0.010365133952075407,48.67,34.42,12.6,4.31,2.56,18.1,3.0,3.13,2.27,1.37,E07000164,Hambleton,matched_reference,E07000164,Hambleton
2011,E07000165,Harrogate,0.06356754,8.847456,2,0.9998946659420164,1.787958930672542e-17,4.852924586426786e-06,0.9998946659420164,1.1816205582740838e-16,7.063631180374568e-05,2.984482159295869e-05,50.63,33.77,11.8,3.79,2.57,15.52,3.32,3.35,2.27,1.3,E07000165,Harrogate,matched_reference,E07000165,Harrogate
2011,E07000166,Richmondshire,0.077189475,8.782509,2,0.9998601753489592,4.350917802049518e-17,3.839921560026422e-06,0.9998601753489592,1.610382587355658e-16,9.453177588641494e-05,4.145295359381211e-05,51.34,33.45,11.52,3.69,2.89,14.9,2.42,3.61,2.17,1.82,E07000166,Richmondshire,matched_reference,E07000166,Richmondshire
2011,E07000167,Ryedale,-2.4558759,6.792635,2,0.984633415539043,6.482167448188144e-15,1.8756226476263224e-14,0.984633415539043,1.8814743502723151e-22,6.003582677005111e-06,0.01536058087825431,45.52,35.7,14.16,4.62,2.74,18.64,3.41,3.13,2.51,1.41,E07000167,Ryedale,matched_reference,E07000167,Ryedale
2011,E07000168,Scarborough,-2.1323526,4.3796005,5,0.9990420975610357,0.0003830227441932874,7.757511282578914e-23,0.0005605246070498008,3.2829478999938164e-19,1.4355087720943784e-05,0.9990420975610357,41.58,35.59,16.17,6.66,4.25,20.3,3.96,3.51,4.67,1.76,E07000168,Scarborough,matched_reference,E07000168,Scarborough
2011,E07000169,Selby,-1.5815464,6.8755364,2,0.9643992281582654,3.643444279269792e-12,1.001960985484221e-12,0.9643992281582654,2.412951966475441e-19,0.00012884647296949824,0.03547192536411944,48.35,34.3,12.77,4.58,3.48,15.7,3.05,3.53,2.57,1.21,E07000169,Selby,matched_reference,E07000169,Selby
2011,E07000170,Ashfield,-1.0038162,2.6703079,0,0.9997970653018677,0.9997970653018677,7.883750149576534e-30,5.523121065477066e-13,2.597589260292887e-16,2.8624530954782767e-09,0.0002029318351267237,42.05,34.48,16.31,7.16,4.7,16.52,3.32,4.53,5.58,1.93,E07000170,Ashfield,matched_reference,E07000170,Ashfield
2011,E07000171,Bassetlaw,-1.6928966,3.7998376,5,0.816741606773293,0.1832368929933228,3.458028716823106e-24,8.167929645468689e-06,4.181974347220735e-17,1.3332303738386538e-05,0.816741606773293,42.82,34.68,15.77,6.74,3.95,17.05,3.5,3.8,5.06,2.7,E07000171,Bassetlaw,matched_reference,E07000171,Bassetlaw
2011,E07000172,Broxtowe,-2.3240128,5.708529,5,0.6932910789532092,4.127147136506292e-09,1.2845597140455045e-17,0.30664576984913805,1.4318728326214853e-20,6.314707050552755e-05,0.6932910789532092,45.51,34.96,14.26,5.27,3.87,16.48,5.61,3.34,3.47,1.43,E07000172,Broxtowe,matched_reference,E07000172,Broxtowe
2011,E07000173,Gedling,-2.493821,5.401403,5,0.8703833290520459,1.73033362579568e-08,3.5736276261764534e-19,0.12958614020347262,5.166743754347199e-21,3.0513441145229244e-05,0.8703833290520459,45.05,35.17,14.51,5.27,4.07,16.54,3.61,3.26,3.64,1.52,E07000173,Gedling,matched_reference,E07000173,Gedling
2011,E07000174,Mansfield,-0.97094345,2.6892173,0,0.9997972711998618,0.9997972711998618,1.1690288090523627e-29,5.518527114480173e-13,3.308415708616134e-16,3.266797182736163e-09,0.00020272553278866972,41.44,34.36,16.2,8.0,4.6,15.71,3.45,4.45,6.48,2.01,E07000174,Mansfield,matched_reference,E07000174,Mansfield
2011,E07000175,Newark and Sherwood,-2.2221723,4.8777266,5,0.9924192409798898,5.997057626151882e-06,6.3487023645717105e-21,0.00754710215873134,7.783721415719536e-20,2.765980375289501e-05,0.9924192409798898,44.86,34.55,14.7,5.89,3.56,17.06,3.75,4.07,4.27,1.96,E07000175,Newark and Sherwood,matched_reference,E07000175,Newark and Sherwood
2011,E07000176,Rushcliffe,0.3868981,8.939762,2,0.9997988995384834,4.6221303395210124e-17,1.7821613426312676e-05,0.9997988995384834,9.581895236213867e-16,0.0001557141076775699,2.7564740411799074e-05,51.91,32.59,11.5,3.99,2.75,15.88,5.53,3.02,2.18,1.53,E07000176,Rushcliffe,matched_reference,E07000176,Rushcliffe
2011,E07000177,Cherwell,-0.13342363,7.980125,2,0.9975529598431163,2.0188976254707495e-13,7.071365564147921e-08,0.9975529598431163,5.803893009693877e-16,0.0008694649557813388,0.0015775044872442117,50.33,34.65,11.17,3.85,2.84,12.29,3.45,3.82,2.46,2.29,E07000177,Cherwell,matched_reference,E07000177,Cherwell
2011,E07000178,Oxford,2.0531871,7.8161936,4,0.9464598374076325,1.1913004690837994e-08,0.000104499906379461,0.046009486419780685,1.0460724070077759e-08,0.9464598374076325,0.007426153892478211,55.23,31.73,9.43,3.61,3.21,7.05,21.56,3.55,2.64,1.94,E07000178,Oxford,matched_reference,E07000178,Oxford
2011,E07000179,South Oxfordshire,0.4386392,8.820717,2,0.9996348881504221,2.750008201294002e-16,1.335267946557127e-05,0.9996348881504221,2.1318630491223604e-15,0.00029896508175729754,5.27940883526145e-05,52.56,33.35,10.73,3.35,2.52,13.9,3.49,3.97,1.87,1.62,E07000179,South Oxfordshire,matched_reference,E07000179,South Oxfordshire
2011,E07000180,Vale of White Horse,0.32190996,8.726319,2,0.9996381083986855,4.206646265324266e-16,6.481442975236997e-06,0.9996381083986855,1.23167111185982e-15,0.0002824150412696315,7.299511706766291e-05,51.85,33.98,10.8,3.36,2.5,13.89,3.89,3.86,1.92,1.33,E07000180,Vale of White Horse,matched_reference,E07000180,Vale of White Horse
2011,E07000181,West Oxfordshire,0.10368532,8.875966,2,0.9998936133504875,1.639414426480699e-17,6.123630743332596e-06,0.9998936133504875,1.4517822662436686e-16,7.305043249589759e-05,2.7212586273392196e-05,51.52,33.82,11.15,3.5,2.27,13.68,3.02,3.41,1.83,1.24,E07000181,West Oxfordshire,matched_reference,E07000181,West Oxfordshire
2011,E07000187,Mendip,-2.091967,6.3696666,2,0.8563393330663244,2.46716328390871e-11,5.309857517795629e-15,0.8563393330663244,1.8444417008377315e-20,6.885404876046117e-05,0.14359181286023867,46.81,35.02,13.38,4.79,2.92,15.32,4.24,3.73,3.3,1.63,E07000187,Mendip,matched_reference,E07000187,Mendip
2011,E07000188,Sedgemoor,-2.604809,4.8675694,5,0.9842189579497612,5.419535562197618e-07,1.0374285236154525e-21,0.015770471435178277,3.330688312283737e-21,1.0028661504597336e-05,0.9842189579497612,44.55,35.16,14.77,5.52,3.58,17.03,3.37,4.05,3.98,1.65,E07000188,Sedgemoor,matched_reference,E07000188,Sedgemoor
2011,E07000189,South Somerset,-2.517276,6.87098,2,0.9897622954480769,1.421757229833253e-15,2.5502629014469355e-14,0.9897622954480769,8.823382402197222e-23,3.916917075975545e-06,0.010233787634820501,45.45,35.91,13.82,4.82,2.74,17.92,2.95,3.56,3.06,1.36,E07000189,South Somerset,matched_reference,E07000189,South Somerset
2011,E07000192,Cannock Chase,-1.9163855,4.36296,5,0.9981964623399502,0.0014691738233914675,2.0357702984117778e-22,0.000309573763942178,2.155722528855706e-18,2.4790072715940455e-05,0.9981964623399502,43.74,35.02,14.46,6.78,4.58,14.85,3.6,4.16,4.73,1.67,E07000192,Cannock Chase,matched_reference,E07000192,Cannock Chase
2011,E07000193,East Staffordshire,-0.29499748,6.0942793,5,0.9190277004253596,2.99700599937161e-05,2.0741777794723498e-12,0.05259292785932333,1.1257467234579391e-13,0.02834940165313677,0.9190277004253596,45.86,35.72,13.47,4.94,3.82,15.05,3.7,4.44,3.74,2.54,E07000193,East Staffordshire,matched_reference,E07000193,East Staffordshire
2011,E07000194,Lichfield,-2.1573303,6.2377896,2,0.7851454167501255,6.593710327198223e-11,1.6581594160945483e-15,0.7851454167501255,1.625076822706894e-20,7.100616229565112e-05,0.21478357702163983,46.92,34.79,13.17,5.12,3.39,18.57,3.74,3.48,3.04,1.79,E07000194,Lichfield,matched_reference,E07000194,Lichfield
2011,E07000195,Newcastle-under-Lyme,-1.823334,5.400873,5,0.9606344210245154,1.4239215357933945e-06,5.869267317925763e-18,0.039178393376120724,1.1919257767078918e-18,0.00018576167782805128,0.9606344210245154,44.65,34.48,14.37,6.49,3.66,16.06,7.65,3.23,4.7,1.68,E07000195,Newcastle-under-Lyme,matched_reference,E07000195,Newcastle-under-Lyme
2011,E07000196,South Staffordshire,-2.3246133,6.1929307,2,0.7959672631320569,2.7699198877076565e-11,5.846112421551297e-16,0.7959672631320569,4.356061417571821e-21,4.160257026574909e-05,0.20399113426997767,45.34,35.5,13.78,5.37,3.31,18.28,3.91,3.17,2.76,1.98,E07000196,South Staffordshire,matched_reference,E07000196,South Staffordshire
2011,E07000197,Stafford,-2.2087808,6.280396,2,0.8275659715731596,2.6542056046569232e-11,1.7647521636980341e-15,0.8275659715731596,9.001925979597414e-21,5.381381150175928e-05,0.17238021458879482,46.13,35.59,13.23,5.05,3.11,16.7,5.06,2.97,3.11,2.0,E07000197,Stafford,matched_reference,E07000197,Stafford
2011,E07000198,Staffordshire Moorlands,-2.3147085,5.361462,5,0.9185561367826828,8.267483358998721e-08,5.04399607006882e-19,0.0813965475452833,2.3044214258847233e-20,4.7232997200651404e-05,0.9185561367826828,44.15,35.06,14.86,5.92,2.82,19.07,3.3,2.9,4.06,1.32,E07000198,Staffordshire Moorlands,matched_reference,E07000198,Staffordshire Moorlands
2011,E07000199,Tamworth,-0.720565,5.6624303,5,0.9800800637419814,8.46940975982535e-05,8.465138775990634e-15,0.014667535846568895,6.511940004193629e-15,0.005167706313836301,0.9800800637419814,45.6,35.23,13.43,5.74,4.47,14.26,3.54,4.16,4.12,1.44,E07000199,Tamworth,matched_reference,E07000199,Tamworth
2011,E07000200,Babergh,-2.2357721,7.1404634,2,0.995342701589007,6.0083403296940735e-16,4.0650161784527515e-13,0.995342701589007,3.965021869413679e-22,5.242403551151611e-06,0.00465205600703457,46.59,35.83,13.25,4.34,2.98,18.18,3.38,4.23,2.53,1.37,E07000200,Babergh,matched_reference,E07000200,Babergh
2011,E07000202,Ipswich,0.14626423,5.9449463,5,0.9159825796297614,0.0004870838691923141,4.703583250341691e-12,0.008935293633717211,4.34965784603915e-12,0.07459504285827613,0.9159825796297614,45.56,35.84,13.53,5.07,5.36,11.61,3.84,4.8,4.17,2.08,E07000202,Ipswich,matched_reference,E07000202,Ipswich
2011,E07000203,Mid Suffolk,-1.7294378,7.3799324,2,0.996897859317056,2.2393536529507864e-15,1.019445321093912e-11,0.996897859317056,1.1634925479663054e-20,1.6375249457596647e-05,0.003085765423289605,47.88,35.31,12.85,3.95,2.55,17.4,2.9,3.97,2.24,1.27,E07000203,Mid Suffolk,matched_reference,E07000203,Mid Suffolk
2011,E07000207,Elmbridge,4.184802,9.552576,1,0.8252909943821282,2.0341063948382517e-15,0.8252909943821282,0.004235691020731052,1.8698985656557203e-06,0.17047027430587652,1.1703926964624688e-06,56.45,30.99,9.44,3.12,2.67,12.21,4.49,6.36,1.78,1.78,E07000207,Elmbridge,matched_reference,E07000207,Elmbridge
2011,E07000208,Epsom and Ewell,0.5451218,8.64227,2,0.9989423427424099,4.6893710828200915e-15,1.0107101112426474e-05,0.9989423427424099,9.366536924162263e-15,0.0009000126705294725,0.00014753748593450796,52.21,33.76,10.64,3.4,2.73,13.44,5.14,4.19,2.08,1.6,E07000208,Epsom and Ewell,matched_reference,E07000208,Epsom and Ewell
2011,E07000209,Guildford,1.2901634,8.328036,2,0.9366320668767814,1.3540153246637225e-11,8.015768453479866e-05,0.9366320668767814,1.4481786223648934e-11,0.06114824413681011,0.0021395312738521953,53.92,33.13,9.8,3.15,2.69,11.32,8.51,4.43,1.89,1.69,E07000209,Guildford,matched_reference,E07000209,Guildford
2011,E07000210,Mole Valley,0.2344494,8.651783,2,0.99962811243975,6.01394925763378e-16,3.6791812243306104e-06,0.99962811243975,8.248552931918755e-16,0.0002736098418978196,9.459853712619684e-05,51.45,33.73,11.25,3.56,2.52,15.66,3.82,4.37,2.1,1.37,E07000210,Mole Valley,matched_reference,E07000210,Mole Valley
2011,E07000211,Reigate and Banstead,0.25938287,8.297546,2,0.9982510237868952,5.363357798547159e-14,1.0656307475920649e-06,0.9982510237868952,3.850427208244389e-15,0.0011817347038427612,0.0005661758784568145,51.55,34.03,10.79,3.63,2.92,12.38,3.54,4.39,2.32,2.14,E07000211,Reigate and Banstead,matched_reference,E07000211,Reigate and Banstead
2011,E07000212,Runnymede,1.5433937,7.792734,4,0.6715984331198918,9.847771958748129e-09,3.631948152357012e-05,0.3074262981747397,7.924805162731337e-10,0.6715984331198918,0.020938938583592245,51.32,34.1,10.89,3.69,2.73,11.86,9.16,3.94,1.9,1.54,E07000212,Runnymede,matched_reference,E07000212,Runnymede
2011,E07000213,Spelthorne,-0.667345,7.363217,2,0.9845928794226282,9.433411156270205e-12,5.826876195641187e-10,0.9845928794226282,8.62801281428934e-17,0.0009813576656763929,0.014425762319574306,48.04,35.82,12.04,4.1,3.26,13.29,3.23,3.9,2.27,1.85,E07000213,Spelthorne,matched_reference,E07000213,Spelthorne
2011,E07000214,Surrey Heath,0.64562225,8.792413,2,0.9991799601286326,1.3754103010805905e-15,2.3730302726965008e-05,0.9991799601286326,1.1429601766126315e-14,0.0007174670557463413,7.884251288140223e-05,53.47,33.3,10.0,3.23,2.77,13.49,3.49,4.36,1.69,1.82,E07000214,Surrey Heath,matched_reference,E07000214,Surrey Heath
2011,E07000215,Tandridge,-0.022525841,8.291811,2,0.9991870457596136,9.313270155664715e-15,3.7266447007207977e-07,0.9991870457596136,4.19304840707974e-16,0.00041430335112643027,0.0003982782247800427,50.5,34.36,11.39,3.76,2.77,14.11,4.34,4.3,2.2,1.57,E07000215,Tandridge,matched_reference,E07000215,Tandridge
2011,E07000216,Waverley,0.83912385,8.690548,2,0.9975335317567131,1.4857778919038835e-14,3.384527288846988e-05,0.9975335317567131,7.651926914549433e-14,0.002261467001598828,0.00017115596870828807,53.52,32.72,10.5,3.26,2.42,14.32,5.14,4.95,2.06,1.53,E07000216,Waverley,matched_reference,E07000216,Waverley
2011,E07000217,Woking,0.40649098,8.332137,2,0.9975945445336576,8.807033459447894e-14,2.103652532310951e-06,0.9975945445336576,1.085578998762927e-14,0.0018194836206224404,0.0005838681930889162,51.78,34.57,10.27,3.39,3.22,11.49,3.57,5.51,2.27,1.8,E07000217,Woking,matched_reference,E07000217,Woking
2011,E07000218,North Warwickshire,-2.4092367,5.5431447,5,0.804522998344696,9.580555895245237e-09,1.9750555000992872e-18,0.1954323731213336,8.871503693313728e-21,4.461895341427338e-05,0.804522998344696,45.12,34.84,14.07,5.98,3.6,16.54,3.32,3.34,3.53,1.46,E07000218,North Warwickshire,matched_reference,E07000218,North Warwickshire
2011,E07000219,Nuneaton and Bedworth,-1.953369,4.4078236,5,0.9986801723414699,0.0008726012690933858,2.555587059620034e-22,0.0004228694045334072,1.451300518262989e-18,2.4356984903290674e-05,0.9986801723414699,43.98,35.33,14.48,6.21,4.74,15.61,3.56,3.93,4.41,1.73,E07000219,Nuneaton and Bedworth,matched_reference,E07000219,Nuneaton and Bedworth
2011,E07000220,Rugby,-1.3731786,6.9221478,2,0.960744269487739,1.0592089499498213e-11,3.163398877889626e-12,0.960744269487739,1.2176597031161927e-18,0.00025265659560267317,0.03900307390290271,47.68,35.28,12.57,4.47,3.59,14.74,3.9,3.51,2.84,1.54,E07000220,Rugby,matched_reference,E07000220,Rugby
2011,E07000221,Stratford-on-Avon,-1.6879224,7.3564816,2,0.9963727967896895,4.207156835217619e-15,1.0255298806451717e-11,0.9963727967896895,1.7608718662508062e-20,2.042479458808601e-05,0.0036067784054627933,48.22,34.83,12.71,4.24,2.46,17.27,3.4,3.48,2.31,1.42,E07000221,Stratford-on-Avon,matched_reference,E07000221,Stratford-on-Avon
2011,E07000222,Warwick,1.6139469,7.619529,4,0.8475114921289632,4.4831112928049765e-08,1.7686252787215978e-05,0.12624563776353914,1.7611647339070335e-09,0.8475114921289632,0.02622513726243331,50.61,33.94,11.42,4.03,3.03,12.95,8.98,2.93,2.55,1.34,E07000222,Warwick,matched_reference,E07000222,Warwick
2011,E07000223,Adur,-2.8112788,4.5539064,5,0.9942435781327155,1.4601487385799272e-06,1.6431559977300867e-23,0.005751630393195552,8.217826506942998e-22,3.331325350010042e-06,0.9942435781327155,42.67,36.57,15.01,5.75,3.34,16.81,3.31,3.91,3.63,1.54,E07000223,Adur,matched_reference,E07000223,Adur
2011,E07000224,Arun,-2.8475356,4.4757085,5,0.9956561842733486,2.0653117188797846e-06,6.193113349792249e-24,0.004339129650466364,6.613514775312006e-22,2.620764466518713e-06,0.9956561842733486,41.98,36.77,15.58,5.66,3.34,20.42,3.11,3.68,3.52,1.8,E07000224,Arun,matched_reference,E07000224,Arun
2011,E07000225,Chichester,-1.985143,7.312874,2,0.9969771012431223,6.081095047778529e-16,2.843537036479642e-12,0.9969771012431223,1.804007263866992e-21,7.92977053195117e-06,0.0030149689835017607,47.64,34.95,13.09,4.32,2.8,18.23,4.43,4.19,2.4,1.52,E07000225,Chichester,matched_reference,E07000225,Chichester
2011,E07000226,Crawley,-0.0031817055,6.6625013,5,0.5647593161202287,1.4366788957160852e-06,4.767140971896143e-10,0.35301627483611403,4.2381516043846244e-13,0.08222297188762397,0.5647593161202287,47.61,35.91,12.06,4.42,4.51,9.48,3.34,4.91,3.21,2.14,E07000226,Crawley,matched_reference,E07000226,Crawley
2011,E07000227,Horsham,-0.11697148,8.38344,2,0.9995663096101236,1.6138522442399508e-15,3.929501164374521e-07,0.9995663096101236,1.430797075890693e-16,0.00020746749732037813,0.00022582994243769392,50.57,34.79,11.1,3.53,2.71,15.48,3.49,4.19,2.15,1.28,E07000227,Horsham,matched_reference,E07000227,Horsham
2011,E07000228,Mid Sussex,0.2737688,8.81133,2,0.9997761443991516,1.0921370923788772e-16,7.738145915093675e-06,0.9997761443991516,6.36484438163508e-16,0.00017078422270915298,4.5333232223261225e-05,51.8,33.98,10.68,3.54,2.43,14.17,3.56,4.03,2.04,1.36,E07000228,Mid Sussex,matched_reference,E07000228,Mid Sussex
2011,E07000229,Worthing,-2.7509491,4.9948635,5,0.9630872230513602,7.401260914765878e-08,2.050276569544601e-21,0.03690417602496912,8.968470877194995e-22,8.526911061300367e-06,0.9630872230513602,44.22,36.1,14.41,5.26,3.47,15.37,3.06,3.66,4.15,1.61,E07000229,Worthing,matched_reference,E07000229,Worthing
2011,E07000234,Bromsgrove,-1.362093,5.7234807,5,0.9269709962073565,1.9117919825632176e-06,8.35261890245733e-16,0.07202756604485624,3.542007464155784e-17,0.0009995259558037786,0.9269709962073565,49.05,33.43,12.69,4.82,3.05,16.27,4.18,2.82,2.53,2.44,E07000234,Bromsgrove,matched_reference,E07000234,Bromsgrove
2011,E07000235,Malvern Hills,-2.401316,5.85853,5,0.5012782953151685,5.468680989695366e-10,3.361523576454994e-17,0.4986731570133475,5.642028861254354e-21,4.854712461601401e-05,0.5012782953151685,45.57,35.07,14.06,5.3,3.16,19.23,4.83,3.51,3.16,1.51,E07000235,Malvern Hills,matched_reference,E07000235,Malvern Hills
2011,E07000236,Redditch,-0.66067636,5.841764,5,0.9602275852610765,3.242439047401438e-05,5.0880110640488e-14,0.03195937948389539,8.475317663368387e-15,0.007780610864494479,0.9602275852610765,46.77,34.86,12.96,5.41,4.6,12.96,3.83,3.9,3.8,1.58,E07000236,Redditch,matched_reference,E07000236,Redditch
2011,E07000237,Worcester,-0.6961223,6.355391,5,0.6631256985182656,5.327476344682004e-07,2.689120107598464e-12,0.32645368407072206,3.0553228992520865e-15,0.010420084660685587,0.6631256985182656,47.44,34.93,12.78,4.85,4.18,12.15,5.51,3.7,3.4,1.69,E07000237,Worcester,matched_reference,E07000237,Worcester
2011,E07000238,Wychavon,-2.2468684,6.742509,2,0.9749813357628705,7.477259948796162e-14,2.988662568193479e-14,0.9749813357628705,1.3013275429317584e-21,1.485181496506906e-05,0.02500381242205954,46.36,35.61,13.35,4.69,3.13,17.39,3.34,3.39,2.66,1.55,E07000238,Wychavon,matched_reference,E07000238,Wychavon
2011,E07000239,Wyre Forest,-2.084318,4.572403,5,0.9985612243964669,0.00012765913763225425,6.282002096018851e-22,0.001287989855080043,3.6598456717776504e-19,2.3126610820841144e-05,0.9985612243964669,43.61,35.19,15.19,6.0,4.2,18.47,3.34,3.65,4.11,1.71,E07000239,Wyre Forest,matched_reference,E07000239,Wyre Forest
2011,E07000240,St Albans,0.9443603,8.814775,2,0.9978062313116857,5.99371149845406e-15,7.178322185554663e-05,0.9978062313116857,1.0465343225234466e-13,0.002017854313953606,0.00010413115239456551,55.12,31.86,9.81,3.21,2.72,12.34,4.62,4.82,2.08,1.48,E07000240,St Albans,not_in_tableau_reference,E07000240,St Albans
2011,E07000241,Welwyn Hatfield,1.6593688,7.5999446,4,0.8786897769637815,5.3860204601000375e-08,1.7299034213595256e-05,0.09670820296258695,2.3143554839844872e-09,0.8786897769637815,0.02458466486485775,50.89,33.92,11.24,3.95,3.3,10.94,10.97,4.03,2.56,1.53,E07000241,Welwyn Hatfield,not_in_tableau_reference,E07000241,Welwyn Hatfield
2011,E07000242,East Hertfordshire,0.5752476,8.7102,2,0.9991090413546769,2.456398592279008e-15,1.414601191144844e-05,0.9991090413546769,9.102081594485526e-15,0.0007678283811588814,0.00010898425224146254,52.53,33.7,10.4,3.36,2.85,12.47,4.4,4.4,2.06,1.3,E07000242,East Hertfordshire,not_in_tableau_reference,E07000242,East Hertfordshire
2011,E07000243,Stevenage,-0.08170092,6.4569364,5,0.7474345434370938,5.4100374288245016e-06,8.436816675050106e-11,0.18540587796512667,3.5186911427092264e-13,0.06715416847563098,0.7474345434370938,47.06,35.68,12.69,4.57,4.8,11.07,3.72,4.58,3.28,1.7,E07000243,Stevenage,not_in_tableau_reference,E07000243,Stevenage
2011,E07000244,East Suffolk,-2.709475,4.6818714,5,0.991631055519731,1.1011283511772948e-06,9.743544909522595e-23,0.00836235671597793,1.6793629603816126e-21,5.48663593959779e-06,0.991631055519731,43.78,35.86,14.89,5.47,3.6,19.84,3.16,4.22,3.57,1.93,E07000244,East Suffolk,not_in_tableau_reference,E07000244,East Suffolk
2011,E07000245,West Suffolk,-0.7457424,7.3399568,2,0.984888846092409,7.1515415624867055e-12,3.7420686892346875e-10,0.984888846092409,4.8746554582514435e-17,0.0007787893579954459,0.014332364168236893,47.6,35.64,12.48,4.28,3.1,14.28,2.99,3.87,2.56,2.37,E07000245,West Suffolk,not_in_tableau_reference,E07000245,West Suffolk
2011,E07000246,Somerset West and Taunton,-2.4239748,5.9682317,2,0.627690916537682,1.4666877759638038e-10,7.313894598531628e-17,0.627690916537682,3.560065507275695e-21,4.099652501080029e-05,0.3722680867906387,45.58,34.95,14.22,5.25,2.8,17.39,3.73,3.39,3.74,1.49,E07000246,Somerset West and Taunton,not_in_tableau_reference,E07000246,Somerset West and Taunton
2011,E08000001,Bolton,-0.3136625,3.1010723,0,0.999714093503638,0.999714093503638,5.035569199904324e-26,9.82540321979949e-13,5.011772620280211e-14,6.898895283327767e-08,0.00028583750637645953,45.36,33.88,14.14,6.62,4.94,14.7,5.14,4.73,5.77,2.43,E08000001,Bolton,matched_reference,E08000001,Bolton
2011,E08000002,Bury,-0.79235214,4.66917,5,0.9548563574970359,0.04419632601802095,1.3049253556021551e-18,8.988961886259433e-05,1.7786491659952293e-14,0.0008574268660628034,0.9548563574970359,47.08,33.3,13.74,5.87,4.28,14.52,4.51,3.84,4.9,1.94,E08000002,Bury,matched_reference,E08000002,Bury
2011,E08000003,Manchester,2.9131787,6.377076,4,0.9969286235017979,4.78706660273691e-05,7.075185817197999e-07,3.463119007090274e-07,2.7655787771877223e-05,0.9969286235017979,0.002994796213919985,48.76,31.69,12.45,7.09,5.71,7.62,14.1,4.88,6.57,3.31,E08000003,Manchester,matched_reference,E08000003,Manchester
2011,E08000004,Oldham,-0.20427479,2.684226,0,0.9999789148040134,0.9999789148040134,4.6847937607767685e-28,4.1891540105718404e-15,6.277813632591116e-14,3.342828127793133e-09,2.1081853091571536e-05,45.14,33.34,14.57,6.94,5.42,14.04,5.09,5.66,5.76,2.85,E08000004,Oldham,matched_reference,E08000004,Oldham
2011,E08000005,Rochdale,-0.18641648,2.7294505,0,0.9999741420065735,0.9999741420065735,9.045011596371119e-28,6.339445957060742e-15,7.491044893901875e-14,4.696513575674466e-09,2.5853296831254042e-05,44.51,33.14,14.79,7.56,5.92,13.65,5.25,5.13,6.84,3.0,E08000005,Rochdale,matched_reference,E08000005,Rochdale
2011,E08000006,Salford,-0.25401887,3.1895218,0,0.9995999326236544,0.9995999326236544,2.0725172620716948e-25,1.9042643629242337e-12,8.713519918097056e-14,1.3477822923583584e-07,0.0003999325961247696,46.03,32.35,14.04,7.57,5.22,12.1,5.83,4.06,6.88,2.89,E08000006,Salford,matched_reference,E08000006,Salford
2011,E08000007,Stockport,-1.0495104,4.975223,5,0.9964764669629899,0.001900922925083637,4.5917127533568754e-18,0.0008889047823387756,1.175898491615184e-15,0.0007337053295864477,0.9964764669629899,47.83,33.27,13.27,5.62,3.9,15.29,4.22,3.48,4.15,1.6,E08000007,Stockport,matched_reference,E08000007,Stockport
2011,E08000008,Tameside,-0.7098138,3.0448341,0,0.9993135884832182,0.9993135884832182,4.1810349653139876e-27,6.147499889734447e-12,3.4099140616189026e-15,4.6350097287639593e-08,0.0006863651605338069,43.96,33.7,15.05,7.29,4.99,14.67,4.25,3.99,6.17,2.16,E08000008,Tameside,matched_reference,E08000008,Tameside
2011,E08000009,Trafford,-0.8861028,4.8875313,5,0.9913808637661266,0.007256968854116385,5.0570498344204075e-18,0.0003771168587086318,5.388873273731906e-15,0.0009850505210430406,0.9913808637661266,50.97,31.64,12.16,5.23,3.77,13.35,4.42,3.95,3.99,1.77,E08000009,Trafford,matched_reference,E08000009,Trafford
2011,E08000010,Wigan,-0.6702297,3.7674184,0,0.9565150555897464,0.9565150555897464,8.917239234408201e-23,2.081485660661699e-08,2.5371832753253553e-14,1.1949707647738288e-05,0.04347297388772406,45.39,32.7,14.72,7.18,4.86,16.16,3.51,3.51,6.2,1.8,E08000010,Wigan,matched_reference,E08000010,Wigan
2011,E08000011,Knowsley,0.11921984,3.4567015,0,0.9993198485752258,0.9993198485752258,3.6546783243245316e-23,4.688253188197293e-12,1.776785219465765e-12,1.1009556781817642e-06,0.0006790504626309359,46.03,29.82,14.68,9.47,6.52,13.58,4.83,4.54,8.79,2.68,E08000011,Knowsley,matched_reference,E08000011,Knowsley
2011,E08000012,Liverpool,0.19477722,3.5573575,0,0.9990080347768568,0.9990080347768568,1.8471803702536277e-22,9.771885736137319e-12,3.5677186455011853e-12,2.3787470395843704e-06,0.0009895864627639435,46.73,30.47,14.03,8.77,6.72,11.51,10.31,3.83,7.97,2.98,E08000012,Liverpool,matched_reference,E08000012,Liverpool
2011,E08000013,St. Helens,-0.43863323,3.4915195,0,0.9960528173192591,0.9960528173192591,4.822495565927077e-24,1.9610467725510703e-10,4.87889461314288e-14,1.3109259674042955e-06,0.0039458715586198805,44.85,31.93,14.94,8.28,5.12,17.09,4.09,3.84,6.67,1.86,E08000013,St. Helens,matched_reference,E08000013,St. Helens
2011,E08000014,Sefton,-0.66830176,3.8264062,0,0.9391744633950302,0.9391744633950302,2.0017695189490601e-22,4.028195519391344e-08,3.010320865680699e-14,1.8619128548725296e-05,0.06080687719443624,45.32,32.55,14.84,7.3,4.9,17.32,4.38,3.38,5.86,1.95,E08000014,Sefton,matched_reference,E08000014,Sefton
2011,E08000015,Wirral,-0.433309,3.587402,0,0.9931882795952733,0.9931882795952733,1.7653992724066286e-23,5.775238043580415e-10,6.332150759674744e-14,2.7147195759254568e-06,0.006809005107563587,46.29,31.92,14.29,7.5,5.17,16.79,4.54,3.92,6.38,1.99,E08000015,Wirral,matched_reference,E08000015,Wirral
2011,E08000016,Barnsley,-0.8353656,2.7454855,0,0.9998206128006351,0.9998206128006351,4.4494124837616896e-29,4.319172214973356e-13,8.686717467262887e-16,4.802340463666414e-09,0.0001793823965918853,41.6,33.58,16.42,8.4,5.13,16.44,3.65,4.36,7.0,2.06,E08000016,Barnsley,matched_reference,E08000016,Barnsley
2011,E08000017,Doncaster,-0.32285696,2.5487316,0,0.9999865537893055,0.9999865537893055,4.4991016145033654e-29,1.7885091534422696e-15,2.2996757989902306e-14,1.1614076322099867e-09,1.344504926196856e-05,43.56,34.05,15.13,7.25,5.75,15.44,3.97,4.87,5.87,2.96,E08000017,Doncaster,matched_reference,E08000017,Doncaster
2011,E08000018,Rotherham,-0.79782426,2.8164675,0,0.9997597879827781,0.9997597879827781,1.3539190413349359e-28,7.694578793654852e-13,1.2558317313653224e-15,8.207199002389656e-09,0.00024020380925238288,43.23,33.91,15.27,7.59,5.23,16.56,3.94,4.72,5.65,2.16,E08000018,Rotherham,matched_reference,E08000018,Rotherham
2011,E08000019,Sheffield,1.9536247,6.353511,4,0.9531384114020592,0.00029786383964765755,4.1310359470156804e-08,6.0400979869950334e-05,2.0193924832584735e-07,0.9531384114020592,0.0465030805288158,46.73,33.35,13.7,6.22,4.78,12.88,10.76,4.06,4.48,2.07,E08000019,Sheffield,matched_reference,E08000019,Sheffield
2011,E08000021,Newcastle upon Tyne,2.5682878,6.371372,4,0.991720381074081,0.00010576296595415806,2.4889981587418213e-07,2.3479703322844614e-06,4.71517904317401e-06,0.991720381074081,0.008166543910773169,47.8,31.8,13.57,6.83,5.0,11.54,13.74,4.17,5.41,2.26,E08000021,Newcastle upon Tyne,matched_reference,E08000021,Newcastle upon Tyne
2011,E08000022,North Tyneside,-0.75883305,3.9026716,0,0.8731748601286295,0.8731748601286295,4.227209332198224e-22,1.667354983371092e-07,2.1993534467129997e-14,3.422144902366148e-05,0.12679075168682657,44.84,33.34,15.02,6.8,4.94,15.89,3.59,3.41,4.97,1.65,E08000022,North Tyneside,matched_reference,E08000022,North Tyneside
2011,E08000023,South Tyneside,-0.4907626,2.6993573,0,0.9999515517638976,0.9999515517638976,1.228385040315988e-28,2.816528943759818e-14,8.151917835261886e-15,3.327705419142171e-09,4.84449083608921e-05,42.76,32.99,16.0,8.25,6.56,15.92,4.23,4.31,6.64,2.24,E08000023,South Tyneside,matched_reference,E08000023,South Tyneside
2011,E08000024,Sunderland,-0.67585343,2.8012455,0,0.9998506721266125,0.9998506721266125,1.8973722891011537e-28,2.931883133791954e-13,2.702666238660939e-15,7.122160487099924e-09,0.0001493207509310418,42.6,32.87,15.95,8.58,5.85,15.67,5.24,4.22,6.85,2.11,E08000024,Sunderland,matched_reference,E08000024,Sunderland
2011,E08000025,Birmingham,4.125533,7.093353,4,0.9985661719856112,1.9080438526158778e-08,0.000350947510909543,1.933567146965104e-08,0.001039433088929719,0.9985661719856112,4.340899843988663e-05,45.53,33.91,13.87,6.69,7.12,10.68,9.75,6.42,5.25,3.69,E08000025,Birmingham,matched_reference,E08000025,Birmingham
2011,E08000026,Coventry,2.079818,6.3967266,4,0.9683329384866108,0.00019439878941886944,7.179657824807743e-08,3.843428811682075e-05,3.423592251901796e-07,0.9683329384866108,0.031433814280050286,46.05,34.65,13.25,6.05,5.4,11.99,10.45,4.33,4.52,2.41,E08000026,Coventry,matched_reference,E08000026,Coventry
2011,E08000027,Dudley,-1.8093135,4.075597,5,0.981096384610504,0.01882941759188582,2.5267006339229906e-23,5.4888802574729935e-05,9.444272294422194e-18,1.9308995035160196e-05,0.981096384610504,42.45,35.76,15.28,6.51,5.32,16.15,4.25,4.57,4.44,2.0,E08000027,Dudley,matched_reference,E08000027,Dudley
2011,E08000028,Sandwell,-0.3180136,2.3785958,0,0.9999947446258154,0.9999947446258154,5.652894025571735e-30,2.4675737311552935e-16,2.081772433733901e-14,3.361462756946672e-10,5.255038017507546e-06,41.93,34.76,15.61,7.7,7.31,13.02,5.34,5.86,5.78,3.19,E08000028,Sandwell,matched_reference,E08000028,Sandwell
2011,E08000029,Solihull,-1.0214108,5.6481724,5,0.9719486669012145,2.1101614996361576e-05,1.905497921071002e-15,0.025766244180309646,5.912842964876816e-16,0.0022639873034768563,0.9719486669012145,47.51,34.2,13.09,5.2,4.25,16.19,4.38,3.71,3.34,1.54,E08000029,Solihull,matched_reference,E08000029,Solihull
2011,E08000030,Walsall,-0.34492508,2.3847623,0,0.999994200142577,0.999994200142577,5.208258344504354e-30,3.1104722220874994e-16,1.7058447617189463e-14,3.4567037982335966e-10,5.799511735587121e-06,42.15,35.14,15.47,7.24,6.77,15.04,4.97,5.84,5.2,2.9,E08000030,Walsall,matched_reference,E08000030,Walsall
2011,E08000031,Wolverhampton,-0.3076037,2.3792064,0,0.999994856983044,0.999994856983044,6.056460472091302e-30,2.3354668688187455e-16,2.253861820801729e-14,3.3997233677223e-10,5.142676960510025e-06,41.79,35.34,15.67,7.19,7.85,13.2,6.13,5.27,5.43,3.08,E08000031,Wolverhampton,matched_reference,E08000031,Wolverhampton
2011,E08000032,Bradford,4.071093,7.0947056,4,0.9988551523117861,2.3046100071450636e-08,0.0003007270657582872,2.6668233126209444e-08,0.000793124948213597,0.9988551523117861,5.094595990878114e-05,44.81,35.61,13.7,5.88,5.8,12.0,6.37,6.69,4.96,3.43,E08000032,Bradford,matched_reference,E08000032,Bradford
2011,E08000033,Calderdale,-0.6669482,5.2539077,5,0.993523381536348,0.001709273449299742,3.460226003420155e-16,0.0015507604727686714,1.7910711381201038e-14,0.0032165845415654845,0.993523381536348,46.34,34.35,13.78,5.53,4.97,15.06,4.14,3.93,4.38,1.99,E08000033,Calderdale,matched_reference,E08000033,Calderdale
2011,E08000034,Kirklees,0.13916418,5.589001,5,0.9482162971004157,0.0047385673274404705,2.9972627406045565e-13,0.0013287181531944584,7.374824339036887e-12,0.04571641741127453,0.9482162971004157,45.53,34.97,13.74,5.76,4.71,14.33,5.73,4.96,4.4,2.39,E08000034,Kirklees,matched_reference,E08000034,Kirklees
2011,E08000035,Leeds,2.0208201,6.5408435,4,0.9682419117646289,7.954408277155186e-05,1.2482393107051258e-07,0.00010795315866161171,1.6282448066386006e-07,0.9682419117646289,0.031570303345525914,48.08,33.8,12.71,5.41,4.78,12.38,8.21,3.64,4.01,2.23,E08000035,Leeds,matched_reference,E08000035,Leeds
2011,E08000036,Wakefield,-0.9176078,2.9060237,0,0.9993916287089313,0.9993916287089313,2.7745755767609805e-28,4.797716676280105e-12,7.057430621422349e-16,1.7253071593684293e-08,0.0006083540331989705,42.75,34.04,15.53,7.68,4.86,16.07,3.52,3.96,5.85,2.24,E08000036,Wakefield,matched_reference,E08000036,Wakefield
2011,E08000037,Gateshead,-0.8907514,2.958965,0,0.9992407543066979,0.9992407543066979,6.347196468625623e-28,7.42610820155194e-12,9.298933326437985e-16,2.5712758797141025e-08,0.0007592199731164814,42.61,33.87,15.56,7.96,5.01,15.89,4.61,3.83,5.97,2.04,E08000037,Gateshead,not_in_tableau_reference,E08000037,Gateshead
2011,E09000001,City of London,0.8045847,8.835929,2,0.9987861865107223,2.0710908988541576e-15,4.6931843641705745e-05,0.9987861865107223,3.272847439286292e-14,0.0010892278820848578,7.765376351673438e-05,55.76,32.19,8.72,3.34,2.96,9.2,5.76,2.43,1.84,1.95,E09000001,City of London,matched_reference,E09000001,City of London
2011,E09000002,Barking and Dagenham,4.2635183,7.222504,4,0.9978553503996538,5.678948533525993e-09,0.0007915562929386139,1.889899206481363e-08,0.0013271044812618992,0.9978553503996538,2.5964248205452398e-05,47.24,33.74,12.93,6.09,7.34,8.62,7.44,7.43,5.06,3.72,E09000002,Barking and Dagenham,matched_reference,E09000002,Barking and Dagenham
2011,E09000003,Barnet,3.3788464,7.7233977,4,0.9991371686605767,4.390422274932355e-09,0.0005926225743699036,4.274934989564769e-05,5.207417840483497e-06,0.9991371686605767,0.0002222476068948196,51.48,32.97,10.99,4.56,4.44,8.89,8.17,5.52,3.05,2.99,E09000003,Barnet,matched_reference,E09000003,Barnet
2011,E09000004,Bexley,-0.06341244,6.7223334,5,0.4771745927729523,6.1950213197709e-07,5.227367654574374e-10,0.45853498857614466,2.211113398561837e-13,0.0642897986258134,0.4771745927729523,47.98,34.68,12.51,4.83,4.37,13.16,5.53,4.64,2.98,2.05,E09000004,Bexley,matched_reference,E09000004,Bexley
2011,E09000005,Brent,3.954509,7.405999,4,0.9991389503360495,6.0202902682336955e-09,0.0006332098277325101,3.2090107744952527e-07,0.00017199301717774328,0.9991389503360495,5.551989767235818e-05,48.1,34.76,11.8,5.34,5.79,7.97,8.52,5.58,3.9,3.87,E09000005,Brent,matched_reference,E09000005,Brent
2011,E09000006,Bromley,0.23916797,7.6366167,2,0.9706142253519049,1.4217999209688106e-10,9.879648577715553e-08,0.9706142253519049,5.921556327033485e-14,0.014138091949984888,0.01524758375938539,50.1,34.12,11.67,4.11,3.9,13.33,4.78,4.77,2.72,1.93,E09000006,Bromley,matched_reference,E09000006,Bromley
2011,E09000007,Camden,3.5863464,8.3147335,4,0.9887327517920836,7.500730279111024e-11,0.01079688756019886,0.00038925977976627134,3.9967616326767185e-06,0.9887327517920836,7.710403131131888e-05,53.41,30.56,10.42,5.6,4.46,6.85,13.08,4.53,4.41,3.02,E09000007,Camden,matched_reference,E09000007,Camden
2011,E09000008,Croydon,3.4914112,7.4264317,4,0.9995479635481193,2.0210971485428433e-08,0.0002214935615840279,4.5312414689960735e-06,1.8254418385921843e-05,0.9995479635481193,0.0002077370194702539,48.04,35.4,11.96,4.59,5.52,9.91,6.33,5.04,3.52,2.84,E09000008,Croydon,matched_reference,E09000008,Croydon
2011,E09000009,Ealing,3.7425494,7.427436,4,0.9994349626749716,1.0151527402935413e-08,0.0004035843014323601,1.1673060063640067e-06,5.943733204850166e-05,0.9994349626749716,0.00010083823401383031,49.16,34.48,11.35,5.0,5.21,8.27,7.43,5.76,3.61,3.48,E09000009,Ealing,matched_reference,E09000009,Ealing
2011,E09000010,Enfield,3.9875264,7.2445383,4,0.9992221264153094,1.3400009133286246e-08,0.00039313762957028414,1.0378491460664192e-07,0.0003270732495165388,0.9992221264153094,5.754552068022488e-05,46.84,35.01,12.71,5.45,5.89,9.85,7.67,6.01,4.13,3.9,E09000010,Enfield,matched_reference,E09000010,Enfield
2011,E09000011,Greenwich,3.9202762,7.758516,4,0.9977785651652794,8.925568680921604e-10,0.0021155109355604344,2.990542548613864e-06,5.6639904895547705e-05,0.9977785651652794,4.62925591591504e-05,50.14,32.95,11.54,5.36,6.17,8.41,7.47,5.13,4.62,3.64,E09000011,Greenwich,matched_reference,E09000011,Greenwich
2011,E09000012,Hackney,3.8235903,8.155803,4,0.991689518120916,1.1333620370628684e-10,0.008202410569805665,4.8208770364378866e-05,1.5018111642844447e-05,0.991689518120916,4.484431393478246e-05,52.15,30.74,10.9,6.21,7.05,5.57,8.78,4.94,5.22,4.05,E09000012,Hackney,matched_reference,E09000012,Hackney
2011,E09000013,Hammersmith and Fulham,3.899389,8.65546,4,0.9304147838883299,4.522407453495744e-12,0.06902254670831318,0.0005304946701806051,8.230598196082654e-06,0.9304147838883299,2.3944130457758257e-05,56.46,29.25,9.42,4.87,4.85,6.28,8.19,4.57,3.9,3.04,E09000013,Hammersmith and Fulham,matched_reference,E09000013,Hammersmith and Fulham
2011,E09000014,Haringey,3.929428,7.7164927,4,0.998040611180009,1.106820095124026e-09,0.0018448974404407818,2.233257547970289e-06,6.565831465771869e-05,0.998040611180009,4.659870052445741e-05,49.62,33.57,11.16,5.66,6.08,6.94,8.26,4.97,4.38,3.88,E09000014,Haringey,matched_reference,E09000014,Haringey
2011,E09000015,Harrow,3.4175127,7.3987055,4,0.999550440124883,2.8710747793714235e-08,0.00016702419479236336,5.77455564043002e-06,1.3873308199213647e-05,0.999550440124883,0.00026285910573733506,47.58,36.0,11.85,4.57,4.49,10.41,7.68,5.48,2.92,2.95,E09000015,Harrow,matched_reference,E09000015,Harrow
2011,E09000016,Havering,-0.046398856,6.1593328,5,0.8984017657113947,5.5057243220107904e-05,1.0383311467722782e-11,0.04273496886567418,7.205642850153684e-13,0.05880820816860691,0.8984017657113947,46.0,35.57,13.27,5.16,4.46,14.26,4.64,4.89,3.16,1.96,E09000016,Havering,matched_reference,E09000016,Havering
2011,E09000017,Hillingdon,3.2102726,7.4458656,4,0.9993900117049218,3.473959087350733e-08,0.00012799564691309947,2.2557503853938177e-05,4.635726364026391e-06,0.9993900117049218,0.0004547646783564107,48.78,35.28,11.5,4.44,4.35,10.16,8.4,5.16,2.94,2.55,E09000017,Hillingdon,matched_reference,E09000017,Hillingdon
2011,E09000018,Hounslow,3.6305873,7.4297953,4,0.999512937098256,1.3719483698290258e-08,0.0003110829308451324,2.1769259920408894e-06,3.483751136908626e-05,0.999512937098256,0.000138951814054233,49.0,35.07,11.24,4.69,4.64,8.33,6.71,5.87,3.42,3.16,E09000018,Hounslow,matched_reference,E09000018,Hounslow
2011,E09000019,Islington,3.700166,8.220643,4,0.9911368590301075,1.0361069197413392e-10,0.008664667972548378,0.00013035035629383146,7.73815345260148e-06,0.9911368590301075,6.038438398687904e-05,51.61,30.75,11.21,6.43,5.43,6.18,9.97,4.0,5.27,3.44,E09000019,Islington,matched_reference,E09000019,Islington
2011,E09000020,Kensington and Chelsea,3.958703,8.703243,4,0.9099970089319055,2.8975939196582233e-12,0.08946481914412771,0.0005093185597099805,9.60108494635986e-06,0.9099970089319055,1.9252276412895154e-05,57.84,28.48,9.12,4.56,4.31,8.03,8.75,6.14,3.57,4.1,E09000020,Kensington and Chelsea,matched_reference,E09000020,Kensington and Chelsea
2011,E09000021,Kingston upon Thames,1.575979,8.0558195,2,0.5636653921246764,9.149887983639258e-10,0.00011782733187802657,0.5636653921246764,4.2593967899554683e-10,0.4268569634545617,0.009359815747955644,52.69,33.49,10.26,3.56,3.22,9.43,8.61,4.69,2.23,2.05,E09000021,Kingston upon Thames,matched_reference,E09000021,Kingston upon Thames
2011,E09000022,Lambeth,3.8557534,8.241582,4,0.9876306568210116,6.265641337607428e-11,0.012250060391394481,6.640372077269197e-05,1.4559298178099962e-05,0.9876306568210116,3.831970598682988e-05,52.9,32.1,10.29,4.71,6.0,5.58,6.76,3.54,3.81,3.25,E09000022,Lambeth,matched_reference,E09000022,Lambeth
2011,E09000023,Lewisham,3.8248672,7.6667094,4,0.9986761077727063,1.9993160882019644e-09,0.001209385748094374,2.9431097896415593e-06,4.610338412955509e-05,0.9986761077727063,6.545798596397505e-05,49.09,34.02,11.7,5.19,6.19,7.32,7.28,4.45,4.26,3.1,E09000023,Lewisham,matched_reference,E09000023,Lewisham
2011,E09000024,Merton,3.138493,7.8375635,4,0.9987050091163409,3.488154939140394e-09,0.0006253467650872012,0.0002726739853620699,1.3713569843906975e-06,0.9987050091163409,0.0003955952880706808,52.03,33.6,10.53,3.85,4.06,8.63,6.12,5.29,2.5,2.58,E09000024,Merton,matched_reference,E09000024,Merton
2011,E09000025,Newham,4.43828,7.3339944,4,0.9959985389112086,1.5979977176369837e-09,0.0018455737671609989,1.3553678041895557e-08,0.002141712922439318,0.9959985389112086,1.415924751549113e-05,48.47,34.6,11.31,5.63,6.87,5.77,10.9,7.21,4.25,4.71,E09000025,Newham,matched_reference,E09000025,Newham
2011,E09000026,Redbridge,3.919107,7.2534156,4,0.9993640472134161,1.5977275861607125e-08,0.0003369644654721655,1.6066294606782024e-07,0.0002290198356392835,0.9993640472134161,6.979184525057043e-05,48.12,34.98,12.0,4.9,5.31,9.53,8.12,6.58,3.28,3.44,E09000026,Redbridge,matched_reference,E09000026,Redbridge
2011,E09000027,Richmond upon Thames,4.167961,9.474575,1,0.7691769559980098,4.483471053258556e-15,0.7691769559980098,0.0038918757103386624,2.450783488855785e-06,0.22692701667345191,1.700834706626981e-06,57.34,30.53,8.91,3.22,3.01,10.01,5.36,5.07,2.03,1.98,E09000027,Richmond upon Thames,matched_reference,E09000027,Richmond upon Thames
2011,E09000028,Southwark,3.8360884,8.284181,4,0.9857752509192715,5.1003760411311525e-11,0.014079886461799487,9.33515220709955e-05,1.2320979410643462e-05,0.9857752509192715,3.919006644345923e-05,53.49,31.22,10.38,4.9,6.0,5.76,9.91,3.76,4.3,3.3,E09000028,Southwark,matched_reference,E09000028,Southwark
2011,E09000029,Sutton,-0.01958571,7.0740447,2,0.8157865272285595,2.1018248499078496e-08,3.6454690646075174e-09,0.8157865272285595,8.619978486393984e-14,0.035530374303971046,0.148683073803666,48.74,35.53,11.64,4.1,3.91,11.15,4.65,4.5,2.81,1.92,E09000029,Sutton,matched_reference,E09000029,Sutton
2011,E09000030,Tower Hamlets,4.4324613,7.3677998,4,0.9961022483054346,1.3655645625339363e-09,0.002013779766781022,1.7212346946354985e-08,0.0018699141725197085,0.9961022483054346,1.403917735280519e-05,50.56,32.75,10.65,6.04,6.75,4.71,9.87,7.03,4.52,4.04,E09000030,Tower Hamlets,matched_reference,E09000030,Tower Hamlets
2011,E09000031,Waltham Forest,3.9365163,7.2621536,4,0.9993275189750496,1.4370492468570181e-08,0.0003640394423636993,1.533183629964564e-07,0.00024242591798370074,0.9993275189750496,6.584797574739989e-05,47.11,35.61,12.06,5.23,6.1,8.03,7.96,5.98,3.75,3.57,E09000031,Waltham Forest,matched_reference,E09000031,Waltham Forest
2011,E09000032,Wandsworth,4.027856,9.1016445,4,0.6285364689847301,1.5770063349587959e-13,0.3689999383325058,0.0024496553650214595,5.3916552420108e-06,0.6285364689847301,8.54566234309886e-06,57.39,29.95,8.89,3.77,3.82,6.22,5.99,4.28,2.89,2.69,E09000032,Wandsworth,matched_reference,E09000032,Wandsworth
2011,E09000033,Westminster,3.8693528,8.512699,4,0.9622343579464251,1.1778940395943462e-11,0.0374439359284552,0.0002827001527700062,9.34143566050206e-06,0.9622343579464251,2.966452490993832e-05,54.15,29.99,10.04,5.81,4.52,6.84,10.16,5.42,4.84,4.12,E09000033,Westminster,matched_reference,E09000033,Westminster
2011,W06000001,Isle of Anglesey,-0.6122132,4.0649924,0,0.8137756197423366,0.8137756197423366,5.702800037973148e-21,3.9733427123247937e-07,7.55773778297203e-14,0.00010069655948178733,0.18612328636383452,48.02,30.55,15.11,6.32,4.69,19.97,4.46,3.72,5.1,1.76,W06000001,Isle of Anglesey,matched_reference,W06000001,Isle of Anglesey
2011,W06000002,Gwynedd,-0.73162395,4.813313,5,0.975594578571474,0.022923885000383074,6.156898210698391e-18,0.00017062272760881778,2.2662769783548055e-14,0.0013109137005119067,0.975594578571474,50.38,30.67,13.61,5.34,3.57,16.38,8.79,3.44,4.35,1.82,W06000002,Gwynedd,matched_reference,W06000002,Gwynedd
2011,W06000003,Conwy,-0.6847459,3.9907534,0,0.840696135026102,0.840696135026102,1.7141815352852903e-21,2.76385633824705e-07,4.170679765040427e-14,6.176238090010189e-05,0.15924182620732252,45.42,32.09,15.51,6.98,4.1,19.75,4.22,3.28,5.33,1.75,W06000003,Conwy,matched_reference,W06000003,Conwy
2011,W06000004,Denbighshire,-0.5036473,3.8653362,0,0.956265145814771,0.956265145814771,5.755995747545748e-22,2.2276867667695716e-08,8.57427299513564e-14,2.2949034605472093e-05,0.043711882873670546,46.61,31.39,14.69,7.31,4.22,18.45,4.79,3.42,6.04,1.68,W06000004,Denbighshire,matched_reference,W06000004,Denbighshire
2011,W06000005,Flintshire,-0.952188,4.865744,5,0.9925933760251878,0.006216264346425477,2.9624956387513946e-18,0.00039541891348925595,3.2140913048448412e-15,0.0007949407148940763,0.9925933760251878,48.66,32.46,13.19,5.69,3.86,16.77,3.77,3.43,4.3,1.43,W06000005,Flintshire,matched_reference,W06000005,Flintshire
2011,W06000006,Wrexham,-0.7465802,4.334348,5,0.6750519797824146,0.3245446130481077,7.744619542667287e-20,9.21127560493058e-06,4.053578874815457e-14,0.00039419589383173857,0.6750519797824146,47.2,32.49,14.1,6.21,4.18,15.18,4.47,3.85,5.34,1.84,W06000006,Wrexham,matched_reference,W06000006,Wrexham
2011,W06000008,Ceredigion,1.8543411,7.0891848,4,0.9688380035446912,2.132985211585244e-06,1.477862394696198e-06,0.003699571677577645,1.7030715060271245e-08,0.9688380035446912,0.027458796899409707,47.15,32.1,14.42,6.34,2.56,16.64,13.65,2.8,4.39,1.44,W06000008,Ceredigion,matched_reference,W06000008,Ceredigion
2011,W06000009,Pembrokeshire,-0.77160674,4.021707,0,0.7574280747769363,0.7574280747769363,1.925148083429748e-21,6.383641051917247e-07,2.666790342336823e-14,7.752785507960546e-05,0.24249375900385192,45.36,32.58,15.26,6.8,4.04,18.75,3.76,4.28,5.33,1.88,W06000009,Pembrokeshire,matched_reference,W06000009,Pembrokeshire
2011,W06000010,Carmarthenshire,-0.13579701,3.623777,0,0.9965723642937301,0.9965723642937301,9.351985158350379e-23,1.4297882896660206e-10,4.4236607935421606e-13,3.4667040574215132e-06,0.003424168858791267,44.97,30.26,16.33,8.44,3.73,18.13,4.51,3.77,6.81,1.93,W06000010,Carmarthenshire,matched_reference,W06000010,Carmarthenshire
2011,W06000011,Swansea,-0.029292377,3.7685797,0,0.9941710782780384,0.9941710782780384,9.465115034503824e-22,4.072924111100376e-10,1.2069079022070978e-12,1.0271865967466736e-05,0.005818649447494988,48.65,29.28,13.97,8.09,3.86,15.64,8.67,3.71,6.86,2.13,W06000011,Swansea,matched_reference,W06000011,Swansea
2011,W06000012,Neath Port Talbot,0.18999451,3.5444303,0,0.9990661496457163,0.9990661496457163,1.5377895459969526e-22,8.647187336112783e-12,3.3752752198368745e-12,2.1607882477956845e-06,0.0009316895540135789,44.95,28.39,16.19,10.46,4.5,17.32,4.27,4.32,9.55,2.29,W06000012,Neath Port Talbot,matched_reference,W06000012,Neath Port Talbot
2011,W06000013,Bridgend,0.11132553,3.5523708,0,0.9988174672575559,0.9988174672575559,1.1553388286680902e-22,1.479751225550775e-11,1.9854243157970925e-12,2.196087057570563e-06,0.001180336638603583,46.08,29.93,15.09,8.9,4.56,16.73,4.11,3.88,7.68,2.96,W06000013,Bridgend,matched_reference,W06000013,Bridgend
2011,W06000014,The Vale of Glamorgan,-0.74667543,4.526658,5,0.8759577401197682,0.12330310394746082,4.804434063288751e-19,3.399734693472291e-05,3.315887085003133e-14,0.0007051585858031613,0.8759577401197682,48.01,32.05,13.55,6.39,4.31,16.24,4.61,3.66,4.81,1.64,W06000014,The Vale of Glamorgan,matched_reference,W06000014,Vale of Glamorgan
2011,W06000015,Cardiff,2.6633909,6.618253,4,0.9951795059950461,1.8492046530102144e-05,9.509252900957379e-07,5.078941866872253e-06,3.3995458840448896e-06,0.9951795059950461,0.004792572545383094,50.37,31.05,12.14,6.43,4.44,10.4,10.91,4.0,5.18,2.38,W06000015,Cardiff,matched_reference,W06000015,Cardiff
2011,W06000016,Rhondda Cynon Taf,0.17872363,3.5698092,0,0.9988951689120158,0.9988951689120158,1.990639813323395e-22,1.2348969705378972e-11,3.260285115361554e-12,2.5791817722715407e-06,0.001102251890602832,44.86,29.67,15.87,9.6,4.71,16.04,5.76,4.07,8.63,2.29,W06000016,Rhondda Cynon Taf,matched_reference,W06000016,Rhondda Cynon Taf
2011,W06000018,Caerphilly,0.11521963,3.4840777,0,0.9992001290232231,0.9992001290232231,5.032149337913596e-23,6.5780355403987256e-12,1.8094801016573389e-12,1.3398477587999577e-06,0.0007985311206304806,44.4,30.35,15.93,9.32,5.14,16.06,4.48,4.31,8.19,2.09,W06000018,Caerphilly,matched_reference,W06000018,Caerphilly
2011,W06000019,Blaenau Gwent,0.15990233,3.4318361,0,0.9994625161230091,0.9994625161230091,3.2990755376028214e-23,2.7955398353911785e-12,2.2709130269991354e-12,9.416700737327817e-07,0.0005365422018509406,41.92,30.63,16.75,10.69,6.87,16.81,4.33,4.46,9.64,2.71,W06000019,Blaenau Gwent,matched_reference,W06000019,Blaenau Gwent
2011,W06000020,Torfaen,-0.60929203,3.1726642,0,0.9989510819981211,0.9989510819981211,3.488995457334759e-26,1.4212095403298352e-11,8.342733218566565e-15,1.2004346864596682e-07,0.0010487979441899731,43.26,32.52,15.54,8.68,4.78,16.81,4.03,4.38,6.67,1.82,W06000020,Torfaen,matched_reference,W06000020,Torfaen
2011,W06000021,Monmouthshire,-1.9720126,5.241879,5,0.9748378351883249,1.8881597826971096e-06,6.7411916452459245e-19,0.02506217034610964,4.1591468108508027e-19,9.810630578271516e-05,0.9748378351883249,46.39,33.66,14.02,5.93,3.35,17.61,4.29,3.67,4.0,1.94,W06000021,Monmouthshire,matched_reference,W06000021,Monmouthshire
2011,W06000022,Newport,-0.34325144,3.2647874,0,0.9992077774635028,0.9992077774635028,3.638489721734941e-25,7.82640774125689e-12,5.52158145084493e-14,2.3394649275494067e-07,0.0007919885821229249,45.75,32.81,14.09,7.36,5.34,14.64,5.32,4.42,5.74,2.35,W06000022,Newport,matched_reference,W06000022,Newport
2011,W06000023,Powys,-2.2984004,5.29923,5,0.9394744213474849,1.5073286748797848e-07,2.929941044090783e-19,0.060480234291431074,2.781116923003438e-20,4.5193628216596994e-05,0.9394744213474849,44.75,34.19,14.93,6.13,3.05,17.99,3.68,3.16,4.09,1.5,W06000023,Powys,matched_reference,W06000023,Powys
2011,W06000024,Merthyr Tydfil,0.18267341,3.4833825,0,0.9993225973737077,0.9993225973737077,6.984387385366708e-23,4.455791846367667e-12,2.8965828181854387e-12,1.3849162710438144e-06,0.0006760177026687105,44.13,28.84,15.86,11.17,5.72,15.42,4.79,3.87,9.47,2.28,W06000024,Merthyr Tydfil,matched_reference,W06000024,Merthyr Tydfil
2021,E06000001,Hartlepool,7.536531,5.879581,3,0.9999912722515188,4.8525440461344287e-23,8.683123298311195e-06,2.977025310081371e-29,0.9999912722515188,4.462518306226233e-08,8.748262269750583e-17,43.12,33.3,15.61,7.97,4.02,23.98,4.64,5.76,7.27,3.78,E06000001,Hartlepool,matched_reference,E06000001,Hartlepool
2021,E06000002,Middlesbrough,6.1998334,6.4112926,3,0.9983336933397841,1.1165042531450986e-14,0.00028962478724705497,6.876125903755697e-19,0.9983336933397841,0.0013766817097479228,1.632096471544375e-10,46.7,32.23,13.77,7.31,5.1,20.42,7.0,6.61,6.92,4.43,E06000002,Middlesbrough,matched_reference,E06000002,Middlesbrough
2021,E06000003,Redcar and Cleveland,8.001816,6.0757627,3,0.9999719535121849,9.225903199656723e-26,2.803495222370724e-05,1.0718749596314364e-30,0.9999719535121849,1.1535591501257204e-08,4.1150187044031885e-18,42.54,34.0,15.84,7.62,3.56,28.51,3.96,4.98,6.47,3.0,E06000003,Redcar and Cleveland,matched_reference,E06000003,Redcar and Cleveland
2021,E06000004,Stockton-on-Tees,7.3936644,7.0389676,3,0.9953863829682927,6.7570986741002314e-21,0.004547538486028588,9.130024735620813e-22,0.9953863829682927,6.607854556629024e-05,1.1218860207845686e-13,46.53,33.33,13.89,6.25,3.73,23.44,4.35,4.85,5.19,3.72,E06000004,Stockton-on-Tees,matched_reference,E06000004,Stockton-on-Tees
2021,E06000005,Darlington,8.217377,7.2448645,3,0.9908975961151303,1.281389848192254e-25,0.009099462886019514,6.384585602380958e-25,0.9908975961151303,2.9409988500563753e-06,3.016078829900199e-16,45.22,34.62,14.27,5.88,3.44,24.89,3.67,4.43,4.74,2.88,E06000005,Darlington,matched_reference,E06000005,Darlington
2021,E06000006,Halton,8.297169,5.5918503,3,0.9999977266977293,1.1970660633771398e-28,2.2732167623199626e-06,1.6034894834707566e-35,0.9999977266977293,8.550816593379148e-11,1.4137440311632876e-20,45.97,32.27,14.08,7.68,3.21,22.09,3.77,4.41,6.78,3.26,E06000006,Halton,matched_reference,E06000006,Halton
2021,E06000007,Warrington,8.157075,8.734485,1,0.8069307530398074,3.575347298091596e-25,0.8069307530398074,1.7551733608822373e-17,0.19264882211403853,0.000420424846119299,3.457815341654153e-14,50.06,32.77,12.13,5.04,2.77,23.13,3.62,3.6,4.11,3.02,E06000007,Warrington,matched_reference,E06000007,Warrington
2021,E06000008,Blackburn with Darwen,6.1029525,6.452863,3,0.9967688635911702,3.7848264164510575e-14,0.00039926955954516536,3.6544868477522275e-18,0.9967688635911702,0.0028318664033113784,4.459357077772225e-10,47.79,32.32,13.25,6.64,3.81,17.78,6.51,8.03,6.55,4.14,E06000008,Blackburn with Darwen,matched_reference,E06000008,Blackburn with Darwen
2021,E06000009,Blackpool,7.760444,5.791905,3,0.9999944787517815,1.24395218509332e-24,5.514072379244666e-06,4.401788637979156e-31,0.9999944787517815,7.17583884045158e-09,6.870915249679868e-18,40.37,33.51,16.99,9.14,4.29,23.85,3.57,5.07,8.17,4.03,E06000009,Blackpool,matched_reference,E06000009,Blackpool
2021,E06000010,"Kingston upon Hull, City of",6.565159,6.3133526,3,0.9997530716421117,9.875690298214725e-17,0.00012946902988693906,2.3450945638182215e-21,0.9997530716421117,0.00011745932347175539,4.529256923713163e-12,43.36,34.89,14.92,6.83,4.85,18.01,5.97,5.86,6.41,3.83,E06000010,"Kingston upon Hull, City of",matched_reference,E06000010,"Kingston upon Hull, City of"
2021,E06000011,East Riding of Yorkshire,9.4167795,8.723641,1,0.6350469402639625,3.6407267036267943e-32,0.6350469402639625,3.401398249215849e-23,0.36494974870337715,3.3110326606879915e-06,4.710949903354932e-18,44.87,35.39,14.37,5.37,2.32,31.05,3.19,3.42,3.39,2.45,E06000011,East Riding of Yorkshire,matched_reference,E06000011,East Riding of Yorkshire
2021,E06000012,North East Lincolnshire,7.834383,6.3745894,3,0.9998656628137785,3.0604305100580475e-24,0.00013415757262967765,6.256529870552223e-28,0.9998656628137785,1.7961359175784332e-07,9.732122679498782e-17,43.06,35.0,15.44,6.5,3.29,24.93,3.6,5.17,5.86,3.17,E06000012,North East Lincolnshire,matched_reference,E06000012,North East Lincolnshire
2021,E06000013,North Lincolnshire,9.25665,7.1688333,3,0.9932221886082797,1.8586768360508547e-32,0.0067778009919161036,6.29127772961177e-31,0.9932221886082797,1.0399804360106433e-08,3.2432304481380804e-20,42.9,35.92,15.15,6.03,3.03,27.0,3.37,4.56,4.69,2.69,E06000013,North Lincolnshire,matched_reference,E06000013,North Lincolnshire
2021,E06000014,York,2.0380592,7.496972,4,0.9781479082826698,1.1490735286048587e-07,1.8351997404720496e-05,0.010865151344300944,1.745316117752537e-08,0.9781479082826698,0.010968456015110466,48.62,35.02,12.13,4.23,2.93,22.45,11.15,2.69,2.74,2.15,E06000014,York,matched_reference,E06000014,York
2021,E06000015,Derby,6.93443,7.3236895,3,0.9721591385629939,3.224399824098384e-18,0.025430469534811366,6.189920483256911e-18,0.9721591385629939,0.0024103918864326478,1.576236238281031e-11,45.84,34.65,13.72,5.8,3.89,20.19,6.18,5.66,5.08,3.45,E06000015,Derby,matched_reference,E06000015,Derby
2021,E06000016,Leicester,4.8175473,7.440225,4,0.9833747140800093,1.892961674313103e-10,0.007458162013726756,2.8717762519417625e-09,0.009162937845335062,0.9833747140800093,4.182999856831596e-06,48.76,33.49,12.52,5.23,5.03,13.4,10.94,7.81,5.01,4.56,E06000016,Leicester,matched_reference,E06000016,Leicester
2021,E06000017,Rutland,7.4380803,9.613664,1,0.9940612598910707,1.3214371875510661e-23,0.9940612598910707,4.363458814413291e-12,0.004123219482819515,0.0018155206205845928,1.1616676325107098e-12,50.34,34.26,11.86,3.53,1.87,28.38,4.78,3.24,2.09,4.87,E06000017,Rutland,matched_reference,E06000017,Rutland
2021,E06000018,Nottingham,2.860511,6.4444904,4,0.9966919595211732,3.591661455075634e-05,7.942625814629179e-07,6.718472284659955e-07,1.6605037238587035e-05,0.9966919595211732,0.0032540527172276374,47.57,33.46,12.94,6.03,5.32,13.38,17.91,5.37,5.46,3.81,E06000018,Nottingham,matched_reference,E06000018,Nottingham
2021,E06000019,"Herefordshire, County of",9.292943,8.622352,1,0.5713891010337273,2.0892843224647025e-31,0.5713891010337273,4.493471788859775e-23,0.42860645070458553,4.448261686972465e-06,9.572308563769738e-18,45.72,35.1,13.92,5.25,2.32,28.41,3.19,3.71,3.57,2.46,E06000019,"Herefordshire, County of",matched_reference,E06000019,"Herefordshire, County of"
2021,E06000020,Telford and Wrekin,7.518768,7.066144,3,0.9950432505318738,1.340793811816863e-21,0.0049165912726365345,2.873658966271718e-22,0.9950432505318738,4.015819544516228e-05,4.466568125641238e-14,45.96,34.08,13.84,6.12,3.29,21.18,4.8,5.02,5.3,2.9,E06000020,Telford and Wrekin,matched_reference,E06000020,Telford and Wrekin
2021,E06000021,Stoke-on-Trent,7.202397,6.2766557,3,0.9999134623729437,1.852349182126561e-20,8.344892968924827e-05,5.093748331685469e-25,0.9999134623729437,3.088697352523478e-06,1.4802907428700944e-14,42.67,35.16,14.81,7.36,3.59,20.5,5.47,5.79,6.39,3.57,E06000021,Stoke-on-Trent,matched_reference,E06000021,Stoke-on-Trent
2021,E06000022,Bath and North East Somerset,2.1473598,7.7432723,4,0.9723322191154841,1.959360228421937e-08,8.128769090710737e-05,0.021231338721542745,1.8414562815788025e-08,0.9723322191154841,0.006355116463901037,51.8,32.84,11.3,4.06,2.87,22.05,11.33,3.25,2.84,2.1,E06000022,Bath and North East Somerset,matched_reference,E06000022,Bath and North East Somerset
2021,E06000023,"Bristol, City of",2.4573884,6.9351826,4,0.9937220426703767,3.416210059442341e-06,2.4078723224949667e-06,7.983990092645485e-05,4.7679878181831017e-07,0.9937220426703767,0.006191816547532914,50.81,32.73,11.5,4.96,3.63,14.5,9.79,3.85,4.2,2.83,E06000023,"Bristol, City of",matched_reference,E06000023,"Bristol, City of"
2021,E06000024,North Somerset,8.688473,9.180509,1,0.9196114320197997,2.1061393211693393e-28,0.9196114320197997,4.063535427712837e-18,0.08030818004522401,8.038793497536483e-05,1.1564445447091597e-15,47.57,33.88,13.28,5.27,2.2,27.99,3.45,3.24,3.62,1.98,E06000024,North Somerset,matched_reference,E06000024,North Somerset
2021,E06000025,South Gloucestershire,7.5808544,9.969277,1,0.9975260906898509,5.995159479290232e-25,0.9975260906898509,1.2383242855538927e-11,0.001648638649234115,0.0008252706482040952,3.275645896008272e-13,49.72,34.16,11.91,4.21,2.47,22.39,4.74,3.13,2.77,2.31,E06000025,South Gloucestershire,matched_reference,E06000025,South Gloucestershire
2021,E06000026,Plymouth,7.618551,7.055743,3,0.9954960211052867,3.4401860209098715e-22,0.004480953964794559,7.60416004082606e-23,0.9954960211052867,2.302492990039847e-05,1.853226068551745e-14,45.76,33.76,14.05,6.43,3.26,21.8,7.15,4.22,5.48,2.75,E06000026,Plymouth,matched_reference,E06000026,Plymouth
2021,E06000027,Torbay,8.341341,6.1910505,3,0.9999433633509643,7.774014044669474e-28,5.663297141185928e-05,6.520116429061984e-32,0.9999433633509643,3.6776237784611056e-09,3.8429511467756205e-19,42.23,34.23,16.21,7.33,2.94,30.34,3.29,4.3,5.9,2.87,E06000027,Torbay,matched_reference,E06000027,Torbay
2021,E06000030,Swindon,6.9238696,8.680477,1,0.9170793113893722,1.754098063926542e-19,0.9170793113893722,1.149669401418912e-12,0.060972327134475895,0.02194836139062323,8.437920862866571e-11,48.08,35.2,12.28,4.44,3.23,19.15,3.56,4.64,3.63,2.82,E06000030,Swindon,matched_reference,E06000030,Swindon
2021,E06000031,Peterborough,6.8990674,7.6510215,3,0.8691746765129221,5.198232110399653e-18,0.12067351348443492,3.5905483026553226e-16,0.8691746765129221,0.010151809939091743,6.355057564412043e-11,46.16,35.88,12.86,5.11,3.66,17.29,4.42,5.99,4.45,3.94,E06000031,Peterborough,matched_reference,E06000031,Peterborough
2021,E06000032,Luton,4.9175057,7.6733623,4,0.9743207041242732,3.709676824985591e-11,0.01872850971512593,6.893230621389101e-09,0.006948161169637212,0.9743207041242732,2.618060636204622e-06,48.68,34.56,12.02,4.74,5.29,14.03,6.74,8.4,3.89,4.49,E06000032,Luton,matched_reference,E06000032,Luton
2021,E06000033,Southend-on-Sea,7.034822,7.5612655,3,0.9234413137599664,1.04902479876316e-18,0.07265433041512777,2.973134132906786e-17,0.9234413137599664,0.0039043558083501255,1.6555573741686894e-11,46.7,34.39,13.34,5.57,3.67,22.51,3.94,5.27,4.35,3.39,E06000033,Southend-on-Sea,matched_reference,E06000033,Southend-on-Sea
2021,E06000034,Thurrock,5.88793,8.913841,1,0.8385732532817963,1.5787374530497415e-16,0.8385732532817963,1.5043826873058795e-08,0.0032263789398741796,0.158200340432229,1.2302273445883177e-08,50.77,33.35,11.55,4.34,3.79,16.75,4.5,5.46,3.25,3.22,E06000034,Thurrock,matched_reference,E06000034,Thurrock
2021,E06000035,Medway,6.764709,8.002015,3,0.5101752682624925,1.405650425016671e-17,0.4477016633907084,4.40770412217368e-14,0.5101752682624925,0.04212306800325989,3.4349495482175025e-10,47.48,34.58,12.83,5.11,3.58,19.57,4.66,5.36,4.07,3.24,E06000035,Medway,matched_reference,E06000035,Medway
2021,E06000036,Bracknell Forest,6.5294724,10.047129,1,0.9960447634908606,8.256781564598807e-22,0.9960447634908606,2.6106418496692692e-08,0.00014837481547450677,0.0038068355552063077,3.2040292547241336e-11,52.83,34.12,9.85,3.2,3.0,17.99,3.87,3.85,2.29,2.55,E06000036,Bracknell Forest,matched_reference,E06000036,Bracknell Forest
2021,E06000037,West Berkshire,6.8854365,10.115914,1,0.9977398774065912,5.0017490850012407e-23,0.9977398774065912,3.550497081917261e-09,0.0002585203385306214,0.0020015986984125078,5.9687690165685045e-12,51.05,34.65,10.95,3.35,2.45,22.49,3.66,3.96,2.32,2.17,E06000037,West Berkshire,matched_reference,E06000037,West Berkshire
2021,E06000038,Reading,3.2641997,7.7581997,4,0.9990538843030913,4.5106657621096355e-09,0.0005518183538183978,9.35237622832066e-05,2.8602676024392823e-06,0.9990538843030913,0.0002979088025388857,51.2,34.45,10.69,3.66,4.12,13.63,8.21,4.9,3.01,3.27,E06000038,Reading,matched_reference,E06000038,Reading
2021,E06000039,Slough,4.848582,7.834352,4,0.9722731412202005,2.1737701696282242e-11,0.024584782942766382,2.790774452146085e-08,0.0031391713940998995,0.9722731412202005,2.876513451422386e-06,51.7,33.95,10.6,3.75,5.06,11.36,6.17,7.93,3.02,4.49,E06000039,Slough,matched_reference,E06000039,Slough
2021,E06000040,Windsor and Maidenhead,5.47652,10.034187,1,0.9880135241515409,2.4693401110649318e-19,0.9880135241515409,1.343736599735719e-05,1.088762549783589e-05,0.011962148900780435,1.9561836632095926e-09,55.76,31.79,9.43,3.02,3.07,21.02,4.79,4.81,1.97,2.64,E06000040,Windsor and Maidenhead,matched_reference,E06000040,Windsor and Maidenhead
2021,E06000041,Wokingham,5.831037,10.371709,1,0.9970165321378642,2.8797549858682126e-21,0.9970165321378642,5.4455005761065535e-06,7.795801860709638e-06,0.002970226394897913,1.6480096302158498e-10,54.96,33.16,9.22,2.65,2.68,21.18,4.79,4.15,1.73,1.93,E06000041,Wokingham,matched_reference,E06000041,Wokingham
2021,E06000042,Milton Keynes,5.880745,9.014505,1,0.8689358466250496,8.261616051393573e-17,0.8689358466250496,2.4903011418071387e-08,0.0020794890241372386,0.1289846296273657,9.820435629396964e-09,51.08,33.72,11.05,4.15,3.69,16.75,4.59,4.82,3.36,3.02,E06000042,Milton Keynes,matched_reference,E06000042,Milton Keynes
2021,E06000043,Brighton and Hove,2.4214134,6.877208,4,0.9926523326935536,5.2511949855294444e-06,1.683811899547653e-06,7.167607377246955e-05,4.683638641111098e-07,0.9926523326935536,0.007268587861924553,50.19,33.16,11.59,5.06,4.6,15.29,9.86,3.6,4.42,3.05,E06000043,Brighton and Hove,matched_reference,E06000043,Brighton and Hove
2021,E06000044,Portsmouth,2.53599,6.6836243,4,0.9935333796222682,1.5376808038577116e-05,9.097563135531944e-07,1.4316975260091506e-05,1.4570726887398465e-06,0.9935333796222682,0.006434559765431014,47.36,34.83,12.86,4.96,4.44,17.14,9.3,4.58,4.16,3.14,E06000044,Portsmouth,matched_reference,E06000044,Portsmouth
2021,E06000045,Southampton,2.4733586,6.6686707,4,0.9921569842124697,1.879158906591199e-05,7.237406242105034e-07,1.85820942709379e-05,1.1121438758722372e-06,0.9921569842124697,0.007803806219693343,47.69,35.09,12.25,4.97,4.09,15.53,10.61,4.68,4.19,3.05,E06000045,Southampton,matched_reference,E06000045,Southampton
2021,E06000046,Isle of Wight,9.3880205,6.9896154,3,0.9965954176151322,1.16842160252186e-33,0.003404580508143893,9.107525129865542e-33,0.9965954176151322,1.8767238902079307e-09,3.896234140217596e-21,39.88,36.95,16.43,6.74,2.92,33.22,3.1,4.0,5.11,3.22,E06000046,Isle of Wight,matched_reference,E06000046,Isle of Wight
2021,E06000047,County Durham,7.910282,5.990767,3,0.9999826802812444,2.702940894528347e-25,1.730854207200809e-05,1.0571842748217028e-30,0.9999826802812444,1.1176683499333516e-08,5.714168889884231e-18,42.96,33.9,15.63,7.5,3.06,25.63,6.49,4.37,6.14,3.11,E06000047,County Durham,matched_reference,E06000047,County Durham
2021,E06000049,Cheshire East,8.050324,9.751756,1,0.9926791786343759,2.5192456808702309e-26,0.9926791786343759,8.147889426333267e-14,0.006928268232438181,0.00039255313306551316,3.8859438734150793e-14,49.84,33.31,12.15,4.7,2.37,26.62,3.49,3.49,3.31,2.3,E06000049,Cheshire East,matched_reference,E06000049,Cheshire East
2021,E06000050,Cheshire West and Chester,8.154037,8.627153,1,0.7387815081389515,4.886737311950698e-25,0.7387815081389515,7.333421872769726e-18,0.260819877980212,0.00039861388080255467,3.382952829298523e-14,48.82,33.27,12.68,5.24,2.76,25.33,4.42,3.8,4.02,2.43,E06000050,Cheshire West and Chester,matched_reference,E06000050,Cheshire West and Chester
2021,E06000051,Shropshire,9.020792,8.890811,1,0.7814256396618685,6.404692028390673e-30,0.7814256396618685,1.177289180977666e-20,0.21855379435347697,2.056598465433558e-05,1.0488734621809274e-16,46.63,34.71,13.58,5.08,2.38,28.49,3.56,3.6,3.52,2.46,E06000051,Shropshire,matched_reference,E06000051,Shropshire
2021,E06000052,Cornwall,8.543858,7.670615,3,0.949246767732163,3.0934808848886758e-27,0.050748578839680314,3.1317405720476642e-24,0.949246767732163,4.65342815662149e-06,1.4075075091420864e-16,45.74,33.52,14.55,6.19,2.59,28.84,4.21,4.09,4.47,2.55,E06000052,Cornwall,matched_reference,E06000052,Cornwall
2021,E06000053,Isles of Scilly,7.2601743,10.436796,1,0.9991714660628847,4.852405411606221e-25,0.9991714660628847,1.554478758485135e-09,0.000208945747893713,0.0006195866341441264,5.988661927650735e-13,51.31,32.96,11.68,4.04,0.87,26.72,1.16,3.41,1.33,2.14,E06000053,Isles of Scilly,matched_reference,E06000053,Isles of Scilly
2021,E06000054,Wiltshire,7.8100142,10.022655,1,0.99741546283587,6.431653597337094e-26,0.99741546283587,3.116608141578685e-12,0.002090162666648865,0.0004943744942661206,9.860364134597086e-14,49.54,34.08,12.16,4.23,2.32,24.98,3.34,3.78,2.95,2.42,E06000054,Wiltshire,matched_reference,E06000054,Wiltshire
2021,E06000055,Bedford,6.7066975,8.818457,1,0.9425099961505576,5.754693572022068e-19,0.9425099961505576,1.6288796521779416e-11,0.024853971978844036,0.032636031623058684,2.3125102001029506e-10,48.82,34.97,11.85,4.37,3.34,19.75,4.27,4.68,3.38,3.24,E06000055,Bedford,matched_reference,E06000055,Bedford
2021,E06000056,Central Bedfordshire,7.1177254,9.973948,1,0.9974586583529387,2.3073974576849922e-23,0.9974586583529387,3.5565509426335535e-10,0.0006759078453703787,0.001865433443135554,2.9001230685258077e-12,50.37,34.49,11.33,3.81,2.63,21.43,3.53,3.84,2.6,2.15,E06000056,Central Bedfordshire,matched_reference,E06000056,Central Bedfordshire
2021,E06000057,Northumberland,8.896964,7.31792,3,0.9882263719627067,7.62185923694868e-30,0.011773483970619891,4.32886363465044e-28,0.9882263719627067,1.440666734242054e-07,1.4726236179636153e-18,43.76,34.59,15.42,6.22,2.91,30.19,3.16,3.84,4.55,2.98,E06000057,Northumberland,not_in_tableau_reference,E06000057,Northumberland
2021,E06000058,"Bournemouth, Christchurch and Poole",7.9573245,8.552685,1,0.7189884935512416,5.898890002351711e-24,0.7189884935512416,2.794835491038075e-17,0.28023407529881467,0.0007774311498184494,1.2510556504426913e-13,47.54,34.11,13.11,5.24,3.34,24.78,6.09,3.75,3.92,2.57,E06000058,"Bournemouth, Christchurch and Poole",not_in_tableau_reference,E06000058,"Bournemouth, Christchurch and Poole"
2021,E06000059,Dorset,9.482442,8.874853,1,0.7267879149687229,1.3655289674086988e-32,0.7267879149687229,8.009887107216302e-23,0.2732087084015425,3.3766297347122917e-06,3.846545736535363e-18,44.88,35.79,14.23,5.09,2.14,33.38,3.02,3.61,3.29,2.44,E06000059,Dorset,not_in_tableau_reference,E06000059,Dorset
2021,E06000060,Buckinghamshire,5.762745,9.963382,1,0.9883166811705726,1.179884655866114e-19,0.9883166811705726,2.094762808649208e-06,3.115290654572907e-05,0.01165007028078369,8.792898218941662e-10,53.14,33.19,10.34,3.33,2.76,21.64,4.38,4.79,2.19,2.61,E06000060,Buckinghamshire,not_in_tableau_reference,E06000060,Buckinghamshire
2021,E06000061,North Northamptonshire,7.384337,8.596344,1,0.8457097860811051,2.7995849996385686e-21,0.8457097860811051,1.01861326116668e-14,0.1485423556499947,0.005747858263386576,5.503393545680968e-12,46.19,35.79,13.15,4.88,2.7,21.49,3.42,4.07,3.84,2.62,E06000061,North Northamptonshire,not_in_tableau_reference,E06000061,North Northamptonshire
2021,E06000062,West Northamptonshire,6.937351,9.346077,1,0.9873639166193849,3.964502693171944e-21,0.9873639166193849,4.62686834489173e-11,0.00454822398112389,0.0080878593287441,2.447828304311866e-11,49.2,35.05,11.62,4.12,3.02,20.08,4.28,3.87,3.03,2.83,E06000062,West Northamptonshire,not_in_tableau_reference,E06000062,West Northamptonshire
2021,E07000008,Cambridge,2.021545,7.8021755,4,0.9420980569314836,1.3206818730507062e-08,9.248585645560332e-05,0.04965208609853856,9.238381654617196e-09,0.9420980569314836,0.008157348668322068,55.05,32.13,9.58,3.24,2.9,11.73,20.59,3.38,2.52,2.29,E07000008,Cambridge,matched_reference,E07000008,Cambridge
2021,E07000009,East Cambridgeshire,8.084874,9.994767,1,0.9961468898640647,6.1921881776778165e-27,0.9961468898640647,3.1884350020904843e-13,0.003561867723595071,0.00029124241199592505,2.550368759895938e-14,48.34,35.13,12.4,4.14,2.13,23.46,3.32,3.9,2.6,2.02,E07000009,East Cambridgeshire,matched_reference,E07000009,East Cambridgeshire
2021,E07000010,Fenland,9.448229,7.084458,3,0.9948613731307967,6.443036110527663e-34,0.005138624462504476,1.672829256457567e-32,0.9948613731307967,2.4066989645094556e-09,3.958189812944036e-21,40.27,37.48,15.87,6.38,2.69,26.32,2.89,4.84,4.63,3.09,E07000010,Fenland,matched_reference,E07000010,Fenland
2021,E07000011,Huntingdonshire,7.534042,9.194047,1,0.9768465462641047,4.4714618932277524e-23,0.9768465462641047,1.474493405042767e-13,0.02076901385755092,0.00238443987695975,1.2372014421821842e-12,47.88,35.71,12.18,4.24,2.33,23.61,3.02,3.77,2.77,2.85,E07000011,Huntingdonshire,matched_reference,E07000011,Huntingdonshire
2021,E07000012,South Cambridgeshire,6.61874,10.428568,1,0.9986377287641243,3.1794716894772855e-23,0.9986377287641243,7.906862237252437e-08,4.927640765150053e-05,0.0013129157516461793,7.955417524032041e-12,52.21,33.62,10.74,3.43,2.13,22.7,4.2,3.79,2.2,1.86,E07000012,South Cambridgeshire,matched_reference,E07000012,South Cambridgeshire
2021,E07000026,Allerdale,8.891892,7.5974693,3,0.9640298571516681,1.7472302256218828e-29,0.03596952922485483,1.947988859334143e-26,0.9640298571516681,6.136234768663168e-07,5.9268513410307674e-18,44.89,34.18,14.93,6.0,2.21,28.9,2.87,3.62,4.77,2.68,E07000026,Allerdale,matched_reference,E07000026,Allerdale
2021,E07000027,Barrow-in-Furness,8.293704,6.307861,3,0.9998985766928873,2.525629945972849e-27,0.00010141336123152885,6.549944542032082e-31,0.9998985766928873,9.945881115881714e-09,1.1598141571995523e-18,43.41,34.51,14.92,7.16,2.7,26.15,2.62,3.84,5.92,2.91,E07000027,Barrow-in-Furness,matched_reference,E07000027,Barrow-in-Furness
2021,E07000028,Carlisle,9.071368,8.170334,3,0.760921079619286,3.802361940045249e-30,0.2390757900267622,3.285798930078198e-24,0.760921079619286,3.1303539520581297e-06,1.4783689580342147e-17,45.57,34.56,14.07,5.81,2.54,25.48,3.46,3.33,4.6,2.62,E07000028,Carlisle,matched_reference,E07000028,Carlisle
2021,E07000029,Copeland,8.532945,6.3149967,3,0.999886771472887,6.371641990948728e-29,0.00011322570281674291,3.191390017727142e-32,0.999886771472887,2.8242961169280493e-09,1.4377872277938592e-19,44.44,33.22,15.49,6.86,2.45,27.81,2.76,3.89,5.51,2.98,E07000029,Copeland,matched_reference,E07000029,Copeland
2021,E07000030,Eden,9.147774,9.739313,1,0.9727809279966353,2.2199989164708007e-31,0.9727809279966353,6.098281803643178e-18,0.027196765800895927,2.2306202468688936e-05,7.416214697819999e-17,46.91,35.39,13.26,4.44,1.82,28.61,2.65,3.11,2.92,2.28,E07000030,Eden,matched_reference,E07000030,Eden
2021,E07000031,South Lakeland,9.176172,9.822889,1,0.9771882193232715,1.2883302740463355e-31,0.9771882193232715,9.55726263120096e-18,0.0227908370027644,2.094367396387661e-05,6.387491983526181e-17,47.92,34.85,12.81,4.41,1.67,32.04,3.04,2.56,2.5,2.3,E07000031,South Lakeland,matched_reference,E07000031,South Lakeland
2021,E07000032,Amber Valley,9.246693,7.8289638,3,0.9184508763871894,1.5862620894596228e-31,0.08154878843630434,5.8759980159028956e-27,0.9184508763871894,3.3517650597969227e-07,9.351372597812087e-19,44.43,35.44,14.5,5.63,2.34,26.81,3.04,3.93,4.28,2.33,E07000032,Amber Valley,matched_reference,E07000032,Amber Valley
2021,E07000033,Bolsover,8.182327,6.1476736,3,0.9999569495215865,7.667390009064952e-27,4.3043773084303016e-05,2.8140369060845798e-31,0.9999569495215865,6.705329079299376e-09,1.2388484095985603e-18,41.79,34.27,16.12,7.82,2.34,24.1,2.89,4.46,6.11,2.61,E07000033,Bolsover,matched_reference,E07000033,Bolsover
2021,E07000034,Chesterfield,8.164772,6.2091403,3,0.9999409337673397,1.2615209381135115e-26,5.90553564714366e-05,8.562631116699303e-31,0.9999409337673397,1.087618880943646e-08,2.0711424537072287e-18,41.49,34.79,16.47,7.24,2.73,25.72,3.15,4.27,6.12,2.75,E07000034,Chesterfield,matched_reference,E07000034,Chesterfield
2021,E07000035,Derbyshire Dales,9.181485,9.627446,1,0.9629262291932424,1.962806298925635e-31,0.9629262291932424,1.7289397130788908e-18,0.037054231311003896,1.9539495753346304e-05,5.825559153872391e-17,47.53,34.5,13.4,4.57,1.87,31.9,3.2,3.3,2.78,2.53,E07000035,Derbyshire Dales,matched_reference,E07000035,Derbyshire Dales
2021,E07000036,Erewash,9.235417,7.824545,3,0.9196297265832558,1.8578203809950895e-31,0.08036992690278245,6.342521765921666e-27,0.9196297265832558,3.465139615367505e-07,1.0049524420845557e-18,44.33,35.36,14.66,5.65,2.69,24.7,3.11,3.74,4.53,2.47,E07000036,Erewash,matched_reference,E07000036,Erewash
2021,E07000037,High Peak,8.671414,9.1097555,1,0.903007578080698,3.1053179907074375e-28,0.903007578080698,2.6523952319156398e-18,0.09690920968273953,8.321223656112452e-05,1.2717053177713504e-15,47.62,34.18,13.2,4.99,2.46,26.08,3.48,2.98,3.73,2.29,E07000037,High Peak,matched_reference,E07000037,High Peak
2021,E07000038,North East Derbyshire,8.977718,7.4435267,3,0.9803677084388714,3.251804137013198e-30,0.019632105535604794,8.861100476481612e-28,0.9803677084388714,1.860255239296893e-07,1.3989670930136217e-18,43.51,34.37,15.63,6.49,2.24,29.42,2.94,3.78,4.77,2.25,E07000038,North East Derbyshire,matched_reference,E07000038,North East Derbyshire
2021,E07000039,South Derbyshire,8.151092,9.656069,1,0.9889807939519141,1.4109724465337988e-26,0.9889807939519141,1.8393529379036794e-14,0.010687297452738066,0.0003319085953050003,2.4371689010626966e-14,48.2,34.47,12.72,4.61,2.3,22.92,3.38,3.84,3.29,2.27,E07000039,South Derbyshire,matched_reference,E07000039,South Derbyshire
2021,E07000040,East Devon,9.440163,9.306723,1,0.9010832279695316,1.4773279033426658e-32,0.9010832279695316,8.213240892126873e-21,0.09890988921748632,6.882812982028561e-06,8.946691826914636e-18,46.39,35.06,13.69,4.86,1.93,34.21,2.88,3.38,3.03,2.17,E07000040,East Devon,matched_reference,E07000040,East Devon
2021,E07000041,Exeter,2.018035,7.493579,4,0.976620421071869,1.1862310042096109e-07,1.7443992454935696e-05,0.01175884637576398,1.5991425027215206e-08,0.976620421071869,0.011603153945386956,50.87,32.94,11.59,4.59,3.19,18.47,15.84,2.86,3.66,2.35,E07000041,Exeter,matched_reference,E07000041,Exeter
2021,E07000042,Mid Devon,8.810608,9.415143,1,0.9537093807156853,2.6627206964117416e-29,0.9537093807156853,8.955970810991692e-18,0.04623329979438244,5.731948993168244e-05,5.5220075814798e-16,47.16,34.84,13.22,4.78,2.02,26.46,3.24,3.66,3.39,2.18,E07000042,Mid Devon,matched_reference,E07000042,Mid Devon
2021,E07000043,North Devon,8.7716055,8.355109,3,0.5943180473852394,2.7068743277199386e-28,0.40566088126045763,7.796758435397896e-22,0.5943180473852394,2.1071354302934056e-05,2.5833302365010634e-16,46.78,33.62,13.9,5.7,2.4,29.27,3.06,3.83,4.03,2.46,E07000043,North Devon,matched_reference,E07000043,North Devon
2021,E07000044,South Hams,8.524343,9.504625,1,0.9731586483977083,5.069827605748396e-28,0.9731586483977083,2.441030396929739e-16,0.026708850973433503,0.00013250062885485352,3.1117755314482037e-15,49.08,33.18,12.74,5.0,1.9,31.67,3.28,3.49,3.33,2.19,E07000044,South Hams,matched_reference,E07000044,South Hams
2021,E07000045,Teignbridge,9.294319,8.718011,1,0.6427228162825199,1.9850182761271536e-31,0.6427228162825199,1.2053028205819703e-22,0.35727178416025107,5.399557228999317e-06,1.1479649354488313e-17,45.57,34.91,14.11,5.41,2.11,30.64,2.96,3.48,3.55,2.49,E07000045,Teignbridge,matched_reference,E07000045,Teignbridge
2021,E07000046,Torridge,9.140992,7.468997,3,0.978115238631953,2.9684286739108327e-31,0.021884666559135905,1.70968045344447e-28,0.978115238631953,9.48089110638855e-08,4.075663858847122e-19,43.83,34.81,15.35,6.01,2.37,31.96,2.72,3.88,4.46,2.39,E07000046,Torridge,matched_reference,E07000046,Torridge
2021,E07000047,West Devon,9.218998,8.419183,3,0.5856235566763719,5.728724100445445e-31,0.41437280691781414,1.1056854246089054e-23,0.5856235566763719,3.636405813714915e-06,1.0186487137193152e-17,45.55,34.68,14.42,5.34,1.93,31.85,3.35,3.73,3.79,2.87,E07000047,West Devon,matched_reference,E07000047,West Devon
2021,E07000061,Eastbourne,8.650797,7.0701036,3,0.9959690228252954,1.463169635474652e-28,0.004030846102658844,3.0551996981343996e-28,0.9959690228252954,1.3107204559922928e-07,3.3298218970527485e-18,43.23,35.25,15.25,6.28,3.46,28.02,4.31,4.3,5.04,3.05,E07000061,Eastbourne,matched_reference,E07000061,Eastbourne
2021,E07000062,Hastings,7.6489544,6.256989,3,0.9999283169415469,3.168021322716188e-23,7.143904977377755e-05,1.3293077588338355e-27,0.9999283169415469,2.440086791573648e-07,2.6345822667846923e-16,42.2,35.02,15.52,7.27,3.85,22.77,3.8,5.02,6.37,3.45,E07000062,Hastings,matched_reference,E07000062,Hastings
2021,E07000063,Lewes,9.22246,8.315616,3,0.667113233387868,5.098925635134549e-31,0.33288415461190624,3.2567497935754434e-24,0.667113233387868,2.612000226219247e-06,7.32605817272947e-18,45.58,34.77,14.17,5.49,2.76,29.52,3.69,3.95,3.85,2.75,E07000063,Lewes,matched_reference,E07000063,Lewes
2021,E07000064,Rother,9.579282,7.3099747,3,0.9869382541930745,1.8580196995501951e-34,0.013061741295261196,8.188251598897779e-32,0.9869382541930745,4.511664271717022e-09,4.48140137856144e-21,42.27,36.09,15.64,5.99,2.49,35.92,3.13,4.15,3.98,2.6,E07000064,Rother,matched_reference,E07000064,Rother
2021,E07000065,Wealden,8.573304,9.729486,1,0.984964765124717,1.3866490334350408e-28,0.984964765124717,8.875470977646486e-16,0.014926352589782185,0.00010888228549785374,2.1717076407413596e-15,48.22,34.74,12.62,4.43,2.22,29.49,3.34,4.11,2.81,2.26,E07000065,Wealden,matched_reference,E07000065,Wealden
2021,E07000066,Basildon,6.6535325,8.357418,1,0.7872920991740338,1.0747095123033313e-17,0.7872920991740338,1.702642128198438e-12,0.14733156897401,0.06537633120304083,6.472129920929618e-10,48.47,34.22,12.27,5.04,3.34,20.78,3.59,5.54,3.95,2.93,E07000066,Basildon,matched_reference,E07000066,Basildon
2021,E07000067,Braintree,7.339332,8.751808,1,0.9132044104123425,2.295871989798153e-21,0.9132044104123425,4.504261839738624e-14,0.080690140834797,0.006105448746393378,6.422091661297994e-12,47.26,35.65,12.66,4.44,2.81,23.56,3.12,4.43,3.27,2.54,E07000067,Braintree,matched_reference,E07000067,Braintree
2021,E07000068,Brentwood,5.669246,10.0271,1,0.9895784881406053,1.0954742086679694e-19,0.9895784881406053,4.441388507629214e-06,1.890436526764393e-05,0.010398165107121965,9.984974889259262e-10,53.98,31.69,10.57,3.77,2.55,23.74,3.74,4.92,2.29,2.47,E07000068,Brentwood,matched_reference,E07000068,Brentwood
2021,E07000069,Castle Point,9.3422365,8.406595,3,0.6045739010524704,9.86302267824267e-32,0.39542405393007307,2.4039888705250706e-24,0.6045739010524704,2.045017456449166e-06,3.818219869588788e-18,45.68,35.09,13.76,5.47,2.56,29.14,2.94,4.58,3.3,2.38,E07000069,Castle Point,matched_reference,E07000069,Castle Point
2021,E07000070,Chelmsford,6.492911,9.807982,1,0.9925324811767267,5.5453130279007694e-21,0.9925324811767267,1.1435702598039382e-08,0.0003278218952693224,0.007139685421638989,7.066262868223833e-11,51.57,33.82,11.01,3.6,2.7,22.97,3.97,4.29,2.49,2.76,E07000070,Chelmsford,matched_reference,E07000070,Chelmsford
2021,E07000071,Colchester,7.0294423,9.03906,1,0.9721415896731334,1.0189928021385359e-20,0.9721415896731334,3.931934142870482e-12,0.017355115329229547,0.010503294967491852,2.6213273350180193e-11,49.18,34.75,11.89,4.18,3.51,21.01,6.54,4.28,3.32,2.5,E07000071,Colchester,matched_reference,E07000071,Colchester
2021,E07000072,Epping Forest,5.923104,9.349469,1,0.9454434930711412,5.6991525335933926e-18,0.9454434930711412,7.683036005515245e-08,0.0005630351969163319,0.05399339171243101,3.1891512923350362e-09,51.8,32.87,11.23,4.1,3.12,21.83,4.37,5.04,2.69,3.09,E07000072,Epping Forest,matched_reference,E07000072,Epping Forest
2021,E07000073,Harlow,6.6348305,8.2338295,1,0.7002143074759115,2.2589871767253623e-17,0.7002143074759115,8.940362503833283e-13,0.22607383782980023,0.07371185388012769,8.132666988957296e-10,47.74,34.4,12.76,5.09,3.89,17.16,3.67,5.16,3.97,3.25,E07000073,Harlow,matched_reference,E07000073,Harlow
2021,E07000074,Maldon,9.211418,9.26487,1,0.904932551931868,2.956478460524618e-31,0.904932551931868,5.367341326841389e-20,0.09505279977581846,1.4648292313446414e-05,3.97047988468602e-17,46.68,35.45,13.11,4.77,2.39,28.42,3.06,4.64,2.87,2.23,E07000074,Maldon,matched_reference,E07000074,Maldon
2021,E07000075,Rochford,8.276736,9.92613,1,0.9940078761559379,1.3431893227658724e-27,0.9940078761559379,4.3742713103973346e-14,0.005789617500224554,0.00020250634378375318,9.951624391079006e-15,48.87,34.52,12.36,4.24,2.58,27.78,3.19,4.33,2.36,2.25,E07000075,Rochford,matched_reference,E07000075,Rochford
2021,E07000076,Tendring,8.544052,6.5141287,3,0.9996984649081667,1.146501614063181e-28,0.0003015259485566785,4.884809678622515e-31,0.9996984649081667,9.143276521983293e-09,4.1169701590957346e-19,39.44,35.62,17.17,7.77,3.08,34.2,2.9,4.92,5.38,2.84,E07000076,Tendring,matched_reference,E07000076,Tendring
2021,E07000077,Uttlesford,5.8201613,10.323613,1,0.996481888442813,4.5298297609276215e-21,0.996481888442813,4.950153040637556e-06,9.0507520029816e-06,0.003504110449223103,2.0292006468638498e-10,54.0,32.73,10.05,3.22,2.35,22.93,3.87,4.53,1.94,2.15,E07000077,Uttlesford,matched_reference,E07000077,Uttlesford
2021,E07000078,Cheltenham,7.244188,9.855734,1,0.9968692640070181,1.7465127582241036e-23,0.9968692640070181,7.59732163563333e-11,0.0012848213508359662,0.001845914564154668,2.0180627851711497e-12,50.69,33.6,11.68,4.03,2.76,22.54,5.43,3.62,3.08,2.47,E07000078,Cheltenham,matched_reference,E07000078,Cheltenham
2021,E07000079,Cotswold,7.571567,10.334319,1,0.9989835051872977,8.856981585899686e-26,0.9989835051872977,1.1191379037992206e-10,0.0005371122923073908,0.0004793824082918095,1.8886255458842101e-13,50.4,34.17,11.62,3.8,2.06,28.26,3.62,3.99,2.16,2.14,E07000079,Cotswold,matched_reference,E07000079,Cotswold
2021,E07000080,Forest of Dean,9.272022,8.008805,3,0.854681332191438,1.6067354050469395e-31,0.14531800810168752,4.4097061924105317e-26,0.854681332191438,6.597068745453242e-07,1.639600964027593e-18,44.81,35.52,14.2,5.46,2.45,28.12,4.18,4.05,4.05,2.4,E07000080,Forest of Dean,matched_reference,E07000080,Forest of Dean
2021,E07000081,Gloucester,7.2691364,8.56919,1,0.8473432491959372,1.022939101754932e-20,0.8473432491959372,2.4683772795625783e-14,0.14422564326104556,0.00843110753136022,1.163232495807748e-11,46.73,35.29,13.03,4.94,3.12,19.76,4.42,4.1,4.26,2.98,E07000081,Gloucester,matched_reference,E07000081,Gloucester
2021,E07000082,Stroud,8.2792015,10.021023,1,0.9953548114487654,8.829106456090336e-28,0.9953548114487654,8.322154640178339e-14,0.004457900189236609,0.00018728836190581985,9.101071606736074e-15,48.63,34.73,12.49,4.15,2.11,26.59,3.26,3.2,2.88,2.14,E07000082,Stroud,matched_reference,E07000082,Stroud
2021,E07000083,Tewkesbury,7.694113,10.254609,1,0.9986976816369397,5.168535179355727e-26,0.9986976816369397,2.993503199610921e-11,0.0008569374860100888,0.0004453808469920764,1.2308187025133787e-13,49.78,34.3,12.0,3.92,2.2,26.35,3.14,3.5,2.61,2.05,E07000083,Tewkesbury,matched_reference,E07000083,Tewkesbury
2021,E07000084,Basingstoke and Deane,6.901515,9.901865,1,0.9963790274436012,1.7699394612749616e-22,0.9963790274436012,1.1036925527597065e-09,0.0005578250129619712,0.003063146430670836,9.0736081515701e-12,50.12,34.98,11.22,3.68,2.76,20.39,2.98,4.06,2.67,2.4,E07000084,Basingstoke and Deane,matched_reference,E07000084,Basingstoke and Deane
2021,E07000085,East Hampshire,7.2456026,10.369036,1,0.9990296216143587,8.1623090560159025e-25,0.9990296216143587,1.1991417016298035e-09,0.00024857392536335244,0.0007218032604038591,7.327382856226976e-13,50.76,34.31,11.35,3.58,2.3,26.23,3.6,3.94,2.39,2.08,E07000085,East Hampshire,matched_reference,E07000085,East Hampshire
2021,E07000086,Eastleigh,7.625829,10.157673,1,0.9984179188429042,1.5136999835347204e-25,0.9984179188429042,2.7360335193173433e-11,0.0010043632549411859,0.0005777178745973163,1.9684493845557467e-13,49.82,34.74,11.65,3.79,2.45,23.43,3.02,3.48,2.61,2.01,E07000086,Eastleigh,matched_reference,E07000086,Eastleigh
2021,E07000087,Fareham,9.050612,9.9051,1,0.983595710828421,4.321551407622203e-31,0.983595710828421,5.72494499620696e-17,0.01637439942270579,2.988974887317996e-05,1.3545726176511837e-16,48.19,35.38,12.39,4.03,2.16,29.34,2.91,3.15,2.39,1.89,E07000087,Fareham,matched_reference,E07000087,Fareham
2021,E07000088,Gosport,9.40257,7.2780185,3,0.989083993830946,2.7516192552638894e-33,0.010915996987434744,4.749316823140264e-31,0.989083993830946,9.181619085080529e-09,1.688311775999418e-20,43.32,36.4,14.81,5.47,3.1,25.37,3.17,4.23,4.23,2.64,E07000088,Gosport,matched_reference,E07000088,Gosport
2021,E07000089,Hart,5.8582478,10.347423,1,0.9968293432334496,3.121657146706957e-21,0.9968293432334496,4.349068949773689e-06,9.191709671562991e-06,0.003157115824417685,1.6351112111727757e-10,54.88,32.9,9.4,2.82,2.45,23.64,3.48,4.05,1.64,1.94,E07000089,Hart,matched_reference,E07000089,Hart
2021,E07000090,Havant,9.364701,7.4954805,3,0.9751089480296934,1.0366115442470921e-32,0.024891015857307224,1.588758063599105e-29,0.9751089480296934,3.611299959945988e-08,7.209299539979716e-20,44.3,35.57,14.51,5.61,2.9,28.28,2.83,4.36,4.33,2.5,E07000090,Havant,matched_reference,E07000090,Havant
2021,E07000091,New Forest,9.486631,9.327818,1,0.903368958384568,7.824074419436626e-33,0.903368958384568,6.3004924914688495e-21,0.09662507124152069,5.9703739117576205e-06,6.6836694604031696e-18,46.12,35.51,13.58,4.79,2.07,33.44,2.76,3.65,2.96,2.21,E07000091,New Forest,matched_reference,E07000091,New Forest
2021,E07000092,Rushmoor,6.766207,9.031043,1,0.9682612495243863,1.0236538958397189e-19,0.9682612495243863,3.223461553609023e-11,0.011569127163441505,0.020169623168522468,1.1141495675870308e-10,49.55,34.9,11.8,3.75,3.13,17.16,3.26,4.3,3.01,3.59,E07000092,Rushmoor,matched_reference,E07000092,Rushmoor
2021,E07000093,Test Valley,7.4292254,10.2514715,1,0.9987948350220741,4.242820912614601e-25,0.9987948350220741,1.8585205784320057e-10,0.0005185866588266109,0.0006865781328335176,4.1336711064014607e-13,50.34,34.36,11.44,3.85,2.16,24.66,2.99,3.7,2.67,2.12,E07000093,Test Valley,matched_reference,E07000093,Test Valley
2021,E07000094,Winchester,6.1778083,10.420246,1,0.9979965174928732,3.7286204120772207e-22,0.9979965174928732,9.65977849506289e-07,1.662516652352248e-05,0.0019858913211526163,4.160120144642556e-11,53.24,32.95,10.39,3.43,2.59,24.09,7.16,3.76,2.28,2.3,E07000094,Winchester,matched_reference,E07000094,Winchester
2021,E07000095,Broxbourne,6.198811,8.9394655,1,0.9108722969456327,1.532698398510985e-17,0.9108722969456327,1.7062710784839856e-09,0.005767996558432691,0.08335970221758034,2.5720830891518276e-09,50.13,33.76,11.74,4.38,3.35,20.36,4.06,5.08,3.18,3.16,E07000095,Broxbourne,matched_reference,E07000095,Broxbourne
2021,E07000096,Dacorum,6.0028014,9.482386,1,0.9657103001183063,1.30691561984307e-18,0.9657103001183063,7.693264546006113e-08,0.00039082594873851985,0.033898795482423784,1.5178858426578081e-09,51.98,33.06,11.07,3.89,2.9,20.49,3.78,4.44,2.93,3.1,E07000096,Dacorum,matched_reference,E07000096,Dacorum
2021,E07000098,Hertsmere,5.6015553,9.582713,1,0.9551792170026999,5.961032283897813e-18,0.9551792170026999,1.5218144261096662e-06,9.752555519831993e-05,0.04472172956609224,6.061583384403583e-09,53.47,31.89,10.76,3.88,3.2,19.34,5.5,4.77,2.95,3.02,E07000098,Hertsmere,matched_reference,E07000098,Hertsmere
2021,E07000099,North Hertfordshire,7.0876985,10.078013,1,0.9979461015601135,1.525402854763475e-23,0.9979461015601135,7.551644229877124e-10,0.0004499021081654387,0.0016039955738797356,2.67669819641627e-12,50.59,34.02,11.53,3.86,2.64,22.64,3.45,3.9,2.86,2.17,E07000099,North Hertfordshire,matched_reference,E07000099,North Hertfordshire
2021,E07000102,Three Rivers,5.6807203,10.103381,1,0.9919522938761953,5.466453143634129e-20,0.9919522938761953,5.302564452785214e-06,1.4421503138564079e-05,0.008027981327178036,7.29035568441858e-10,53.67,32.37,10.44,3.51,2.86,20.66,4.66,4.53,2.32,2.38,E07000102,Three Rivers,matched_reference,E07000102,Three Rivers
2021,E07000103,Watford,5.445765,8.964981,1,0.7205166795938038,1.6073759091935361e-15,0.7205166795938038,3.962646690466597e-07,0.0008439099573019584,0.27863893773595744,7.644826602015096e-08,52.38,33.52,10.37,3.73,3.81,14.61,4.86,5.31,2.72,3.4,E07000103,Watford,matched_reference,E07000103,Watford
2021,E07000105,Ashford,6.71969,8.609798,1,0.8982267884213523,1.6251292418823804e-18,0.8982267884213523,4.4351396209793055e-12,0.059710297362418695,0.04206291390308835,3.0870589831084787e-10,48.46,34.49,12.47,4.58,2.87,22.54,3.68,5.09,3.41,2.83,E07000105,Ashford,matched_reference,E07000105,Ashford
2021,E07000106,Canterbury,2.323915,7.243617,4,0.9926690750671896,5.247874035483183e-07,8.157567430953182e-06,0.0007621331290425956,1.1493536223203542e-07,0.9926690750671896,0.006559994513570884,47.03,34.68,13.19,5.1,3.94,24.81,11.39,3.94,3.71,2.37,E07000106,Canterbury,matched_reference,E07000106,Canterbury
2021,E07000107,Dartford,5.690085,9.300674,1,0.9121419606890723,3.3203184130250686e-17,0.9121419606890723,3.044248929439571e-07,0.0003965068862078676,0.08746121771617803,1.0283649259712293e-08,52.36,33.13,10.75,3.76,3.31,17.06,4.19,4.93,2.85,2.82,E07000107,Dartford,matched_reference,E07000107,Dartford
2021,E07000108,Dover,8.632359,7.1413174,3,0.994488651214367,2.378961766757677e-28,0.005511136679356583,1.0148135953917511e-27,0.994488651214367,2.1210627627004726e-07,5.601399382203041e-18,44.2,34.97,14.63,6.19,3.18,27.96,3.61,4.55,4.81,2.91,E07000108,Dover,matched_reference,E07000108,Dover
2021,E07000109,Gravesham,6.486229,8.307475,1,0.750878715501951,6.271794286941428e-17,0.750878715501951,5.490102126212676e-12,0.13873428530154977,0.11038699733082308,1.8601859818522704e-09,48.66,34.07,12.43,4.85,3.84,20.59,4.22,5.53,3.67,3.31,E07000109,Gravesham,matched_reference,E07000109,Gravesham
2021,E07000110,Maidstone,6.633243,9.035807,1,0.9638254626374998,2.961883956777346e-19,0.9638254626374998,9.551434107601915e-11,0.008964495096957875,0.027210041946671225,2.2335691406669933e-10,49.77,34.01,11.96,4.26,2.71,22.26,3.53,4.69,3.15,2.86,E07000110,Maidstone,matched_reference,E07000110,Maidstone
2021,E07000111,Sevenoaks,5.8370433,10.065857,1,0.9920991171949138,3.527753270334593e-20,0.9920991171949138,1.9203653228457667e-06,2.529145097053291e-05,0.007873670520960519,4.67832296844288e-10,52.62,32.3,11.12,3.96,2.43,25.01,3.95,5.33,2.52,2.39,E07000111,Sevenoaks,matched_reference,E07000111,Sevenoaks
2021,E07000112,Folkestone and Hythe,8.577956,6.957094,3,0.9975818092281102,3.0818073784022418e-28,0.0024180889920847885,1.6006322485813614e-28,0.9975818092281102,1.0177980500829422e-07,3.442697888969709e-18,43.19,35.01,15.31,6.49,3.22,28.62,3.28,4.65,4.96,3.04,E07000112,Shepway,matched_reference,E07000112,Shepway
2021,E07000113,Swale,7.065118,7.406794,3,0.9637283478330189,6.829221018631252e-19,0.034454669315249146,3.62983709817829e-18,0.9637283478330189,0.0018169828442200448,7.51230716388474e-12,45.47,34.77,14.07,5.69,3.21,22.53,3.5,5.52,4.49,4.03,E07000113,Swale,matched_reference,E07000113,Swale
2021,E07000114,Thanet,8.023625,6.331503,3,0.9998912826280334,1.6312415124677672e-25,0.000108667492237745,3.0288236456463704e-29,0.9998912826280334,4.9879728947520754e-08,1.4508581695728038e-17,41.97,35.04,15.75,7.24,3.59,27.89,3.6,5.13,5.39,3.12,E07000114,Thanet,matched_reference,E07000114,Thanet
2021,E07000115,Tonbridge and Malling,6.0584273,10.022689,1,0.9927976137543577,1.5704676077921385e-20,0.9927976137543577,4.434225373055065e-07,5.255250688733933e-05,0.007149390085266404,2.309515689468078e-10,51.36,33.32,11.32,4.0,2.43,22.89,3.9,4.74,2.8,2.18,E07000115,Tonbridge and Malling,matched_reference,E07000115,Tonbridge and Malling
2021,E07000116,Tunbridge Wells,5.8377256,9.905951,1,0.9871070583659577,1.2814491848289097e-19,0.9871070583659577,1.0997320065973694e-06,4.744632743642538e-05,0.012844394774790612,7.998089000133339e-10,52.76,32.53,10.91,3.8,2.58,22.46,4.26,4.92,2.85,2.43,E07000116,Tunbridge Wells,matched_reference,E07000116,Tunbridge Wells
2021,E07000117,Burnley,6.890332,6.3204393,3,0.9998616641915259,1.414248711235309e-18,0.00011705539453870835,4.5410248176410604e-23,0.9998616641915259,2.1280413655444113e-05,2.801983117519322e-13,45.06,33.36,14.59,6.99,3.59,21.68,4.69,6.2,6.71,3.9,E07000117,Burnley,matched_reference,E07000117,Burnley
2021,E07000118,Chorley,8.256364,8.780391,1,0.8179818991963075,9.918828020997268e-26,0.8179818991963075,9.671036203407097e-18,0.18171539835558148,0.0003027024480932533,1.8028411364782623e-14,48.7,33.22,12.91,5.18,2.35,24.77,3.11,3.16,3.93,3.29,E07000118,Chorley,matched_reference,E07000118,Chorley
2021,E07000119,Fylde,9.064933,8.435316,3,0.5584432916754077,4.951295331372811e-30,0.44154931002055703,7.334554169533514e-23,0.5584432916754077,7.398304035348314e-06,3.4327643568511955e-17,45.99,33.7,14.52,5.79,2.34,33.23,3.17,3.08,3.88,2.72,E07000119,Fylde,matched_reference,E07000119,Fylde
2021,E07000120,Hyndburn,7.4241405,6.2829995,3,0.9999156142912293,8.500249152698997e-22,8.34215780103842e-05,3.340885799327722e-26,0.9999156142912293,9.641307581071859e-07,2.1902616529596195e-15,43.92,34.3,14.77,7.0,3.38,22.37,4.65,5.43,6.43,3.46,E07000120,Hyndburn,matched_reference,E07000120,Hyndburn
2021,E07000121,Lancaster,2.316964,7.265577,4,0.9925683550033564,4.5626327397346357e-07,8.987197260876301e-06,0.0008815236317118077,1.0571732256876069e-07,0.9925683550033564,0.00654057218707422,46.49,34.18,13.73,5.6,2.83,23.94,10.71,3.31,4.33,2.72,E07000121,Lancaster,matched_reference,E07000121,Lancaster
2021,E07000122,Pendle,6.171819,6.4469414,3,0.997721871445573,1.635056755581061e-14,0.0003659683374296528,1.4851871645075357e-18,0.997721871445573,0.0019121599747823044,2.4219880855517725e-10,46.73,33.68,13.77,5.82,3.17,22.21,5.12,7.42,5.21,4.19,E07000122,Pendle,matched_reference,E07000122,Pendle
2021,E07000123,Preston,2.962878,6.637338,4,0.9979872470536255,8.668760772901494e-06,2.348677443440294e-06,1.0698540239681969e-06,1.4561925135984816e-05,0.9979872470536255,0.001986103728998426,48.42,33.09,12.91,5.57,3.84,17.95,7.92,5.37,5.16,3.61,E07000123,Preston,matched_reference,E07000123,Preston
2021,E07000124,Ribble Valley,7.166304,10.484168,1,0.9992198168278986,6.892657558395756e-25,0.9992198168278986,3.605642184105102e-09,0.0001476175562709237,0.0006325620093904287,7.976563534385636e-13,52.57,32.1,11.56,3.77,1.68,28.95,3.52,2.41,2.46,1.93,E07000124,Ribble Valley,matched_reference,E07000124,Ribble Valley
2021,E07000125,Rossendale,7.7106056,7.2734904,3,0.9876703719164394,1.4603853348401747e-22,0.012287456022714638,3.948155989846482e-22,0.9876703719164394,4.217206082294145e-05,2.2827476429129246e-14,47.0,33.24,13.65,6.12,2.73,23.28,4.03,4.08,5.1,2.99,E07000125,Rossendale,matched_reference,E07000125,Rossendale
2021,E07000126,South Ribble,8.621797,9.249602,1,0.937879972423265,3.7780847294716515e-28,0.937879972423265,1.3432297068755718e-17,0.06201925172365427,0.00010077585307878467,1.778680450096439e-15,47.89,34.06,13.09,4.96,2.24,26.39,3.16,2.81,3.6,2.02,E07000126,South Ribble,matched_reference,E07000126,South Ribble
2021,E07000127,West Lancashire,8.036474,8.472222,1,0.6360923023763427,2.7934151359639686e-24,0.6360923023763427,6.227266939873573e-18,0.3633727574406328,0.0005349401829560373,6.828260147123054e-14,48.08,33.14,13.12,5.66,3.03,25.14,7.48,3.43,4.1,2.36,E07000127,West Lancashire,matched_reference,E07000127,West Lancashire
2021,E07000128,Wyre,8.714871,7.056405,3,0.9961875158089024,5.357309921716084e-29,0.003812396562291266,1.1410723210400283e-28,0.9961875158089024,8.762880640160419e-08,1.7992155862943008e-18,44.33,33.28,15.48,6.92,2.62,32.75,3.49,3.25,4.84,2.35,E07000128,Wyre,matched_reference,E07000128,Wyre
2021,E07000129,Blaby,7.86548,10.062438,1,0.9975354037543369,3.2550765318987137e-26,0.9975354037543369,2.6418824667760365e-12,0.002042022729802599,0.0004225735131476641,7.118530426965508e-14,49.04,34.49,12.28,4.2,2.47,24.7,3.43,3.25,2.59,2.07,E07000129,Blaby,matched_reference,E07000129,Blaby
2021,E07000130,Charnwood,2.1651783,7.485209,4,0.9864946125333228,1.1655483882293658e-07,2.1238950098099e-05,0.005566020183785833,3.2377409645436334e-08,0.9864946125333228,0.007917979400544643,49.06,34.58,12.15,4.22,2.85,22.1,10.9,3.4,3.08,2.27,E07000130,Charnwood,matched_reference,E07000130,Charnwood
2021,E07000131,Harborough,7.267119,10.40049,1,0.999104028616009,5.776076499377736e-25,0.999104028616009,1.2290472937328681e-09,0.00023655224718467698,0.0006594179071324732,6.269342762144486e-13,51.5,33.51,11.28,3.7,1.92,25.7,3.88,3.18,2.25,2.42,E07000131,Harborough,matched_reference,E07000131,Harborough
2021,E07000132,Hinckley and Bosworth,9.016197,9.469869,1,0.9519338653500731,2.062045379698622e-30,0.9519338653500731,2.092301599011648e-18,0.04803533958762523,3.079506230195426e-05,1.5480112759224655e-16,46.56,35.55,13.17,4.72,2.19,26.64,3.23,3.22,3.1,2.11,E07000132,Hinckley and Bosworth,matched_reference,E07000132,Hinckley and Bosworth
2021,E07000133,Melton,8.790868,9.852987,1,0.9860383682723981,8.881005106566683e-30,0.9860383682723981,3.561260131619539e-16,0.013901942605078542,5.968912252274189e-05,6.058725948322588e-16,47.82,35.14,13.06,3.98,2.1,27.13,3.2,3.66,2.56,2.05,E07000133,Melton,matched_reference,E07000133,Melton
2021,E07000134,North West Leicestershire,8.772424,9.392745,1,0.9524642431840463,4.410954686049961e-29,0.9524642431840463,1.0611498739931289e-17,0.047471525772482016,6.423104347085527e-05,6.985966668986022e-16,46.97,35.19,13.03,4.81,2.37,24.17,4.09,3.68,3.29,2.1,E07000134,North West Leicestershire,matched_reference,E07000134,North West Leicestershire
2021,E07000135,Oadby and Wigston,7.644331,8.646578,1,0.8346932981476258,1.4763583819601054e-22,0.8346932981476258,1.2588705906303486e-15,0.16289613347952636,0.0024105683718336312,1.0130980511429993e-12,46.01,35.92,13.27,4.8,3.08,24.87,7.02,4.19,3.19,2.61,E07000135,Oadby and Wigston,matched_reference,E07000135,Oadby and Wigston
2021,E07000136,Boston,9.42211,7.2120776,3,0.9915266424353426,1.5890096773354634e-33,0.00847335182675902,1.456018043684215e-31,0.9915266424353426,5.737898494496705e-09,1.0016179021573958e-20,42.19,37.05,14.96,5.8,2.83,23.74,3.37,4.17,4.4,3.09,E07000136,Boston,matched_reference,E07000136,Boston
2021,E07000137,East Lindsey,8.517768,6.4719224,3,0.999756116145707,1.4722087707284445e-28,0.00024387571803757862,3.7489834287398917e-31,0.999756116145707,8.136255355892258e-09,4.081438575692838e-19,37.9,35.7,18.24,8.17,2.89,34.98,2.82,4.9,5.77,2.86,E07000137,East Lindsey,matched_reference,E07000137,East Lindsey
2021,E07000138,Lincoln,2.2419872,6.4930806,4,0.9818453320714632,8.350572488663331e-05,1.7534130743793505e-07,2.6260396670791767e-05,5.872958014934552e-07,0.9818453320714632,0.01804413916987021,43.82,36.81,13.91,5.46,4.45,16.73,13.12,4.16,4.75,3.14,E07000138,Lincoln,matched_reference,E07000138,Lincoln
2021,E07000139,North Kesteven,9.221813,9.374874,1,0.9275797584938178,2.0941254069331157e-31,0.9275797584938178,1.299709035197736e-19,0.0724050044024715,1.5237103710839753e-05,3.989583719375579e-17,46.28,35.42,13.44,4.85,2.13,27.83,3.24,3.57,3.22,1.98,E07000139,North Kesteven,matched_reference,E07000139,North Kesteven
2021,E07000140,South Holland,9.604603,7.2064157,3,0.9911351941786127,8.330289912543637e-35,0.008864803621205229,1.3440407221446306e-32,0.9911351941786127,2.20018212210718e-09,2.046299451755955e-21,41.41,37.72,15.19,5.68,2.5,27.35,2.64,4.36,3.63,2.26,E07000140,South Holland,matched_reference,E07000140,South Holland
2021,E07000141,South Kesteven,9.231751,9.307477,1,0.9134930060005637,2.1110975316595396e-31,0.9134930060005637,6.45598177921186e-20,0.0864928988494761,1.4095149960287914e-05,3.577331534050153e-17,46.0,35.69,13.54,4.77,2.53,27.17,3.33,3.83,3.12,2.22,E07000141,South Kesteven,matched_reference,E07000141,South Kesteven
2021,E07000142,West Lindsey,9.483666,7.408023,3,0.9816146611953408,1.2072683409540758e-33,0.0183853262731204,1.0825693267196378e-30,0.9816146611953408,1.2531538959914528e-08,1.6954116588455386e-20,43.82,35.92,14.66,5.6,2.55,29.81,3.38,4.27,4.42,2.3,E07000142,West Lindsey,matched_reference,E07000142,West Lindsey
2021,E07000143,Breckland,9.548091,7.226733,3,0.990619567165837,2.240341461732159e-34,0.009380429540407218,3.677097279179687e-32,0.990619567165837,3.2937554648105462e-09,3.7090185575533026e-21,42.56,37.05,14.94,5.46,2.38,28.54,2.67,4.15,3.75,2.82,E07000143,Breckland,matched_reference,E07000143,Breckland
2021,E07000144,Broadland,9.393032,9.371486,1,0.9178733059092226,2.4365535139071504e-32,0.9178733059092226,2.381123117214501e-20,0.08211813246053434,8.561630242700105e-06,1.2959322771750364e-17,45.07,36.44,13.9,4.59,2.03,29.92,2.89,3.42,3.15,1.95,E07000144,Broadland,matched_reference,E07000144,Broadland
2021,E07000145,Great Yarmouth,7.9263763,6.307088,3,0.999905326959013,6.38609053256003e-25,9.460009347340421e-05,7.534543992307555e-29,0.999905326959013,7.294751342590141e-08,2.9918486910933886e-17,40.19,35.92,16.64,7.25,4.03,27.67,3.5,5.55,6.09,3.42,E07000145,Great Yarmouth,matched_reference,E07000145,Great Yarmouth
2021,E07000146,King's Lynn and West Norfolk,9.551536,7.1619353,3,0.9927066480860469,1.6503631116797573e-34,0.00729334968560003,1.3831927923450124e-32,0.9927066480860469,2.228353189102011e-09,2.5155723911584113e-21,41.74,36.91,15.41,5.94,2.47,29.89,2.68,4.43,4.26,2.57,E07000146,King's Lynn and West Norfolk,matched_reference,E07000146,King's Lynn and West Norfolk
2021,E07000147,North Norfolk,9.452167,7.002075,3,0.9963163414576187,4.35962476086044e-34,0.0036836570918542286,4.809529198834454e-33,0.9963163414576187,1.4505273389156902e-09,2.4024392207330032e-21,39.35,37.61,17.01,6.03,2.2,37.29,2.6,4.19,4.16,2.84,E07000147,North Norfolk,matched_reference,E07000147,North Norfolk
2021,E07000148,Norwich,2.1878076,6.4510403,4,0.9778841330151575,0.00011848053690571833,1.2442836864926832e-07,2.8378476957007226e-05,5.063231283708227e-07,0.9778841330151575,0.021968377219482946,43.94,36.29,14.14,5.64,4.42,16.68,11.63,4.34,5.17,3.34,E07000148,Norwich,matched_reference,E07000148,Norwich
2021,E07000149,South Norfolk,9.234185,9.576089,1,0.9559152428464746,1.1721996853710458e-31,0.9559152428464746,6.792499391628379e-19,0.044068469266847314,1.628788667792535e-05,4.1057652715143254e-17,47.02,35.46,13.17,4.34,2.0,28.37,3.3,3.59,3.0,1.94,E07000149,South Norfolk,matched_reference,E07000149,South Norfolk
2021,E07000163,Craven,9.178817,9.863677,1,0.9792665064475361,1.1244252270573692e-31,0.9792665064475361,1.3152370372651982e-17,0.020712541048441967,2.0952504021899373e-05,6.348788015436373e-17,47.82,35.1,12.83,4.24,1.68,31.77,2.93,2.86,2.62,1.95,E07000163,Craven,matched_reference,E07000163,Craven
2021,E07000164,Hambleton,9.163728,9.827251,1,0.9777045145293897,1.4714394936097641e-31,0.9777045145293897,1.1079828753559494e-17,0.02227377413243449,2.1711338175705313e-05,6.886568269624966e-17,47.63,35.23,12.73,4.42,1.73,30.98,2.95,3.25,2.61,2.09,E07000164,Hambleton,matched_reference,E07000164,Hambleton
2021,E07000165,Harrogate,7.3420577,10.410464,1,0.999146054976085,3.179520334871592e-25,0.999146054976085,7.94454938139697e-10,0.00026907280492789666,0.000584871424084776,4.4709706242569314e-13,50.96,33.51,11.67,3.87,1.92,26.86,4.2,3.37,2.62,2.14,E07000165,Harrogate,matched_reference,E07000165,Harrogate
2021,E07000166,Richmondshire,7.69502,10.12197,1,0.9981930884476687,1.0335934991654527e-25,0.9981930884476687,1.3422500218720359e-11,0.0012687385486710495,0.0005381729900877933,1.4987518871730582e-13,49.95,33.88,12.17,4.0,2.04,27.1,2.78,3.41,2.38,3.17,E07000166,Richmondshire,matched_reference,E07000166,Richmondshire
2021,E07000167,Ryedale,9.425686,9.457459,1,0.9318595607244364,1.384046460372365e-32,0.9318595607244364,3.801750728074677e-20,0.06813223813816327,8.201137399951295e-06,1.1198788552781247e-17,45.92,35.62,13.82,4.63,1.75,30.61,3.04,3.63,2.78,2.16,E07000167,Ryedale,matched_reference,E07000167,Ryedale
2021,E07000168,Scarborough,9.184193,6.9253554,3,0.9975988037029462,2.370693632902235e-32,0.00240119260936089,4.8482836093162644e-32,0.9975988037029462,3.687692926322058e-09,1.5788542755122724e-20,41.32,35.94,15.91,6.83,2.63,31.62,3.17,3.89,5.19,2.97,E07000168,Scarborough,matched_reference,E07000168,Scarborough
2021,E07000169,Selby,8.037122,10.079099,1,0.9971129584427442,6.522011744186796e-27,0.9971129584427442,8.04942434263357e-13,0.0025918135734404575,0.00029522798298080305,2.970849531445156e-14,48.75,34.56,12.34,4.35,2.27,25.34,3.11,3.39,2.84,1.91,E07000169,Selby,matched_reference,E07000169,Selby
2021,E07000170,Ashfield,8.141665,6.2486486,3,0.9999278532975078,2.070270855057204e-26,7.21309141197563e-05,2.034735470560466e-30,0.9999278532975078,1.57883724575833e-08,3.192856429195567e-18,42.4,34.74,15.77,7.09,3.02,23.91,3.18,4.73,5.7,2.65,E07000170,Ashfield,matched_reference,E07000170,Ashfield
2021,E07000171,Bassetlaw,8.741413,7.3837852,3,0.9845420466803648,9.285944165921069e-29,0.015457513058423777,7.023641521893438e-27,0.9845420466803648,4.4026121149251075e-07,7.46703950555789e-18,43.87,34.75,15.16,6.22,2.43,26.17,2.96,3.96,4.72,3.35,E07000171,Bassetlaw,matched_reference,E07000171,Bassetlaw
2021,E07000172,Broxtowe,8.733352,8.530502,1,0.5644654555081263,4.1620255905355e-28,0.5644654555081263,7.337391502000203e-21,0.43549765145884584,3.689303302703671e-05,4.975649751954474e-16,46.27,34.62,13.95,5.16,2.7,25.94,5.87,3.53,3.66,2.2,E07000172,Broxtowe,matched_reference,E07000172,Broxtowe
2021,E07000173,Gedling,8.996717,8.471871,3,0.5203046187826719,1.264326711557856e-29,0.47968451928352535,2.3089742847969284e-22,0.5203046187826719,1.0861933802996811e-05,6.270868554593987e-17,46.03,34.84,13.8,5.33,2.59,25.71,3.68,3.44,3.93,2.41,E07000173,Gedling,matched_reference,E07000173,Gedling
2021,E07000174,Mansfield,8.200871,6.1640706,3,0.9999528478952231,6.136035375735062e-27,4.714538874767451e-05,2.7939277296128724e-31,0.9999528478952231,6.71602921978252e-09,1.1546411335732401e-18,42.65,34.4,15.66,7.29,2.79,23.59,3.0,4.57,6.17,2.93,E07000174,Mansfield,matched_reference,E07000174,Mansfield
2021,E07000175,Newark and Sherwood,9.067835,7.8275285,3,0.9177984965997241,2.239890193973905e-30,0.0822007237236312,4.811863598910612e-26,0.9177984965997241,7.79676644862413e-07,3.965362219004601e-18,44.69,35.03,14.48,5.79,2.4,26.64,3.71,4.07,4.22,2.94,E07000175,Newark and Sherwood,matched_reference,E07000175,Newark and Sherwood
2021,E07000176,Rushcliffe,6.919876,10.508423,1,0.9991294758412668,2.9349845219099588e-24,0.9991294758412668,1.8605969402191365e-08,7.819978813663342e-05,0.0007923057626094966,2.0174364447067573e-12,53.1,32.03,11.0,3.87,2.19,26.14,5.79,2.99,2.3,2.29,E07000176,Rushcliffe,matched_reference,E07000176,Rushcliffe
2021,E07000177,Cherwell,6.923418,9.8173485,1,0.9957163642582901,2.565890062308514e-22,0.9957163642582901,6.168495039199883e-10,0.0007850909169351768,0.00349854419803638,9.888680500007157e-12,50.78,34.34,11.16,3.72,2.47,19.86,3.32,3.9,2.64,2.73,E07000177,Cherwell,matched_reference,E07000177,Cherwell
2021,E07000178,Oxford,2.0779045,7.845531,4,0.9459226095535012,9.618045115670836e-09,0.00012675453606611438,0.047199388392783995,1.1160192564547367e-08,0.9459226095535012,0.006751226739410661,54.78,32.19,9.69,3.34,3.18,12.0,21.81,3.84,2.63,2.91,E07000178,Oxford,matched_reference,E07000178,Oxford
2021,E07000179,South Oxfordshire,6.170809,10.428991,1,0.9980380758167988,3.6041741493376943e-22,0.9980380758167988,1.03697312194422e-06,1.5827915104658977e-05,0.001945059253504191,4.146998527718184e-11,53.42,33.0,10.34,3.25,2.19,23.08,3.66,3.84,2.02,2.26,E07000179,South Oxfordshire,matched_reference,E07000179,South Oxfordshire
2021,E07000180,Vale of White Horse,6.5483313,10.421385,1,0.9985245048130452,5.033285181477155e-23,0.9985245048130452,1.1622009005719716e-07,4.2480725729080583e-05,0.0014328982305276737,1.0607861598610554e-11,52.35,33.62,10.79,3.24,2.15,22.83,3.95,3.73,2.16,2.14,E07000180,Vale of White Horse,matched_reference,E07000180,Vale of White Horse
2021,E07000181,West Oxfordshire,7.125093,10.449787,1,0.9991356931048131,1.1340750495631394e-24,0.9991356931048131,3.933247504417332e-09,0.00014953891239724614,0.0007147640485237743,1.0184273682233128e-12,51.26,33.99,11.18,3.57,2.01,23.99,3.19,3.72,2.17,2.11,E07000181,West Oxfordshire,matched_reference,E07000181,West Oxfordshire
2021,E07000187,Mendip,8.642017,9.485556,1,0.9678351074371413,1.4724410664667332e-28,0.9678351074371413,7.352798670177168e-17,0.03206997955279276,9.491301006430745e-05,1.5461396019393968e-15,47.72,34.52,13.06,4.7,2.28,26.52,3.86,3.78,3.31,2.3,E07000187,Mendip,matched_reference,E07000187,Mendip
2021,E07000188,Sedgemoor,9.358213,7.870826,3,0.9064965964143926,3.2887261495681205e-32,0.09350316441961233,2.694937878472749e-27,0.9064965964143926,2.3916599537110686e-07,4.550677212700223e-19,44.62,35.61,14.17,5.6,2.44,27.19,2.81,4.06,4.03,2.48,E07000188,Sedgemoor,matched_reference,E07000188,Sedgemoor
2021,E07000189,South Somerset,9.383238,9.129644,1,0.85313509448558,4.0232950959870707e-32,0.85313509448558,2.7530671799207298e-21,0.14685786067681006,7.044837609676955e-06,1.1009793157182739e-17,45.98,35.45,13.61,4.96,2.18,29.27,2.86,3.75,3.44,2.23,E07000189,South Somerset,matched_reference,E07000189,South Somerset
2021,E07000192,Cannock Chase,8.816178,7.217409,3,0.9922979808131956,1.9066261863175094e-29,0.007701892884523105,2.9671552673237924e-28,0.9922979808131956,1.2630228144321317e-07,1.7477557392659493e-18,43.33,35.59,14.67,6.41,3.03,22.88,2.99,4.36,4.79,2.68,E07000192,Cannock Chase,matched_reference,E07000192,Cannock Chase
2021,E07000193,East Staffordshire,7.158199,8.584939,1,0.8682253455468523,2.922330576678597e-20,0.8682253455468523,7.663381729540999e-14,0.11988316588996022,0.01189148854011311,2.299751839247873e-11,46.54,35.47,13.16,4.83,2.84,22.56,3.76,4.71,3.74,3.36,E07000193,East Staffordshire,matched_reference,E07000193,East Staffordshire
2021,E07000194,Lichfield,8.873308,9.219225,1,0.9160946715459541,2.1095734302887663e-29,0.9160946715459541,9.608768964537163e-19,0.0838608697525864,4.445870145891454e-05,3.549838409139282e-16,47.11,34.82,13.08,4.99,2.44,28.1,3.34,3.51,3.11,2.53,E07000194,Lichfield,matched_reference,E07000194,Lichfield
2021,E07000195,Newcastle-under-Lyme,8.989208,8.166433,3,0.759035087663933,1.2148557617974194e-29,0.24096043503131095,8.014273058709899e-24,0.759035087663933,4.477304755882303e-06,2.7762523979622275e-17,43.95,35.3,14.5,6.26,2.87,25.36,6.61,3.56,4.48,2.2,E07000195,Newcastle-under-Lyme,matched_reference,E07000195,Newcastle-under-Lyme
2021,E07000196,South Staffordshire,8.555522,8.01164,3,0.8272257009237309,4.330593159157512e-27,0.17275598089843416,1.7971213848210853e-22,0.8272257009237309,1.8318177834392987e-05,4.884117432405809e-16,45.01,35.73,13.96,5.31,2.43,28.73,3.2,3.5,3.22,4.63,E07000196,South Staffordshire,matched_reference,E07000196,South Staffordshire
2021,E07000197,Stafford,8.923735,9.073447,1,0.8707860967456899,1.5790838273264796e-29,0.8707860967456899,1.6546396855723767e-19,0.12917934069151288,3.456256279729072e-05,2.3732181995004553e-16,46.78,35.02,13.3,4.9,2.31,27.24,3.21,3.39,3.39,2.58,E07000197,Stafford,matched_reference,E07000197,Stafford
2021,E07000198,Staffordshire Moorlands,9.453543,8.7154455,1,0.6260085959681977,2.1828462468613045e-32,0.6260085959681977,2.0924036487361996e-23,0.3739886061268545,2.7979049479965162e-06,3.5297826393245636e-18,44.66,35.45,14.25,5.64,1.99,30.3,3.02,3.04,3.76,2.18,E07000198,Staffordshire Moorlands,matched_reference,E07000198,Staffordshire Moorlands
2021,E07000199,Tamworth,8.378279,7.538706,3,0.9688048062906853,2.4716979015154327e-26,0.03118958328055435,4.135497726132525e-24,0.9688048062906853,5.610428759850351e-06,3.0537771452495877e-16,45.52,34.88,13.89,5.71,3.24,22.79,3.2,4.34,4.17,2.44,E07000199,Tamworth,matched_reference,E07000199,Tamworth
2021,E07000200,Babergh,9.341436,9.358259,1,0.9179816521928954,4.8086668445976424e-32,0.9179816521928954,3.497748669862831e-20,0.08200825459273893,1.009321436587676e-05,1.8024714588210228e-17,46.32,35.88,13.38,4.42,2.41,29.99,3.2,4.04,2.76,2.08,E07000200,Babergh,matched_reference,E07000200,Babergh
2021,E07000202,Ipswich,6.9255333,7.8477316,3,0.7287078300829529,3.2803860635740074e-18,0.2550659071083529,2.0300760057727405e-15,0.7287078300829529,0.016226262723109747,8.558258527092749e-11,45.64,35.78,13.54,5.05,3.66,19.57,4.11,5.09,4.5,3.14,E07000202,Ipswich,matched_reference,E07000202,Ipswich
2021,E07000203,Mid Suffolk,9.234391,9.632874,1,0.9616935466390992,1.0283411278695268e-31,0.9616935466390992,1.1102810979598052e-18,0.038289781053268246,1.667230763268493e-05,4.205298150149959e-17,46.94,35.99,12.86,4.22,2.01,28.63,2.98,3.68,2.73,2.01,E07000203,Mid Suffolk,matched_reference,E07000203,Mid Suffolk
2021,E07000207,Elmbridge,4.5430036,9.703725,1,0.9205959041241074,1.6886685451713106e-16,0.9205959041241074,0.0009136789465294042,2.976262602660462e-06,0.07848725121271188,1.8945404849827532e-07,58.91,29.53,8.7,2.87,2.78,20.96,4.76,5.69,1.95,2.28,E07000207,Elmbridge,matched_reference,E07000207,Elmbridge
2021,E07000208,Epsom and Ewell,5.714285,10.22937,1,0.9948246616787089,1.616296506122808e-20,0.9948246616787089,6.537104725043606e-06,9.68211095766516e-06,0.005159118694525052,4.110837234030321e-10,54.27,32.65,10.02,3.06,2.8,21.38,5.2,4.3,2.26,2.28,E07000208,Epsom and Ewell,matched_reference,E07000208,Epsom and Ewell
2021,E07000209,Guildford,2.345945,8.043772,4,0.9605994114123653,2.1918950166964085e-09,0.000526102257122539,0.03610262848587144,2.7606036672901834e-08,0.9605994114123653,0.002771828046708964,54.77,32.5,9.55,3.18,3.06,19.43,10.55,3.98,2.11,2.4,E07000209,Guildford,matched_reference,E07000209,Guildford
2021,E07000210,Mole Valley,6.268828,10.394489,1,0.9979876915077309,2.855131644294219e-22,0.9979876915077309,5.254995278505143e-07,2.3049284297938312e-05,0.0019887336759609915,3.248182881441734e-11,52.59,32.96,10.77,3.68,2.33,26.44,3.86,4.14,2.56,2.14,E07000210,Mole Valley,matched_reference,E07000210,Mole Valley
2021,E07000211,Reigate and Banstead,5.8066125,9.780925,1,0.9805892519007482,4.101245878401883e-19,0.9805892519007482,8.537724987417696e-07,7.234532697992054e-05,0.019337547631046205,1.368726905901075e-09,53.8,32.5,10.3,3.39,2.79,20.73,3.7,4.44,2.69,3.11,E07000211,Reigate and Banstead,matched_reference,E07000211,Reigate and Banstead
2021,E07000212,Runnymede,2.329115,7.9603,4,0.9704205170723041,3.966476315819841e-09,0.00033215731758294277,0.026083963460344445,2.9262657331293073e-08,0.9704205170723041,0.003163328920634954,52.37,33.43,10.61,3.59,3.64,19.26,9.82,4.19,2.2,2.51,E07000212,Runnymede,matched_reference,E07000212,Runnymede
2021,E07000213,Spelthorne,6.679888,9.294767,1,0.981256830866406,4.196438412950022e-20,0.981256830866406,2.5444987582547026e-10,0.0034547550054558796,0.015288413772882222,1.0080585052746421e-10,50.42,34.41,11.31,3.86,3.62,21.08,3.59,4.19,2.8,2.9,E07000213,Spelthorne,matched_reference,E07000213,Spelthorne
2021,E07000214,Surrey Heath,5.815291,10.2081585,1,0.9948671584238254,1.2146757853982891e-20,0.9948671584238254,3.4964132742709656e-06,1.3812628455012229e-05,0.005115532224503455,3.099419085544474e-10,53.81,32.79,10.18,3.23,2.82,22.96,3.8,4.16,2.16,2.62,E07000214,Surrey Heath,matched_reference,E07000214,Surrey Heath
2021,E07000215,Tandridge,6.103202,10.017525,1,0.9930351106997518,1.2779902714317069e-20,0.9930351106997518,3.313882324704189e-07,5.9897773352201125e-05,0.006904659941829185,1.9683411242168386e-10,52.25,32.95,11.02,3.78,2.65,23.87,4.1,4.37,2.56,2.34,E07000215,Tandridge,matched_reference,E07000215,Tandridge
2021,E07000216,Waverley,5.69694,10.244113,1,0.9950098992986552,1.540318921729365e-20,0.9950098992986552,7.52128618745995e-06,8.722785824134006e-06,0.004973856215320934,4.14012147720188e-10,54.65,32.1,10.05,3.2,2.31,24.72,5.58,4.56,2.32,1.92,E07000216,Waverley,matched_reference,E07000216,Waverley
2021,E07000217,Woking,5.6993036,9.808095,1,0.9797991423138989,5.778037071770339e-19,0.9797991423138989,1.80787904332059e-06,4.935563959097184e-05,0.02014969225535486,1.9121122479763297e-09,53.3,33.13,10.16,3.41,3.01,19.39,3.93,5.09,2.42,2.6,E07000217,Woking,matched_reference,E07000217,Woking
2021,E07000218,North Warwickshire,9.098981,8.227652,3,0.7237680674326773,2.7296986965509945e-30,0.2762285508476723,4.729191892763505e-24,0.7237680674326773,3.3817196501717085e-06,1.4446090904177548e-17,45.49,34.74,14.08,5.68,2.7,25.35,3.18,3.65,3.81,2.39,E07000218,North Warwickshire,matched_reference,E07000218,North Warwickshire
2021,E07000219,Nuneaton and Bedworth,8.529817,7.2559485,3,0.9908805980253604,1.4769313955654139e-27,0.009118749479549921,1.6706738804260173e-26,0.9908805980253604,6.524950894696111e-07,2.344503617259776e-17,44.31,35.38,14.44,5.87,3.2,23.2,3.57,4.46,4.52,2.92,E07000219,Nuneaton and Bedworth,matched_reference,E07000219,Nuneaton and Bedworth
2021,E07000220,Rugby,7.8159175,9.89213,1,0.9962937825308149,1.1591602240999692e-25,0.9962937825308149,1.3067492179398788e-12,0.003134639750363348,0.0005715777174014374,1.1335935557919651e-13,48.83,34.85,12.05,4.28,2.47,21.86,3.85,3.59,2.97,2.22,E07000220,Rugby,matched_reference,E07000220,Rugby
2021,E07000221,Stratford-on-Avon,7.769705,10.220895,1,0.9985028364478935,3.3142768657976813e-26,0.9985028364478935,1.4259686886245705e-11,0.001086552817088158,0.0004106107206677096,9.095706235039777e-14,49.64,34.28,12.02,4.07,2.02,27.99,3.21,3.52,2.45,1.99,E07000221,Stratford-on-Avon,matched_reference,E07000221,Stratford-on-Avon
2021,E07000222,Warwick,2.2737586,7.9278903,4,0.9672186850216223,5.098261420679691e-09,0.00025945920998799235,0.02875023955394282,2.3993913831734124e-08,0.9672186850216223,0.0037715871222713943,52.09,33.14,10.98,3.79,2.8,21.6,8.51,3.32,2.7,2.06,E07000222,Warwick,matched_reference,E07000222,Warwick
2021,E07000223,Adur,9.136977,8.150637,3,0.7763621679944368,1.4507058941263155e-30,0.22363567029155634,1.222762227799854e-24,0.7763621679944368,2.1617140071591754e-06,8.239837828222159e-18,45.35,34.97,14.11,5.56,2.73,27.16,3.52,3.91,3.81,2.55,E07000223,Adur,matched_reference,E07000223,Adur
2021,E07000224,Arun,9.678001,7.442372,3,0.977895398182938,6.212846030042101e-35,0.022104596070549796,1.5707899848471862e-31,0.977895398182938,5.746512262017928e-09,3.9581162596396224e-21,43.19,36.57,14.81,5.43,2.61,31.94,3.07,3.66,3.57,2.71,E07000224,Arun,matched_reference,E07000224,Arun
2021,E07000225,Chichester,8.357031,9.822605,1,0.9911300670408238,9.200244207041425e-28,0.9911300670408238,1.08990274052356e-14,0.008690174476032615,0.00017975848312576067,6.9473588133805865e-15,49.04,34.27,12.39,4.3,2.59,29.73,4.51,4.12,2.76,2.45,E07000225,Chichester,matched_reference,E07000225,Chichester
2021,E07000226,Crawley,6.0644016,8.414489,1,0.691370239361587,1.0889890246366252e-15,0.691370239361587,3.3217441942611444e-10,0.03900276968508721,0.2696269751096441,1.5511506406654015e-08,49.08,34.98,11.61,4.33,4.97,15.75,4.14,5.4,3.39,3.41,E07000226,Crawley,matched_reference,E07000226,Crawley
2021,E07000227,Horsham,7.1016083,10.431468,1,0.9990851997996395,1.4942512546573743e-24,0.9990851997996395,4.163092402858202e-09,0.0001501441656103858,0.0007646518704898626,1.1680375802236578e-12,51.47,33.95,11.05,3.53,2.41,26.25,3.54,3.84,2.16,1.99,E07000227,Horsham,matched_reference,E07000227,Horsham
2021,E07000228,Mid Sussex,6.342246,10.44168,1,0.9983438436889897,1.348234530068616e-22,0.9983438436889897,4.1515063323424434e-07,2.363794121742313e-05,0.0016321031976658975,2.149360545573263e-11,52.92,33.07,10.51,3.5,2.38,23.92,3.62,3.8,2.24,1.95,E07000228,Mid Sussex,matched_reference,E07000228,Mid Sussex
2021,E07000229,Worthing,9.11278,8.273377,3,0.6916480857274132,2.340318494162504e-30,0.308348206752794,6.902305208195367e-24,0.6916480857274132,3.7075197924764297e-06,1.5029349241002303e-17,45.27,35.64,13.85,5.24,2.97,25.9,3.28,3.41,3.92,2.53,E07000229,Worthing,matched_reference,E07000229,Worthing
2021,E07000234,Bromsgrove,7.4317083,10.291454,1,0.9988999295733859,3.305667013218637e-25,0.9988999295733859,2.282537805508886e-10,0.0004618826678115488,0.0006381875301689241,3.799677665430611e-13,50.67,33.12,11.8,4.41,2.45,27.08,3.94,3.17,2.72,2.33,E07000234,Bromsgrove,matched_reference,E07000234,Bromsgrove
2021,E07000235,Malvern Hills,9.29717,9.020175,1,0.8170372084836385,1.4467450041393655e-31,0.8170372084836385,2.3400559428245686e-21,0.18295426686700778,8.524649353883784e-06,1.7654503792854937e-17,46.46,34.89,13.64,5.01,2.31,31.28,3.97,3.63,3.31,2.15,E07000235,Malvern Hills,matched_reference,E07000235,Malvern Hills
2021,E07000236,Redditch,7.318853,8.513226,1,0.8080390336000607,7.660996718343127e-21,0.8080390336000607,1.039075093009011e-14,0.18468525772274355,0.007275708668429451,8.756344336876573e-12,46.51,35.18,13.13,5.18,3.07,21.74,3.49,4.27,3.96,2.7,E07000236,Redditch,matched_reference,E07000236,Redditch
2021,E07000237,Worcester,7.4547305,8.645061,1,0.8603445291211479,1.1097316247439325e-21,0.8603445291211479,7.458911269693364e-15,0.1351522727495187,0.004503198125909354,3.4167211347449965e-12,47.39,35.1,12.72,4.79,3.47,20.62,5.65,3.77,3.64,2.53,E07000237,Worcester,matched_reference,E07000237,Worcester
2021,E07000238,Wychavon,8.79219,9.416325,1,0.9546501633639942,3.28483639006753e-29,0.9546501633639942,1.0721263927654353e-17,0.04528919048793667,6.064614806843576e-05,6.190892546515356e-16,47.43,35.01,12.95,4.61,2.17,28.04,3.23,3.63,2.94,2.49,E07000238,Wychavon,matched_reference,E07000238,Wychavon
2021,E07000239,Wyre Forest,9.33398,7.3611574,3,0.9851689037346418,1.0778684217291405e-32,0.014831075779877528,3.5921394955851445e-30,0.9851689037346418,2.048548083976108e-08,4.67690388735942e-20,43.31,35.76,14.79,6.14,2.89,28.74,3.27,4.01,4.31,2.63,E07000239,Wyre Forest,matched_reference,E07000239,Wyre Forest
2021,E07000240,St Albans,4.7188973,9.811893,1,0.953204855327262,3.400317761233134e-17,0.953204855327262,0.00045685091861803355,3.148662740231863e-06,0.046335079108528014,6.598285221609853e-08,57.53,30.3,9.15,3.02,2.57,20.78,4.73,4.74,2.23,2.18,E07000240,St Albans,not_in_tableau_reference,E07000240,St Albans
2021,E07000241,Welwyn Hatfield,2.5618477,7.797899,4,0.993933878061974,1.0098022584142153e-08,0.00020072446538061005,0.0038643142535564174,1.1032010275034826e-07,0.993933878061974,0.002000962800963856,51.65,33.55,10.96,3.85,3.9,17.93,8.88,4.28,2.88,2.48,E07000241,Welwyn Hatfield,not_in_tableau_reference,E07000241,Welwyn Hatfield
2021,E07000242,East Hertfordshire,5.774153,10.282218,1,0.995837707090445,7.898656042801161e-21,0.995837707090445,5.568855564098501e-06,9.32478441841994e-06,0.004147398993709708,2.7586283592957857e-10,53.98,32.54,10.17,3.31,2.53,21.61,4.02,4.22,2.2,2.25,E07000242,East Hertfordshire,not_in_tableau_reference,E07000242,East Hertfordshire
2021,E07000243,Stevenage,6.944594,8.549918,1,0.8719718136314959,2.7529244467252497e-19,0.8719718136314959,4.2392610826244164e-13,0.10456315426661407,0.023465032012906138,8.856019089783795e-11,47.68,35.02,12.62,4.68,3.3,18.09,3.55,4.57,3.77,2.89,E07000243,Stevenage,not_in_tableau_reference,E07000243,Stevenage
2021,E07000244,East Suffolk,9.612395,7.3300343,3,0.9857431141652131,1.1773779067289708e-34,0.01425688155928711,7.20079918565331e-32,0.9857431141652131,4.2754997546125765e-09,3.772599940311082e-21,43.33,35.97,14.98,5.73,2.63,31.93,3.1,4.29,4.1,2.49,E07000244,East Suffolk,not_in_tableau_reference,E07000244,East Suffolk
2021,E07000245,West Suffolk,7.244829,8.945028,1,0.9588059325728377,2.3155680270615346e-21,0.9588059325728377,3.611834414574505e-13,0.03447627836166971,0.006717789056182879,8.948316515307347e-12,47.7,35.45,12.49,4.36,2.42,23.51,3.07,4.12,2.97,3.41,E07000245,West Suffolk,not_in_tableau_reference,E07000245,West Suffolk
2021,E07000246,Somerset West and Taunton,9.248101,8.701323,1,0.6354407990340857,3.7714143829221465e-31,0.6354407990340857,1.6691752998025183e-22,0.3645528924620285,6.308503886052127e-06,1.5620276591089676e-17,45.84,34.98,13.98,5.2,2.22,29.12,3.13,3.48,3.87,2.35,E07000246,Somerset West and Taunton,not_in_tableau_reference,E07000246,Somerset West and Taunton
2021,E08000001,Bolton,6.2941313,6.546635,3,0.9977396897637388,4.101255751459823e-15,0.0006044466908735776,1.1350022825435075e-18,0.9977396897637388,0.001655863413087133,1.3229591023366557e-10,48.0,32.7,13.15,6.15,3.92,21.05,5.46,6.43,5.44,3.7,E08000001,Bolton,matched_reference,E08000001,Bolton
2021,E08000002,Bury,7.348333,7.2832613,3,0.984137404025891,1.7269070314504224e-20,0.015597868716346146,3.166829744484073e-20,0.984137404025891,0.00026472725729766633,4.650609218528254e-13,48.21,32.97,13.26,5.56,3.22,22.1,4.84,4.73,4.69,3.29,E08000002,Bury,matched_reference,E08000002,Bury
2021,E08000003,Manchester,4.5846663,7.3961716,4,0.993096424526185,6.402035295593819e-10,0.0033743503610474887,8.508734319107865e-09,0.0035204891267176294,0.993096424526185,8.72683711220991e-06,50.83,31.43,11.77,5.97,5.71,10.65,13.06,6.59,5.87,4.63,E08000003,Manchester,matched_reference,E08000003,Manchester
2021,E08000004,Oldham,6.152798,6.4275393,3,0.9977524114645359,2.0175537968508298e-14,0.0003303239669946032,1.478166285739524e-18,0.9977524114645359,0.001917264306810212,2.616390425330154e-10,46.92,32.86,13.94,6.28,4.15,19.74,6.23,7.39,5.64,4.34,E08000004,Oldham,matched_reference,E08000004,Oldham
2021,E08000005,Rochdale,6.267771,6.44483,3,0.9985228399055481,5.047384451231452e-15,0.0003374342699617012,4.542177525475762e-19,0.9985228399055481,0.001139725718428776,1.0605670973261053e-10,46.9,32.94,13.74,6.41,3.78,20.13,5.42,6.57,5.91,4.2,E08000005,Rochdale,matched_reference,E08000005,Rochdale
2021,E08000006,Salford,3.0913806,6.732373,4,0.9987245549033036,3.5711589323953894e-06,4.946272447586502e-06,8.746390699317916e-07,2.037302572795596e-05,0.9987245549033036,0.00124568000051862,49.81,31.91,12.32,5.96,4.69,15.58,6.66,4.66,5.6,3.98,E08000006,Salford,matched_reference,E08000006,Salford
2021,E08000007,Stockport,8.148218,8.594533,1,0.7158031431439374,5.653116971169815e-25,0.7158031431439374,5.867531119169164e-18,0.2838002440275418,0.0003966128284860597,3.4524627895644046e-14,49.39,32.67,12.64,5.29,2.82,24.13,3.92,3.82,4.15,2.64,E08000007,Stockport,matched_reference,E08000007,Stockport
2021,E08000008,Tameside,7.463856,6.8205085,3,0.9985327643132029,1.7670428762654006e-21,0.0014520086131102519,2.4420784352190252e-23,0.9985327643132029,1.5227073663821613e-05,2.281836811089019e-14,45.31,33.71,14.37,6.61,3.47,21.36,4.18,4.96,5.63,3.34,E08000008,Tameside,matched_reference,E08000008,Tameside
2021,E08000009,Trafford,5.699876,9.641968,1,0.9666938571757936,2.19925509600082e-18,0.9666938571757936,1.0121527274095772e-06,9.769904765412995e-05,0.033207428289043474,3.3347810367934815e-09,53.1,30.97,11.28,4.65,2.99,21.46,4.94,4.32,3.72,2.65,E08000009,Trafford,matched_reference,E08000009,Trafford
2021,E08000010,Wigan,7.7120056,7.182505,3,0.9919939032129537,1.2264571564111987e-22,0.007979126703631406,1.2374345074074512e-22,0.9919939032129537,2.6970083400022996e-05,1.509790578992515e-14,46.27,33.46,14.03,6.24,3.08,23.27,3.57,4.07,5.4,3.06,E08000010,Wigan,matched_reference,E08000010,Wigan
2021,E08000011,Knowsley,8.119458,5.428995,3,0.9999991818609322,9.775420872403362e-28,8.180630820417448e-07,1.5509793574074094e-35,0.9999991818609322,7.598547892777674e-11,2.5743627225765267e-20,47.29,30.14,13.95,8.61,3.53,19.34,4.15,5.1,8.15,3.83,E08000011,Knowsley,matched_reference,E08000011,Knowsley
2021,E08000012,Liverpool,2.9994178,6.3170686,4,0.9974122251380323,5.5423993433097586e-05,7.281146727332399e-07,1.5244017725353974e-07,5.386631784131263e-05,0.9974122251380323,0.002477603995842976,47.69,30.93,13.4,7.98,4.77,16.68,10.98,4.87,7.57,4.08,E08000012,Liverpool,matched_reference,E08000012,Liverpool
2021,E08000013,St. Helens,8.333595,5.697511,3,0.9999958535002139,1.0850816189259511e-28,4.146354962644675e-06,4.835674677719284e-35,0.9999958535002139,1.4482374483521725e-10,1.9903447174619018e-20,45.16,32.73,14.6,7.51,3.13,24.55,3.54,4.42,6.53,2.96,E08000013,St. Helens,matched_reference,E08000013,St. Helens
2021,E08000014,Sefton,8.47015,5.8184614,3,0.9999914155104239,2.0900507422528765e-29,8.58433688077969e-06,4.6948991701119304e-35,0.9999914155104239,1.5269571983364368e-10,1.2208632591841646e-20,46.36,32.29,14.35,7.01,3.04,26.64,3.89,3.91,5.93,2.99,E08000014,Sefton,matched_reference,E08000014,Sefton
2021,E08000015,Wirral,8.428428,5.6605973,3,0.9999964101097935,1.972551648464132e-29,3.589825266307041e-06,7.556169392768838e-36,0.9999964101097935,6.494025248830603e-11,6.5190556673698305e-21,46.49,32.07,14.17,7.27,2.87,25.96,4.26,4.22,6.51,2.96,E08000015,Wirral,matched_reference,E08000015,Wirral
2021,E08000016,Barnsley,7.931199,6.1237226,3,0.9999642512555024,3.185683158596739e-25,3.572569727553021e-05,5.354776552952179e-30,0.9999642512555024,2.304722220175273e-08,1.0216579291362478e-17,43.35,33.61,15.54,7.51,2.92,23.7,3.3,4.89,6.27,3.01,E08000016,Barnsley,matched_reference,E08000016,Barnsley
2021,E08000017,Doncaster,7.367215,6.5427475,3,0.9996476407066127,3.618787397073231e-21,0.00034666735794899466,2.170902583126602e-24,0.9996476407066127,5.6919354247239305e-06,1.3562002821175419e-14,44.32,34.11,14.71,6.86,3.35,23.25,3.52,5.29,5.54,4.1,E08000017,Doncaster,matched_reference,E08000017,Doncaster
2021,E08000018,Rotherham,7.561585,6.4180503,3,0.9998278892231539,1.7560089620805153e-22,0.00017110765872544592,3.61931500371106e-26,0.9998278892231539,1.0031181193177207e-06,1.334038415541722e-15,44.15,34.03,14.78,7.04,3.18,23.9,3.78,5.33,5.84,3.33,E08000018,Rotherham,matched_reference,E08000018,Rotherham
2021,E08000019,Sheffield,2.6957214,6.736082,4,0.9961089259317824,8.255030085071248e-06,1.736511858994016e-06,7.917112030071796e-06,2.7683500230576416e-06,0.9961089259317824,0.003870397064220443,46.66,33.74,13.57,6.03,3.96,20.13,9.89,4.94,4.79,3.25,E08000019,Sheffield,matched_reference,E08000019,Sheffield
2021,E08000021,Newcastle upon Tyne,2.8766987,6.438801,4,0.9968212383710856,3.581507903761836e-05,8.140045713998153e-07,5.945975833864071e-07,1.8411512551665902e-05,0.9968212383710856,0.003123126435170014,48.39,32.19,13.1,6.33,4.76,17.3,13.75,5.0,5.21,3.63,E08000021,Newcastle upon Tyne,matched_reference,E08000021,Newcastle upon Tyne
2021,E08000022,North Tyneside,7.9369817,7.3796654,3,0.9817814401713961,8.217052039037717e-24,0.01819570328246355,1.0243817217838979e-22,0.9817814401713961,2.285654613482892e-05,5.640375771816114e-15,46.02,33.31,14.45,6.22,3.27,25.07,3.57,3.87,4.79,2.72,E08000022,North Tyneside,matched_reference,E08000022,North Tyneside
2021,E08000023,South Tyneside,7.644508,5.958152,3,0.9999862188824871,1.2882871538994209e-23,1.3741067605608728e-05,2.186999650760705e-29,0.9999862188824871,4.0049907177303515e-08,5.185435561332449e-17,43.75,33.07,15.52,7.66,4.36,24.72,4.17,5.34,6.45,3.42,E08000023,South Tyneside,matched_reference,E08000023,South Tyneside
2021,E08000024,Sunderland,7.777555,5.851922,3,0.9999922229563516,1.203230442356175e-24,7.767414008567374e-06,8.326146592491296e-31,0.9999922229563516,9.629639870942429e-09,8.397025785024461e-18,43.13,33.0,15.87,8.0,3.89,24.66,4.61,5.04,6.6,3.38,E08000024,Sunderland,matched_reference,E08000024,Sunderland
2021,E08000025,Birmingham,4.9616833,7.3148685,4,0.9644847499623014,1.8232161115578435e-10,0.008131102188648343,5.476459807220446e-10,0.027381236373961504,0.9644847499623014,2.9107451213686953e-06,47.56,33.28,13.17,5.99,5.88,15.57,10.02,8.22,5.43,5.14,E08000025,Birmingham,matched_reference,E08000025,Birmingham
2021,E08000026,Coventry,2.6845448,6.626613,4,0.9955013763908342,1.68360211793877e-05,1.0440272070377169e-06,4.725540208400361e-06,3.68459693653624e-06,0.9955013763908342,0.004472333423634425,48.55,33.63,12.46,5.36,4.89,17.27,10.48,5.11,4.54,3.48,E08000026,Coventry,matched_reference,E08000026,Coventry
2021,E08000027,Dudley,8.405541,7.126863,3,0.9947932539944004,6.426978519272566e-27,0.005206126872739632,1.358894539400451e-26,0.9947932539944004,6.191328596527237e-07,3.5297043718121025e-17,43.85,35.43,14.65,6.07,3.76,24.25,4.21,5.2,4.52,2.96,E08000027,Dudley,matched_reference,E08000027,Dudley
2021,E08000028,Sandwell,6.0916815,6.426352,3,0.9970247374002377,4.222413426194324e-14,0.0003432427099569192,3.0447186121093927e-18,0.9970247374002377,0.0026320194520779274,4.376849480469905e-10,44.86,34.16,14.35,6.64,5.31,17.39,6.21,7.6,5.79,4.67,E08000028,Sandwell,matched_reference,E08000028,Sandwell
2021,E08000029,Solihull,7.9665275,8.753874,1,0.843992120159477,2.9682667454987437e-24,0.843992120159477,1.3098495889153787e-16,0.15519102851645047,0.0008168513239504932,1.2198610702212473e-13,49.25,33.38,12.4,4.96,3.16,25.75,4.37,4.56,3.53,2.51,E08000029,Solihull,matched_reference,E08000029,Solihull
2021,E08000030,Walsall,6.2963295,6.456708,3,0.998603872850868,3.60228217134246e-15,0.0003550201272098672,3.715189799251583e-19,0.998603872850868,0.0010411069342817776,8.763684392981287e-11,44.41,34.38,14.63,6.58,4.47,20.81,5.42,7.0,5.55,3.63,E08000030,Walsall,matched_reference,E08000030,Walsall
2021,E08000031,Wolverhampton,6.1208925,6.3543696,3,0.9982171749837714,2.7417472082196434e-14,0.0002172404728614284,8.968442033772476e-19,0.9982171749837714,0.0015655842942718864,2.490680245817733e-10,44.84,34.39,14.43,6.35,5.6,19.16,5.82,6.61,5.27,4.14,E08000031,Wolverhampton,matched_reference,E08000031,Wolverhampton
2021,E08000032,Bradford,6.0740724,6.4581423,3,0.9961941112919298,5.3827918003499285e-14,0.00042141035180698653,5.507253890555977e-18,0.9961941112919298,0.003384477773519189,5.826901626781258e-10,46.14,34.53,13.38,5.95,4.3,18.86,6.6,8.1,5.23,4.46,E08000032,Bradford,matched_reference,E08000032,Bradford
2021,E08000033,Calderdale,7.4651027,7.218691,3,0.9892224724015025,3.478596416212626e-21,0.010667553172256988,3.646356523508231e-21,0.9892224724015025,0.00010997442610446858,1.360468880553869e-13,46.61,34.19,13.51,5.69,3.22,23.49,4.3,4.85,4.91,3.19,E08000033,Calderdale,matched_reference,E08000033,Calderdale
2021,E08000034,Kirklees,6.9107575,7.4764323,3,0.9406058990124073,4.577248789560835e-18,0.054334974518312575,4.6417984334426157e-17,0.9406058990124073,0.00505912643615598,3.312395822450872e-11,46.56,34.5,13.39,5.55,3.5,21.86,5.82,5.79,4.7,3.43,E08000034,Kirklees,matched_reference,E08000034,Kirklees
2021,E08000035,Leeds,2.6723144,6.829499,4,0.9962146649191018,4.766723597331282e-06,2.47627217869172e-06,1.4689467879702143e-05,1.8598736338556425e-06,0.9962146649191018,0.003761542743608556,49.52,33.29,12.18,5.02,4.11,18.9,8.6,4.24,4.14,3.2,E08000035,Leeds,matched_reference,E08000035,Leeds
2021,E08000036,Wakefield,7.709037,6.979756,3,0.997004416656189,8.624654981746647e-23,0.002985702273359575,9.625195975248865e-24,0.997004416656189,9.881070445471053e-06,6.103614927919299e-15,44.71,34.29,14.46,6.55,2.96,23.3,3.27,4.53,5.42,3.27,E08000036,Wakefield,matched_reference,E08000036,Wakefield
2021,E08000037,Gateshead,7.8055987,6.0013638,3,0.9999820413868036,1.3597130914453027e-24,1.793718588027269e-05,4.87454347779583e-30,0.9999820413868036,2.142731607963902e-08,1.5601395976087422e-17,43.75,33.53,15.35,7.36,3.71,24.19,4.4,4.39,5.88,3.32,E08000037,Gateshead,not_in_tableau_reference,E08000037,Gateshead
2021,E09000001,City of London,3.0984178,8.590442,4,0.961596901513887,2.8819541367090494e-11,0.0204717184546101,0.017699756722956088,3.3584068244007936e-07,0.961596901513887,0.00023128743904513268,57.52,31.76,8.0,2.71,4.09,12.41,9.0,2.4,1.55,3.71,E09000001,City of London,matched_reference,E09000001,City of London
2021,E09000002,Barking and Dagenham,4.8260574,7.5511312,4,0.982924484565378,1.0356873062754625e-10,0.010394461091908355,5.469331488625512e-09,0.006677279144184784,0.982924484565378,3.7696256285200097e-06,51.14,32.89,11.1,4.87,5.61,10.49,7.84,8.23,4.52,4.82,E09000002,Barking and Dagenham,matched_reference,E09000002,Barking and Dagenham
2021,E09000003,Barnet,4.5660424,8.371758,4,0.9305941427190881,3.454717844438624e-12,0.06917039102025928,3.3835278708568386e-06,0.00022766694108489636,0.9305941427190881,4.4157882417287255e-06,54.86,31.03,10.1,4.02,4.39,14.93,6.99,6.13,3.25,4.13,E09000003,Barnet,matched_reference,E09000003,Barnet
2021,E09000004,Bexley,5.952434,9.041869,1,0.8907215380236462,4.2651122147812804e-17,0.8907215380236462,1.6843089705484258e-08,0.0021867434421227357,0.10709169514943195,6.5417092048172855e-09,50.79,33.42,11.47,4.33,3.76,19.97,5.11,4.84,3.03,3.04,E09000004,Bexley,matched_reference,E09000004,Bexley
2021,E09000005,Brent,4.7979784,7.692163,4,0.981841973385714,5.6447161680107537e-11,0.014357115315090492,1.5473280233441108e-08,0.0037971836934073224,0.981841973385714,3.7120760604714572e-06,52.03,32.75,10.85,4.37,5.45,12.1,8.01,7.07,3.75,5.12,E09000005,Brent,matched_reference,E09000005,Brent
2021,E09000006,Bromley,5.651547,9.772254,1,0.9762190262000618,9.874165035635904e-19,0.9762190262000618,2.1378167323386864e-06,5.0534004926597454e-05,0.023728299371030936,2.6072481214364487e-09,53.4,32.42,10.38,3.8,3.38,20.89,4.53,4.63,2.74,2.67,E09000006,Bromley,matched_reference,E09000006,Bromley
2021,E09000007,Camden,3.8157012,8.5537405,4,0.9584099950039616,1.0374451495771462e-11,0.04108646274104187,0.0004632489590821862,6.964906013677122e-06,0.9584099950039616,3.332837952660188e-05,55.53,29.35,10.05,5.08,5.07,10.76,12.39,5.44,4.56,4.16,E09000007,Camden,matched_reference,E09000007,Camden
2021,E09000008,Croydon,4.792378,8.167963,4,0.9417551683637261,4.613659727833625e-12,0.05726165180662993,2.928635491013434e-07,0.0009802402684907041,0.9417551683637261,2.6466929904699345e-06,51.2,33.45,11.09,4.26,4.75,15.48,5.89,5.29,3.58,3.99,E09000008,Croydon,matched_reference,E09000008,Croydon
2021,E09000009,Ealing,4.836535,7.874052,4,0.9706023465771347,1.857034665990691e-11,0.026742095047973206,3.818401855464533e-08,0.002652622062730028,0.9706023465771347,2.898109573059833e-06,52.45,32.79,10.59,4.17,5.17,12.86,7.41,7.23,3.48,4.59,E09000009,Ealing,matched_reference,E09000009,Ealing
2021,E09000010,Enfield,4.850714,7.7071223,4,0.9781575321664197,4.173056766826576e-11,0.017219495377720127,1.2532048215843533e-08,0.004619828082137121,0.9781575321664197,3.131799944629211e-06,50.64,33.01,11.46,4.89,4.72,15.6,7.08,7.24,4.25,5.16,E09000010,Enfield,matched_reference,E09000010,Enfield
2021,E09000011,Greenwich,4.3549414,8.164035,4,0.9768411938559651,2.3030421982452777e-11,0.02299649631104366,3.1172914734127224e-06,0.00014947454014330018,0.9768411938559651,9.717978344043183e-06,52.73,31.97,10.71,4.6,5.34,11.81,6.52,5.53,4.17,4.41,E09000011,Greenwich,matched_reference,E09000011,Greenwich
2021,E09000012,Hackney,3.8813932,8.610367,4,0.9431302791829452,6.2589556401263474e-12,0.05638046335969831,0.00045468207627328904,8.275520703832141e-06,0.9431302791829452,2.6299854119969484e-05,56.66,28.41,9.92,5.01,5.47,7.82,7.68,5.27,4.98,4.67,E09000012,Hackney,matched_reference,E09000012,Hackney
2021,E09000013,Hammersmith and Fulham,3.9422646,8.724826,4,0.9040649218217048,2.6293038089040293e-12,0.09528651178029976,0.0006201866341765429,8.6464679346186e-06,0.9040649218217048,1.9733293255301054e-05,59.0,27.97,8.9,4.12,4.96,10.0,8.53,5.1,3.74,4.22,E09000013,Hammersmith and Fulham,matched_reference,E09000013,Hammersmith and Fulham
2021,E09000014,Haringey,4.2881584,8.174574,4,0.9789497260431794,2.693336639694075e-11,0.02092468327952784,4.735219511716416e-06,0.00010915154779840114,0.9789497260431794,1.1703883049195269e-05,53.05,31.72,10.37,4.86,5.53,10.67,6.82,5.44,4.39,4.92,E09000014,Haringey,matched_reference,E09000014,Haringey
2021,E09000015,Harrow,4.881308,8.19921,4,0.9231081476896214,2.7144213085194264e-12,0.0755720545984999,2.144374286477974e-07,0.0013176186368970648,0.9231081476896214,1.9646348388153426e-06,51.51,33.92,10.68,3.89,4.06,16.52,6.79,6.46,2.81,3.72,E09000015,Harrow,matched_reference,E09000015,Harrow
2021,E09000016,Havering,6.1671157,8.901753,1,0.8978524567485805,2.4696819917434482e-17,0.8978524567485805,1.8091300566293314e-09,0.006330569837122427,0.09581696831032621,3.2948408395038614e-09,49.9,33.97,11.69,4.44,3.65,20.97,4.62,5.14,3.08,3.04,E09000016,Havering,matched_reference,E09000016,Havering
2021,E09000017,Hillingdon,4.797954,8.009159,4,0.9622694680652929,1.0636011187216642e-11,0.03619425532009057,1.0864832197460447e-07,0.0015332227920149463,0.9622694680652929,2.945163643145934e-06,51.31,33.91,10.82,3.96,4.81,15.53,7.2,6.45,2.94,4.03,E09000017,Hillingdon,matched_reference,E09000017,Hillingdon
2021,E09000018,Hounslow,4.7880993,7.9465656,4,0.9688570777245256,1.5454502180325632e-11,0.029396522499801087,7.839235965681534e-08,0.0017431420711044691,0.9688570777245256,3.1792967546284536e-06,51.92,33.42,10.52,4.14,5.16,12.9,6.28,7.16,3.25,4.55,E09000018,Hounslow,matched_reference,E09000018,Hounslow
2021,E09000019,Islington,3.8914177,8.531789,4,0.957968538236837,9.933876860939886e-12,0.041712974426795085,0.0002811764480864776,9.897566543695806e-06,0.957968538236837,2.741331180364717e-05,54.8,29.28,10.37,5.54,5.41,9.18,8.64,4.68,5.28,4.2,E09000019,Islington,matched_reference,E09000019,Islington
2021,E09000020,Kensington and Chelsea,3.9130116,8.681847,4,0.9215228437696343,3.706950011557314e-12,0.07787535949289474,0.0005710560190865171,8.302126788528659e-06,0.9215228437696343,2.243858788855865e-05,59.61,26.71,9.2,4.48,4.58,13.06,10.3,6.9,3.88,4.86,E09000020,Kensington and Chelsea,matched_reference,E09000020,Kensington and Chelsea
2021,E09000021,Kingston upon Thames,5.070838,9.155478,1,0.7198505071041874,2.5876051872574978e-15,0.7198505071041874,9.201854771393615e-06,0.0001379976928507279,0.2800020890259646,2.0432222348764807e-07,54.12,32.56,9.94,3.37,3.87,16.1,7.45,5.1,2.53,2.84,E09000021,Kingston upon Thames,matched_reference,E09000021,Kingston upon Thames
2021,E09000022,Lambeth,3.9926834,8.45391,4,0.9643121107714027,1.2363259407868808e-11,0.03553927752051078,0.00010927555572658325,1.7387587593642283e-05,0.9643121107714027,2.1948552402807054e-05,56.2,30.29,9.52,3.99,5.33,8.29,6.6,3.93,3.71,4.17,E09000022,Lambeth,matched_reference,E09000022,Lambeth
2021,E09000023,Lewisham,4.1968637,8.155247,4,0.9835542786844494,4.001104376022533e-11,0.01634678575772755,6.864384706097826e-06,7.660894068629364e-05,0.9835542786844494,1.5462192419607922e-05,53.12,32.04,10.52,4.33,5.72,10.49,6.52,4.76,4.05,4.23,E09000023,Lewisham,matched_reference,E09000023,Lewisham
2021,E09000024,Merton,5.0733776,8.989625,1,0.5967119004012775,8.906342640701888e-15,0.5967119004012775,4.6521251537423464e-06,0.0002588721323050719,0.40302425837570005,3.169655550356983e-07,54.9,32.06,9.65,3.39,3.96,13.94,5.5,5.79,2.53,3.43,E09000024,Merton,matched_reference,E09000024,Merton
2021,E09000025,Newham,4.8327627,7.506294,4,0.9827004633092553,1.264607503837999e-10,0.009350131632092364,3.973062489476678e-09,0.00794558879662343,0.9827004633092553,3.8121625058283456e-06,51.41,33.29,10.77,4.52,6.26,7.69,8.72,9.03,3.87,5.26,E09000025,Newham,matched_reference,E09000025,Newham
2021,E09000026,Redbridge,4.9058046,7.809113,4,0.9691702179065825,1.9413969660654836e-11,0.0264553276343808,1.7190855077128678e-08,0.004371974571168869,0.9691702179065825,2.4626775985423776e-06,51.31,34.02,10.64,4.03,4.48,14.08,7.57,8.05,3.08,4.22,E09000026,Redbridge,matched_reference,E09000026,Redbridge
2021,E09000027,Richmond upon Thames,4.422722,9.583266,1,0.8655508030058848,7.7606903710521e-16,0.8655508030058848,0.0013281020800712967,3.4798612923783354e-06,0.13311714246025014,4.725925010436967e-07,59.38,29.22,8.36,3.04,3.37,18.12,5.96,5.08,2.24,2.62,E09000027,Richmond upon Thames,matched_reference,E09000027,Richmond upon Thames
2021,E09000028,Southwark,3.8896098,8.568674,4,0.9513753988662064,7.949419361543378e-12,0.04824118133303827,0.0003475348037649791,9.205919403430081e-06,0.9513753988662064,2.667906963761594e-05,55.79,30.34,9.75,4.12,5.57,8.55,8.41,4.16,3.91,4.22,E09000028,Southwark,matched_reference,E09000028,Southwark
2021,E09000029,Sutton,5.770429,9.064007,1,0.8600958435009672,1.1734319422357708e-16,0.8600958435009672,6.709060719884362e-08,0.0012998558437613411,0.13860421931870037,1.4245963925726127e-08,51.42,34.02,10.64,3.92,3.37,17.68,4.95,5.1,3.07,2.92,E09000029,Sutton,matched_reference,E09000029,Sutton
2021,E09000030,Tower Hamlets,4.766054,7.510617,4,0.9864115823130517,1.6528255098908334e-10,0.007843999338511048,6.0262589057508e-09,0.005739759103974968,0.9864115823130517,4.653052920461954e-06,52.97,32.13,10.05,4.86,5.99,5.82,9.57,8.43,4.02,4.73,E09000030,Tower Hamlets,matched_reference,E09000030,Tower Hamlets
2021,E09000031,Waltham Forest,4.6937943,8.016911,4,0.9698430898162361,1.541652857738307e-11,0.0292032543519948,2.0396946840410936e-07,0.0009494499532122064,0.9698430898162361,4.001893672103792e-06,51.52,33.46,10.63,4.39,5.16,11.55,6.18,6.14,3.53,4.26,E09000031,Waltham Forest,matched_reference,E09000031,Waltham Forest
2021,E09000032,Wandsworth,4.132808,9.185206,4,0.5161859673159527,6.222640263628832e-14,0.48182467948743635,0.0019781863039177628,6.152944358382272e-06,0.5161859673159527,5.013948272702213e-06,60.63,28.07,8.17,3.13,4.02,9.84,5.93,4.59,2.69,3.32,E09000032,Wandsworth,matched_reference,E09000032,Wandsworth
2021,E09000033,Westminster,3.8562133,8.637556,4,0.9385026479705358,5.601921505029283e-12,0.06086535881671331,0.0005973224740622743,7.124671334652459e-06,0.9385026479705358,2.7546061751716706e-05,56.32,28.88,9.71,5.09,4.81,10.89,11.08,6.31,4.78,4.8,E09000033,Westminster,matched_reference,E09000033,Westminster
2021,W06000001,Isle of Anglesey,8.254874,7.797599,3,0.9084961520233845,2.0539228212142414e-25,0.0914719665980498,4.359818749435631e-22,0.9084961520233845,3.188137856335829e-05,2.4090651081053095e-15,47.6,31.85,14.83,5.72,2.91,30.55,3.99,4.1,4.75,2.61,W06000001,Isle of Anglesey,matched_reference,W06000001,Isle of Anglesey
2021,W06000002,Gwynedd,8.0060625,8.443103,1,0.6159338667552392,4.259646735826571e-24,0.6159338667552392,6.552590588639094e-18,0.3834852370862873,0.0005808961583911524,8.225594414371778e-14,49.94,31.55,13.35,5.17,3.22,25.88,7.6,3.5,4.2,2.7,W06000002,Gwynedd,matched_reference,W06000002,Gwynedd
2021,W06000003,Conwy,8.598895,6.459809,3,0.9997643649097051,3.9914904654058204e-29,0.0002356302101120614,1.1001094662753046e-31,0.9997643649097051,4.880182855759386e-09,1.8600829294725212e-19,44.53,33.42,15.5,6.56,2.98,30.82,3.76,3.82,5.4,2.67,W06000003,Conwy,matched_reference,W06000003,Conwy
2021,W06000004,Denbighshire,8.545924,5.922035,3,0.9999845620614443,9.846098790117309e-30,1.543773732381456e-05,8.023201036051842e-35,0.9999845620614443,2.012316161388766e-10,1.1722654633216443e-20,45.0,32.62,15.26,7.13,2.78,28.38,4.05,4.18,6.22,2.63,W06000004,Denbighshire,matched_reference,W06000004,Denbighshire
2021,W06000005,Flintshire,8.353075,8.451963,1,0.5568228861839657,5.95130959884828e-26,0.5568228861839657,1.9167118278685463e-19,0.44302789502094053,0.0001492187950866975,6.95846930915283e-15,47.39,33.45,13.5,5.66,2.77,25.64,3.57,3.59,4.32,2.25,W06000005,Flintshire,matched_reference,W06000005,Flintshire
2021,W06000006,Wrexham,7.7792015,7.1200795,3,0.9942162079167558,4.3778076276491564e-23,0.005769664726115649,2.5014306030939515e-23,0.9942162079167558,1.4127357121874521e-05,6.507935782316069e-15,45.45,34.04,14.3,6.22,2.94,23.81,4.4,4.05,5.12,3.63,W06000006,Wrexham,matched_reference,W06000006,Wrexham
2021,W06000008,Ceredigion,7.941759,8.176288,3,0.6308052510115042,1.3540781911887192e-23,0.3687294534023967,1.0032281148429064e-18,0.6308052510115042,0.0004652955860126763,8.683476950133513e-14,45.04,33.65,15.22,6.08,3.01,27.69,10.02,3.45,4.45,2.33,W06000008,Ceredigion,matched_reference,W06000008,Ceredigion
2021,W06000009,Pembrokeshire,8.591766,6.24569,3,0.9999179201439763,1.909035307627299e-29,8.207853904690796e-05,5.347864306793943e-33,0.9999179201439763,1.3169769873395867e-09,5.635108582578513e-20,44.74,33.4,15.08,6.78,2.7,29.55,3.46,4.64,5.49,2.71,W06000009,Pembrokeshire,matched_reference,W06000009,Pembrokeshire
2021,W06000010,Carmarthenshire,8.464472,5.7517247,3,0.9999940041049773,1.6848977563397965e-29,5.995795403418837e-06,1.847042938810472e-35,0.9999940041049773,9.961957175669016e-11,8.403877581672946e-21,45.12,31.69,15.7,7.49,2.52,27.76,4.13,4.05,6.24,2.58,W06000010,Carmarthenshire,matched_reference,W06000010,Carmarthenshire
2021,W06000011,Swansea,8.390422,5.6369543,3,0.9999969172036202,3.270229003832353e-29,3.082727891087702e-06,8.870533900834561e-36,0.9999969172036202,6.848878954657841e-11,7.958942681855041e-21,47.73,30.94,13.99,7.34,3.42,23.89,8.41,4.19,6.33,2.92,W06000011,Swansea,matched_reference,W06000011,Swansea
2021,W06000012,Neath Port Talbot,8.134939,5.412066,3,0.999999250329337,7.033639911823231e-28,7.496091652547785e-07,9.672696333148137e-36,0.999999250329337,6.14980483062738e-11,1.9926011039535936e-20,45.39,30.37,15.43,8.8,2.77,25.11,5.39,4.76,8.25,3.2,W06000012,Neath Port Talbot,matched_reference,W06000012,Neath Port Talbot
2021,W06000013,Bridgend,8.285017,5.5643597,3,0.9999980621285608,1.2805054162314311e-28,1.937795834116269e-06,1.2468452782873627e-35,0.9999980621285608,7.560550516576116e-11,1.3244498785165617e-20,45.88,31.72,14.84,7.56,2.93,24.67,3.98,4.45,6.76,3.66,W06000013,Bridgend,matched_reference,W06000013,Bridgend
2021,W06000014,Vale of Glamorgan,8.158369,8.29362,3,0.5577224155117103,8.184233624573795e-25,0.4420335402877344,3.199539724482482e-19,0.5577224155117103,0.00024404420053321545,2.204343203701528e-14,48.51,32.25,13.29,5.96,2.83,26.12,4.34,3.82,4.68,2.44,W06000014,The Vale of Glamorgan,matched_reference,W06000014,Vale of Glamorgan
2021,W06000015,Cardiff,2.7436967,6.59207,4,0.9960596791890989,1.857434813746528e-05,1.056434516883937e-06,2.840686828416909e-06,5.558700915086939e-06,0.9960596791890989,0.0039122906405033644,50.12,31.79,12.18,5.9,4.15,16.86,12.14,4.62,5.01,3.08,W06000015,Cardiff,matched_reference,W06000015,Cardiff
2021,W06000016,Rhondda Cynon Taff,8.215607,5.5326257,3,0.999998442683306,3.381123281990575e-28,1.557226268197417e-06,1.996786615267022e-35,0.999998442683306,9.042618762038901e-11,2.058360055190202e-20,44.53,31.74,15.51,8.22,3.21,23.21,5.04,4.59,7.58,3.04,W06000016,Rhondda Cynon Taf,matched_reference,W06000016,Rhondda Cynon Taf
2021,W06000018,Caerphilly,8.086701,5.533286,3,0.9999985462448426,2.669953232853195e-27,1.4535631446024247e-06,1.1821522838098822e-34,0.9999985462448426,1.9201282553309786e-10,6.870264592891771e-20,43.72,32.09,15.71,8.47,3.06,23.62,4.08,4.81,7.57,2.9,W06000018,Caerphilly,matched_reference,W06000018,Caerphilly
2021,W06000019,Blaenau Gwent,7.8773904,5.6000013,3,0.9999980738987015,9.604916129432993e-26,1.9250803722978836e-06,5.539718609269197e-33,0.9999980738987015,1.0209262865264801e-09,7.297013083963785e-19,41.05,32.68,16.76,9.51,3.36,23.23,3.58,5.33,9.11,3.16,W06000019,Blaenau Gwent,matched_reference,W06000019,Blaenau Gwent
2021,W06000020,Torfaen,8.011022,6.022712,3,0.9999788702253593,6.584540613951463e-26,2.1121955357140748e-05,4.432880892984255e-31,0.9999788702253593,7.81928345253808e-09,2.7786027508936336e-18,42.63,33.92,15.54,7.91,3.04,24.86,3.74,4.6,6.8,2.83,W06000020,Torfaen,matched_reference,W06000020,Torfaen
2021,W06000021,Monmouthshire,9.053718,8.486818,3,0.5140062877904044,5.785809000487981e-30,0.485984861608241,1.4504177097463162e-22,0.5140062877904044,8.850601354995451e-06,4.232068245364777e-17,46.44,34.3,13.61,5.65,2.21,29.24,3.61,3.54,3.91,2.75,W06000021,Monmouthshire,matched_reference,W06000021,Monmouthshire
2021,W06000022,Newport,7.4257774,6.8640733,3,0.9981343355802591,3.2230636233350097e-21,0.0018424352680517914,6.787027997318712e-23,0.9981343355802591,2.322915165029422e-05,3.863189512427138e-14,46.59,33.01,13.75,6.65,3.54,20.54,4.5,5.06,5.82,3.42,W06000022,Newport,matched_reference,W06000022,Newport
2021,W06000023,Powys,9.031606,7.791031,3,0.927366346694945,3.521132094288063e-30,0.07263286905305727,4.6121800019591275e-26,0.927366346694945,7.842519977816418e-07,4.536891291818276e-18,44.54,34.5,15.08,5.88,2.07,29.48,3.39,3.56,4.24,2.42,W06000023,Powys,matched_reference,W06000023,Powys
2021,W06000024,Merthyr Tydfil,8.113632,5.3422813,3,0.9999995045652376,7.109117516015734e-28,4.953925484675976e-07,4.4663851643268716e-36,0.9999995045652376,4.2213624690261665e-11,1.536412932337197e-20,45.41,30.23,15.02,9.34,3.25,22.11,4.14,4.75,8.61,3.38,W06000024,Merthyr Tydfil,matched_reference,W06000024,Merthyr Tydfil
